origin_date,sku,product_name,category,subcategory,recommendation_code,recommendation_title,recommended_action,priority,priority_rank,rationale,triggering_risk,confidence_status,required_follow_up,current_stock,on_order,lead_time_days,safety_stock,reorder_point,avg_weekly_demand,weeks_of_cover,excess_weeks_of_cover,earliest_breach_week,earliest_stockout_week,projected_stockout_date,valuation_basis_confirmed,arrival_timing_confirmed,on_order_policy,overstock_threshold_weeks,overstock_threshold_status,monetary_valuation_blocked
2025-03-04,SKU010,,,,EXPEDITE_PO,Expedite Inbound Shipment,Expedite existing inbound purchase order of 6 units immediately or arrange emergency split-shipment. Physical stock of 43 units will be depleted in week 1.,1 — CRITICAL,1,"Projected inventory position drops to -102 units (stockout) in week 1, which is within the supplier lead time of 12 days. Open orders exist but require delivery acceleration.",STOCKOUT_IMMINENT,HIGH_CONFIDENCE,Contact supplier within 24 hours to expedite shipment and obtain tracking confirmation.,43.0,6.0,12.0,10.0,46.0,150.4100465450145,0.325776110875249,0.0,1.0,1.0,2025-03-11,False,False,Policy_B_LT,8,ENGINEERING_RECOMMENDATION_PENDING_BUSINESS_APPROVAL,True
2025-03-04,SKU012,,,,EXPEDITE_PO,Expedite Inbound Shipment,Expedite existing inbound purchase order of 57 units immediately or arrange emergency split-shipment. Physical stock of 59 units will be depleted in week 1.,1 — CRITICAL,1,"Projected inventory position drops to -152 units (stockout) in week 1, which is within the supplier lead time of 13 days. Open orders exist but require delivery acceleration.",STOCKOUT_IMMINENT,HIGH_CONFIDENCE,Contact supplier within 24 hours to expedite shipment and obtain tracking confirmation.,59.0,57.0,13.0,25.0,77.0,212.93535269949754,0.5447662801381018,0.0,1.0,1.0,2025-03-11,False,False,Policy_B_LT,8,ENGINEERING_RECOMMENDATION_PENDING_BUSINESS_APPROVAL,True
2025-03-04,SKU013,,,,EXPEDITE_PO,Expedite Inbound Shipment,Expedite existing inbound purchase order of 75 units immediately or arrange emergency split-shipment. Physical stock of 83 units will be depleted in week 1.,1 — CRITICAL,1,"Projected inventory position drops to -33 units (stockout) in week 1, which is within the supplier lead time of 8 days. Open orders exist but require delivery acceleration.",STOCKOUT_IMMINENT,HIGH_CONFIDENCE,Contact supplier within 24 hours to expedite shipment and obtain tracking confirmation.,83.0,75.0,8.0,41.0,128.0,121.20661080561955,1.3035592609167699,0.0,1.0,1.0,2025-03-11,False,False,Policy_B_LT,8,ENGINEERING_RECOMMENDATION_PENDING_BUSINESS_APPROVAL,True
2025-03-04,SKU016,,,,EXPEDITE_PO,Expedite Inbound Shipment,Expedite existing inbound purchase order of 104 units immediately or arrange emergency split-shipment. Physical stock of 124 units will be depleted in week 2.,1 — CRITICAL,1,"Projected inventory position drops to -23 units (stockout) in week 2, which is within the supplier lead time of 13 days. Open orders exist but require delivery acceleration.",STOCKOUT_IMMINENT,HIGH_CONFIDENCE,Contact supplier within 24 hours to expedite shipment and obtain tracking confirmation.,124.0,104.0,13.0,65.0,217.0,112.62160220870187,2.0244783907219466,0.0,1.0,2.0,2025-03-18,False,False,Policy_B_LT,8,ENGINEERING_RECOMMENDATION_PENDING_BUSINESS_APPROVAL,True
2025-03-04,SKU026,,,,EXPEDITE_PO,Expedite Inbound Shipment,Expedite existing inbound purchase order of 20 units immediately or arrange emergency split-shipment. Physical stock of 40 units will be depleted in week 1.,1 — CRITICAL,1,"Projected inventory position drops to -141 units (stockout) in week 1, which is within the supplier lead time of 10 days. Open orders exist but require delivery acceleration.",STOCKOUT_IMMINENT,HIGH_CONFIDENCE,Contact supplier within 24 hours to expedite shipment and obtain tracking confirmation.,40.0,20.0,10.0,38.0,101.0,185.28531948993586,0.3238248997015601,0.0,1.0,1.0,2025-03-11,False,False,Policy_B_LT,8,ENGINEERING_RECOMMENDATION_PENDING_BUSINESS_APPROVAL,True
2025-03-04,SKU031,,,,EXPEDITE_PO,Expedite Inbound Shipment,Expedite existing inbound purchase order of 19 units immediately or arrange emergency split-shipment. Physical stock of 203 units will be depleted in week 2.,1 — CRITICAL,1,"Projected inventory position drops to -110 units (stockout) in week 2, which is within the supplier lead time of 8 days. Open orders exist but require delivery acceleration.",STOCKOUT_IMMINENT,HIGH_CONFIDENCE,Contact supplier within 24 hours to expedite shipment and obtain tracking confirmation.,203.0,19.0,8.0,26.0,88.0,158.0299362297551,1.4047971244969732,0.0,1.0,2.0,2025-03-18,False,False,Policy_B_LT,8,ENGINEERING_RECOMMENDATION_PENDING_BUSINESS_APPROVAL,True
2025-03-04,SKU033,,,,EXPEDITE_PO,Expedite Inbound Shipment,Expedite existing inbound purchase order of 20 units immediately or arrange emergency split-shipment. Physical stock of 209 units will be depleted in week 2.,1 — CRITICAL,1,"Projected inventory position drops to -75 units (stockout) in week 2, which is within the supplier lead time of 14 days. Open orders exist but require delivery acceleration.",STOCKOUT_IMMINENT,HIGH_CONFIDENCE,Contact supplier within 24 hours to expedite shipment and obtain tracking confirmation.,209.0,20.0,14.0,92.0,267.0,153.9076173145948,1.4879055630619804,0.0,1.0,2.0,2025-03-18,False,False,Policy_B_LT,8,ENGINEERING_RECOMMENDATION_PENDING_BUSINESS_APPROVAL,True
2025-03-04,SKU040,,,,EXPEDITE_PO,Expedite Inbound Shipment,Expedite existing inbound purchase order of 146 units immediately or arrange emergency split-shipment. Physical stock of 64 units will be depleted in week 1.,1 — CRITICAL,1,"Projected inventory position drops to -73 units (stockout) in week 1, which is within the supplier lead time of 13 days. Open orders exist but require delivery acceleration.",STOCKOUT_IMMINENT,HIGH_CONFIDENCE,Contact supplier within 24 hours to expedite shipment and obtain tracking confirmation.,64.0,146.0,13.0,24.0,103.0,143.01164074595619,1.4684119341938113,0.0,1.0,1.0,2025-03-11,False,False,Policy_B_LT,8,ENGINEERING_RECOMMENDATION_PENDING_BUSINESS_APPROVAL,True
2025-03-04,SKU049,,,,EXPEDITE_PO,Expedite Inbound Shipment,Expedite existing inbound purchase order of 497 units immediately or arrange emergency split-shipment. Physical stock of 182 units will be depleted in week 1.,1 — CRITICAL,1,"Projected inventory position drops to -28 units (stockout) in week 1, which is within the supplier lead time of 12 days. Open orders exist but require delivery acceleration.",STOCKOUT_IMMINENT,HIGH_CONFIDENCE,Contact supplier within 24 hours to expedite shipment and obtain tracking confirmation.,182.0,497.0,12.0,126.0,495.0,211.5982716341006,3.2089108987342705,0.0,1.0,1.0,2025-03-11,False,False,Policy_B_LT,8,ENGINEERING_RECOMMENDATION_PENDING_BUSINESS_APPROVAL,True
2025-03-04,SKU001,,,,PLACE_PO,Issue Replenishment Purchase Order,Place replenishment purchase order for ~474 units. Target supplier delivery on or before week 1.,2 — HIGH,2,"Projected inventory position (428 units) breaches Reorder Point (544 units) in week 1, inside the supplier lead time window of 9 days.",REORDER_POINT_BREACH_LT,HIGH_CONFIDENCE,Create purchase order requisition and transmit to vendor within 48 hours.,549.0,571.0,9.0,221.0,544.0,118.55449781601743,9.447132083829562,0.0,1.0,,,False,False,Policy_B_LT,8,ENGINEERING_RECOMMENDATION_PENDING_BUSINESS_APPROVAL,True
2025-03-04,SKU002,,,,PLACE_PO,Issue Replenishment Purchase Order,Place replenishment purchase order for ~380 units. Target supplier delivery on or before week 1.,2 — HIGH,2,"Projected inventory position (142 units) breaches Reorder Point (322 units) in week 1, inside the supplier lead time window of 10 days.",REORDER_POINT_BREACH_LT,HIGH_CONFIDENCE,Create purchase order requisition and transmit to vendor within 48 hours.,230.0,341.0,10.0,96.0,322.0,95.01893512353124,6.009328553910441,0.0,1.0,7.0,2025-04-22,False,False,Policy_B_LT,8,ENGINEERING_RECOMMENDATION_PENDING_BUSINESS_APPROVAL,True
2025-03-04,SKU004,,,,PLACE_PO,Issue Replenishment Purchase Order,Issue a calibrated replenishment order for ~144 units to protect week 1 Reorder Point breach. Note: Long-horizon inventory indicates 4.2 weeks of terminal surplus; do not exceed required batch size.,2 — HIGH,2,Inventory position breaches Reorder Point (374 units) in week 1 (lead time is 13 days). Reorder takes strict precedence over terminal surplus to prevent intermediate stockout.,REORDER_POINT_BREACH_LT,HIGH_CONFIDENCE,Create purchase order requisition and transmit to vendor within 48 hours.,376.0,176.0,13.0,114.0,374.0,35.88408417109827,15.382864374300832,4.205968470912616,1.0,,,False,False,Policy_B_LT,8,ENGINEERING_RECOMMENDATION_PENDING_BUSINESS_APPROVAL,True
2025-03-04,SKU006,,,,PLACE_PO,Issue Replenishment Purchase Order,Issue a calibrated replenishment order for ~254 units to protect week 1 Reorder Point breach. Note: Long-horizon inventory indicates 5.6 weeks of terminal surplus; do not exceed required batch size.,2 — HIGH,2,Inventory position breaches Reorder Point (346 units) in week 1 (lead time is 13 days). Reorder takes strict precedence over terminal surplus to prevent intermediate stockout.,REORDER_POINT_BREACH_LT,HIGH_CONFIDENCE,Create purchase order requisition and transmit to vendor within 48 hours.,255.0,628.0,13.0,111.0,346.0,56.703028980671746,15.572360346058172,5.614792963937608,1.0,,,False,False,Policy_B_LT,8,ENGINEERING_RECOMMENDATION_PENDING_BUSINESS_APPROVAL,True
2025-03-04,SKU017,,,,PLACE_PO,Issue Replenishment Purchase Order,Place replenishment purchase order for ~454 units. Target supplier delivery on or before week 1.,2 — HIGH,2,"Projected inventory position (133 units) breaches Reorder Point (220 units) in week 1, inside the supplier lead time window of 9 days.",REORDER_POINT_BREACH_LT,HIGH_CONFIDENCE,Create purchase order requisition and transmit to vendor within 48 hours.,247.0,48.0,9.0,96.0,220.0,113.51730807676626,2.598722652941222,0.0,1.0,3.0,2025-03-25,False,False,Policy_B_LT,8,ENGINEERING_RECOMMENDATION_PENDING_BUSINESS_APPROVAL,True
2025-03-04,SKU021,,,,PLACE_PO,Issue Replenishment Purchase Order,Place replenishment purchase order for ~278 units. Target supplier delivery on or before week 1.,2 — HIGH,2,"Projected inventory position (60 units) breaches Reorder Point (95 units) in week 1, inside the supplier lead time window of 8 days.",REORDER_POINT_BREACH_LT,HIGH_CONFIDENCE,Create purchase order requisition and transmit to vendor within 48 hours.,131.0,179.0,8.0,42.0,95.0,69.54949326075739,4.457257493418926,0.0,1.0,5.0,2025-04-08,False,False,Policy_B_LT,8,ENGINEERING_RECOMMENDATION_PENDING_BUSINESS_APPROVAL,True
2025-03-04,SKU022,,,,PLACE_PO,Issue Replenishment Purchase Order,Place replenishment purchase order for ~362 units. Target supplier delivery on or before week 1.,2 — HIGH,2,"Projected inventory position (201 units) breaches Reorder Point (212 units) in week 1, inside the supplier lead time window of 9 days.",REORDER_POINT_BREACH_LT,HIGH_CONFIDENCE,Create purchase order requisition and transmit to vendor within 48 hours.,289.0,297.0,9.0,92.0,212.0,90.48291458769435,6.476360787782314,0.0,1.0,7.0,2025-04-22,False,False,Policy_B_LT,8,ENGINEERING_RECOMMENDATION_PENDING_BUSINESS_APPROVAL,True
2025-03-04,SKU023,,,,PLACE_PO,Issue Replenishment Purchase Order,Place replenishment purchase order for ~482 units. Target supplier delivery on or before week 1.,2 — HIGH,2,"Projected inventory position (11 units) breaches Reorder Point (157 units) in week 1, inside the supplier lead time window of 7 days.",REORDER_POINT_BREACH_LT,HIGH_CONFIDENCE,Create purchase order requisition and transmit to vendor within 48 hours.,130.0,3.0,7.0,82.0,157.0,120.45771081386509,1.1041219287781057,0.0,1.0,2.0,2025-03-18,False,False,Policy_B_LT,8,ENGINEERING_RECOMMENDATION_PENDING_BUSINESS_APPROVAL,True
2025-03-04,SKU024,,,,PLACE_PO,Issue Replenishment Purchase Order,Place replenishment purchase order for ~449 units. Target supplier delivery on or before week 1.,2 — HIGH,2,"Projected inventory position (203 units) breaches Reorder Point (287 units) in week 1, inside the supplier lead time window of 13 days.",REORDER_POINT_BREACH_LT,HIGH_CONFIDENCE,Create purchase order requisition and transmit to vendor within 48 hours.,310.0,427.0,13.0,81.0,287.0,112.1559102141109,6.571209654426881,0.0,1.0,7.0,2025-04-22,False,False,Policy_B_LT,8,ENGINEERING_RECOMMENDATION_PENDING_BUSINESS_APPROVAL,True
2025-03-04,SKU027,,,,PLACE_PO,Issue Replenishment Purchase Order,Place replenishment purchase order for ~798 units. Target supplier delivery on or before week 1.,2 — HIGH,2,"Projected inventory position (120 units) breaches Reorder Point (220 units) in week 1, inside the supplier lead time window of 7 days.",REORDER_POINT_BREACH_LT,HIGH_CONFIDENCE,Create purchase order requisition and transmit to vendor within 48 hours.,232.0,96.0,7.0,79.0,220.0,199.47091758928067,1.6443499832660635,0.0,1.0,2.0,2025-03-18,False,False,Policy_B_LT,8,ENGINEERING_RECOMMENDATION_PENDING_BUSINESS_APPROVAL,True
2025-03-04,SKU028,,,,PLACE_PO,Issue Replenishment Purchase Order,Issue a calibrated replenishment order for ~357 units to protect week 1 Reorder Point breach. Note: Long-horizon inventory indicates 3.9 weeks of terminal surplus; do not exceed required batch size.,2 — HIGH,2,Inventory position breaches Reorder Point (407 units) in week 1 (lead time is 10 days). Reorder takes strict precedence over terminal surplus to prevent intermediate stockout.,REORDER_POINT_BREACH_LT,HIGH_CONFIDENCE,Create purchase order requisition and transmit to vendor within 48 hours.,162.0,596.0,10.0,167.0,407.0,49.54032015644091,15.300668175061233,3.9296766378115944,1.0,,,False,False,Policy_B_LT,8,ENGINEERING_RECOMMENDATION_PENDING_BUSINESS_APPROVAL,True
2025-03-04,SKU030,,,,PLACE_PO,Issue Replenishment Purchase Order,Place replenishment purchase order for ~162 units. Target supplier delivery on or before week 1.,2 — HIGH,2,"Projected inventory position (41 units) breaches Reorder Point (123 units) in week 1, inside the supplier lead time window of 12 days.",REORDER_POINT_BREACH_LT,HIGH_CONFIDENCE,Create purchase order requisition and transmit to vendor within 48 hours.,79.0,80.0,12.0,29.0,123.0,40.59308830307708,3.9169229700600856,0.0,1.0,4.0,2025-04-01,False,False,Policy_B_LT,8,ENGINEERING_RECOMMENDATION_PENDING_BUSINESS_APPROVAL,True
2025-03-04,SKU034,,,,PLACE_PO,Issue Replenishment Purchase Order,Place replenishment purchase order for ~687 units. Target supplier delivery on or before week 1.,2 — HIGH,2,"Projected inventory position (8 units) breaches Reorder Point (62 units) in week 1, inside the supplier lead time window of 4 days.",REORDER_POINT_BREACH_LT,HIGH_CONFIDENCE,Create purchase order requisition and transmit to vendor within 48 hours.,174.0,4.0,4.0,37.0,62.0,171.62510594041987,1.0371442978849097,0.0,1.0,2.0,2025-03-18,False,False,Policy_B_LT,8,ENGINEERING_RECOMMENDATION_PENDING_BUSINESS_APPROVAL,True
2025-03-04,SKU035,,,,PLACE_PO,Issue Replenishment Purchase Order,Place replenishment purchase order for ~715 units. Target supplier delivery on or before week 1.,2 — HIGH,2,"Projected inventory position (319 units) breaches Reorder Point (330 units) in week 1, inside the supplier lead time window of 9 days.",REORDER_POINT_BREACH_LT,HIGH_CONFIDENCE,Create purchase order requisition and transmit to vendor within 48 hours.,495.0,388.0,9.0,128.0,330.0,178.82683881763546,4.937737566901063,0.0,1.0,5.0,2025-04-08,False,False,Policy_B_LT,8,ENGINEERING_RECOMMENDATION_PENDING_BUSINESS_APPROVAL,True
2025-03-04,SKU041,,,,PLACE_PO,Issue Replenishment Purchase Order,Place replenishment purchase order for ~428 units. Target supplier delivery on or before week 1.,2 — HIGH,2,"Projected inventory position (14 units) breaches Reorder Point (278 units) in week 1, inside the supplier lead time window of 11 days.",REORDER_POINT_BREACH_LT,HIGH_CONFIDENCE,Create purchase order requisition and transmit to vendor within 48 hours.,110.0,436.0,11.0,80.0,278.0,106.87922380494938,5.108570034120286,0.0,1.0,6.0,2025-04-15,False,False,Policy_B_LT,8,ENGINEERING_RECOMMENDATION_PENDING_BUSINESS_APPROVAL,True
2025-03-04,SKU042,,,,PLACE_PO,Issue Replenishment Purchase Order,Place replenishment purchase order for ~740 units. Target supplier delivery on or before week 1.,2 — HIGH,2,"Projected inventory position (84 units) breaches Reorder Point (86 units) in week 1, inside the supplier lead time window of 3 days.",REORDER_POINT_BREACH_LT,HIGH_CONFIDENCE,Create purchase order requisition and transmit to vendor within 48 hours.,215.0,42.0,3.0,61.0,86.0,185.11275127153596,1.3883430408476558,0.0,1.0,2.0,2025-03-18,False,False,Policy_B_LT,8,ENGINEERING_RECOMMENDATION_PENDING_BUSINESS_APPROVAL,True
2025-03-04,SKU043,,,,PLACE_PO,Issue Replenishment Purchase Order,Place replenishment purchase order for ~708 units. Target supplier delivery on or before week 1.,2 — HIGH,2,"Projected inventory position (251 units) breaches Reorder Point (281 units) in week 1, inside the supplier lead time window of 8 days.",REORDER_POINT_BREACH_LT,HIGH_CONFIDENCE,Create purchase order requisition and transmit to vendor within 48 hours.,428.0,7.0,8.0,80.0,281.0,176.92678290500677,2.458644151312888,0.0,1.0,3.0,2025-03-25,False,False,Policy_B_LT,8,ENGINEERING_RECOMMENDATION_PENDING_BUSINESS_APPROVAL,True
2025-03-04,SKU044,,,,PLACE_PO,Issue Replenishment Purchase Order,Place replenishment purchase order for ~350 units. Target supplier delivery on or before week 1.,2 — HIGH,2,"Projected inventory position (86 units) breaches Reorder Point (119 units) in week 1, inside the supplier lead time window of 8 days.",REORDER_POINT_BREACH_LT,HIGH_CONFIDENCE,Create purchase order requisition and transmit to vendor within 48 hours.,170.0,125.0,8.0,47.0,119.0,87.55282905714365,3.3693942637474397,0.0,1.0,4.0,2025-04-01,False,False,Policy_B_LT,8,ENGINEERING_RECOMMENDATION_PENDING_BUSINESS_APPROVAL,True
2025-03-04,SKU045,,,,PLACE_PO,Issue Replenishment Purchase Order,Place replenishment purchase order for ~840 units. Target supplier delivery on or before week 1.,2 — HIGH,2,"Projected inventory position (161 units) breaches Reorder Point (241 units) in week 1, inside the supplier lead time window of 9 days.",REORDER_POINT_BREACH_LT,HIGH_CONFIDENCE,Create purchase order requisition and transmit to vendor within 48 hours.,376.0,215.0,9.0,87.0,241.0,210.12335463909812,2.812633564770012,0.0,1.0,3.0,2025-03-25,False,False,Policy_B_LT,8,ENGINEERING_RECOMMENDATION_PENDING_BUSINESS_APPROVAL,True
2025-03-04,SKU005,,,,REVIEW_PIPELINE,Review Replenishment Pipeline,"Prepare replenishment purchase order for week 2. Current pipeline is adequate through week 2, with Reorder Point breach projected in week 3.",3 — MEDIUM,3,"Inventory position remains above Reorder Point during immediate lead time, but declines to 226 units (below Reorder Point of 279 units) in week 3.",REORDER_POINT_BREACH_HORIZON,HIGH_CONFIDENCE,Review open purchase order ETAs during weekly inventory planning meeting.,320.0,349.0,4.0,183.0,279.0,142.72810820478907,4.687233709004997,0.0,3.0,5.0,2025-04-08,False,False,Policy_B_LT,8,ENGINEERING_RECOMMENDATION_PENDING_BUSINESS_APPROVAL,True
2025-03-04,SKU007,,,,REVIEW_PIPELINE,Review Replenishment Pipeline,"Prepare replenishment purchase order for week 1. Current pipeline is adequate through week 1, with Reorder Point breach projected in week 2.",3 — MEDIUM,3,"Inventory position remains above Reorder Point during immediate lead time, but declines to 111 units (below Reorder Point of 237 units) in week 2.",REORDER_POINT_BREACH_HORIZON,HIGH_CONFIDENCE,Review open purchase order ETAs during weekly inventory planning meeting.,167.0,363.0,5.0,141.0,237.0,200.10758450636243,2.6485752716841606,0.0,2.0,3.0,2025-03-25,False,False,Policy_B_LT,8,ENGINEERING_RECOMMENDATION_PENDING_BUSINESS_APPROVAL,True
2025-03-04,SKU008,,,,REVIEW_PIPELINE,Review Replenishment Pipeline,"Prepare replenishment purchase order for week 3. Current pipeline is adequate through week 3, with Reorder Point breach projected in week 4.",3 — MEDIUM,3,"Inventory position remains above Reorder Point during immediate lead time, but declines to 194 units (below Reorder Point of 290 units) in week 4.",REORDER_POINT_BREACH_HORIZON,HIGH_CONFIDENCE,Review open purchase order ETAs during weekly inventory planning meeting.,694.0,59.0,4.0,184.0,290.0,132.79820814708464,5.670257230925829,0.0,4.0,6.0,2025-04-15,False,False,Policy_B_LT,8,ENGINEERING_RECOMMENDATION_PENDING_BUSINESS_APPROVAL,True
2025-03-04,SKU009,,,,REVIEW_PIPELINE,Review Replenishment Pipeline,"Prepare replenishment purchase order for week 3. Current pipeline is adequate through week 3, with Reorder Point breach projected in week 4.",3 — MEDIUM,3,"Inventory position remains above Reorder Point during immediate lead time, but declines to 57 units (below Reorder Point of 89 units) in week 4.",REORDER_POINT_BREACH_HORIZON,HIGH_CONFIDENCE,Review open purchase order ETAs during weekly inventory planning meeting.,333.0,87.0,3.0,51.0,89.0,93.41289064251258,4.496167468013845,0.0,4.0,5.0,2025-04-08,False,False,Policy_B_LT,8,ENGINEERING_RECOMMENDATION_PENDING_BUSINESS_APPROVAL,True
2025-03-04,SKU011,,,,FREEZE_REPLENISHMENT,Halt Inbound Replenishment,"FREEZE REPLENISHMENT: Severe overstock detected (576 excess units, 28.2 weeks of cover above safety buffer). Suspend all new purchase orders for 29 weeks. Evaluate immediate promotional markdowns, bundle offers, or stock transfers.",3 — MEDIUM,3,Projected inventory position at horizon h=8 exceeds required safety stock by 576 units (28.2 surplus weeks of demand). Evaluated against approved 8-week production forecast horizon.,EXCESS_INVENTORY,HIGH_CONFIDENCE,Escalate to merchandise planning for promotional markdown or supplier return assessment.,610.0,289.0,11.0,160.0,456.0,20.435059714736838,43.993020453553264,28.163339393966474,,,,False,False,Policy_B_LT,8,ENGINEERING_RECOMMENDATION_PENDING_BUSINESS_APPROVAL,True
2025-03-04,SKU014,,,,REVIEW_PIPELINE,Review Replenishment Pipeline,"Prepare replenishment purchase order for week 4. Current pipeline is adequate through week 5, with Reorder Point breach projected in week 6.",3 — MEDIUM,3,"Inventory position remains above Reorder Point during immediate lead time, but declines to 202 units (below Reorder Point of 371 units) in week 6.",REORDER_POINT_BREACH_HORIZON,HIGH_CONFIDENCE,Review open purchase order ETAs during weekly inventory planning meeting.,650.0,677.0,14.0,93.0,371.0,187.64048030479512,7.072034764803833,0.0,6.0,8.0,2025-04-29,False,False,Policy_B_LT,8,ENGINEERING_RECOMMENDATION_PENDING_BUSINESS_APPROVAL,True
2025-03-04,SKU015,,,,FREEZE_REPLENISHMENT,Halt Inbound Replenishment,"FREEZE REPLENISHMENT: Severe overstock detected (378 excess units, 10.3 weeks of cover above safety buffer). Suspend all new purchase orders for 11 weeks. Evaluate immediate promotional markdowns, bundle offers, or stock transfers.",3 — MEDIUM,3,Projected inventory position at horizon h=8 exceeds required safety stock by 378 units (10.3 surplus weeks of demand). Evaluated against approved 8-week production forecast horizon.,EXCESS_INVENTORY,HIGH_CONFIDENCE,Escalate to merchandise planning for promotional markdown or supplier return assessment.,403.0,396.0,9.0,126.0,298.0,36.84021949581758,21.688252972833386,10.268077910784566,,,,False,False,Policy_B_LT,8,ENGINEERING_RECOMMENDATION_PENDING_BUSINESS_APPROVAL,True
2025-03-04,SKU018,,,,REVIEW_PIPELINE,Review Replenishment Pipeline,"Prepare replenishment purchase order for week 3. Current pipeline is adequate through week 3, with Reorder Point breach projected in week 4.",3 — MEDIUM,3,"Inventory position remains above Reorder Point during immediate lead time, but declines to -42 units (below Reorder Point of 166 units) in week 4.",REORDER_POINT_BREACH_HORIZON,HIGH_CONFIDENCE,Review open purchase order ETAs during weekly inventory planning meeting.,586.0,251.0,5.0,76.0,166.0,211.8160038827344,3.9515427760755037,0.0,4.0,4.0,2025-04-01,False,False,Policy_B_LT,8,ENGINEERING_RECOMMENDATION_PENDING_BUSINESS_APPROVAL,True
2025-03-04,SKU019,,,,REVIEW_PIPELINE,Review Replenishment Pipeline,"Prepare replenishment purchase order for week 2. Current pipeline is adequate through week 2, with Reorder Point breach projected in week 3.",3 — MEDIUM,3,"Inventory position remains above Reorder Point during immediate lead time, but declines to -27 units (below Reorder Point of 80 units) in week 3.",REORDER_POINT_BREACH_HORIZON,HIGH_CONFIDENCE,Review open purchase order ETAs during weekly inventory planning meeting.,299.0,88.0,6.0,29.0,80.0,136.65364955618145,2.831977054816201,0.0,3.0,3.0,2025-03-25,False,False,Policy_B_LT,8,ENGINEERING_RECOMMENDATION_PENDING_BUSINESS_APPROVAL,True
2025-03-04,SKU020,,,,REVIEW_PIPELINE,Review Replenishment Pipeline,"Prepare replenishment purchase order for week 2. Current pipeline is adequate through week 2, with Reorder Point breach projected in week 3.",3 — MEDIUM,3,"Inventory position remains above Reorder Point during immediate lead time, but declines to 186 units (below Reorder Point of 274 units) in week 3.",REORDER_POINT_BREACH_HORIZON,HIGH_CONFIDENCE,Review open purchase order ETAs during weekly inventory planning meeting.,487.0,36.0,3.0,153.0,274.0,110.93329667872182,4.7145448270115,0.0,3.0,5.0,2025-04-08,False,False,Policy_B_LT,8,ENGINEERING_RECOMMENDATION_PENDING_BUSINESS_APPROVAL,True
2025-03-04,SKU025,,,,FREEZE_REPLENISHMENT,Halt Inbound Replenishment,"FREEZE REPLENISHMENT: Severe overstock detected (739 excess units, 29.0 weeks of cover above safety buffer). Suspend all new purchase orders for 30 weeks. Evaluate immediate promotional markdowns, bundle offers, or stock transfers.",3 — MEDIUM,3,Projected inventory position at horizon h=8 exceeds required safety stock by 739 units (29.0 surplus weeks of demand). Evaluated against approved 8-week production forecast horizon.,EXCESS_INVENTORY,HIGH_CONFIDENCE,Escalate to merchandise planning for promotional markdown or supplier return assessment.,298.0,870.0,6.0,225.0,463.0,25.47109009506483,45.855909411050554,29.022365217997155,,,,False,False,Policy_B_LT,8,ENGINEERING_RECOMMENDATION_PENDING_BUSINESS_APPROVAL,True
2025-03-04,SKU029,,,,REVIEW_PIPELINE,Review Replenishment Pipeline,"Prepare replenishment purchase order for week 5. Current pipeline is adequate through week 5, with Reorder Point breach projected in week 6.",3 — MEDIUM,3,"Inventory position remains above Reorder Point during immediate lead time, but declines to 154 units (below Reorder Point of 240 units) in week 6.",REORDER_POINT_BREACH_HORIZON,HIGH_CONFIDENCE,Review open purchase order ETAs during weekly inventory planning meeting.,533.0,427.0,4.0,113.0,240.0,130.77761160068587,7.340706014201021,0.0,6.0,8.0,2025-04-29,False,False,Policy_B_LT,8,ENGINEERING_RECOMMENDATION_PENDING_BUSINESS_APPROVAL,True
2025-03-04,SKU032,,,,REVIEW_PIPELINE,Review Replenishment Pipeline,"Prepare replenishment purchase order for week 2. Current pipeline is adequate through week 3, with Reorder Point breach projected in week 4.",3 — MEDIUM,3,"Inventory position remains above Reorder Point during immediate lead time, but declines to 168 units (below Reorder Point of 236 units) in week 4.",REORDER_POINT_BREACH_HORIZON,HIGH_CONFIDENCE,Review open purchase order ETAs during weekly inventory planning meeting.,339.0,138.0,12.0,81.0,236.0,77.94869436124546,6.119409746485182,0.0,4.0,7.0,2025-04-22,False,False,Policy_B_LT,8,ENGINEERING_RECOMMENDATION_PENDING_BUSINESS_APPROVAL,True
2025-03-04,SKU036,,,,REVIEW_PIPELINE,Review Replenishment Pipeline,"Prepare replenishment purchase order for week 2. Current pipeline is adequate through week 3, with Reorder Point breach projected in week 4.",3 — MEDIUM,3,"Inventory position remains above Reorder Point during immediate lead time, but declines to 382 units (below Reorder Point of 419 units) in week 4.",REORDER_POINT_BREACH_HORIZON,HIGH_CONFIDENCE,Review open purchase order ETAs during weekly inventory planning meeting.,472.0,56.0,13.0,113.0,419.0,39.67167319684055,13.30924454283037,2.4608645554443256,4.0,,,False,False,Policy_B_LT,8,ENGINEERING_RECOMMENDATION_PENDING_BUSINESS_APPROVAL,True
2025-03-04,SKU037,,,,REVIEW_PIPELINE,Review Replenishment Pipeline,"Prepare replenishment purchase order for week 7. Current pipeline is adequate through week 7, with Reorder Point breach projected in week 8.",3 — MEDIUM,3,"Inventory position remains above Reorder Point during immediate lead time, but declines to 595 units (below Reorder Point of 645 units) in week 8.",REORDER_POINT_BREACH_HORIZON,HIGH_CONFIDENCE,Review open purchase order ETAs during weekly inventory planning meeting.,1199.0,1019.0,6.0,333.0,645.0,202.8370450301246,10.934886177574667,1.2931742311669288,8.0,,,False,False,Policy_B_LT,8,ENGINEERING_RECOMMENDATION_PENDING_BUSINESS_APPROVAL,True
2025-03-04,SKU038,,,,REVIEW_PIPELINE,Review Replenishment Pipeline,"Prepare replenishment purchase order for week 3. Current pipeline is adequate through week 4, with Reorder Point breach projected in week 5.",3 — MEDIUM,3,"Inventory position remains above Reorder Point during immediate lead time, but declines to 161 units (below Reorder Point of 170 units) in week 5.",REORDER_POINT_BREACH_HORIZON,HIGH_CONFIDENCE,Review open purchase order ETAs during weekly inventory planning meeting.,290.0,202.0,11.0,45.0,170.0,64.37935008169414,7.64220203179555,0.0,5.0,8.0,2025-04-29,False,False,Policy_B_LT,8,ENGINEERING_RECOMMENDATION_PENDING_BUSINESS_APPROVAL,True
2025-03-04,SKU039,,,,REVIEW_PIPELINE,Review Replenishment Pipeline,"Prepare replenishment purchase order for week 6. Current pipeline is adequate through week 7, with Reorder Point breach projected in week 8.",3 — MEDIUM,3,"Inventory position remains above Reorder Point during immediate lead time, but declines to 105 units (below Reorder Point of 107 units) in week 8.",REORDER_POINT_BREACH_HORIZON,HIGH_CONFIDENCE,Review open purchase order ETAs during weekly inventory planning meeting.,154.0,181.0,13.0,32.0,107.0,28.75542693954838,11.649974827508556,2.5371414111495296,8.0,,,False,False,Policy_B_LT,8,ENGINEERING_RECOMMENDATION_PENDING_BUSINESS_APPROVAL,True
2025-03-04,SKU046,,,,REVIEW_PIPELINE,Review Replenishment Pipeline,"Prepare replenishment purchase order for week 2. Current pipeline is adequate through week 3, with Reorder Point breach projected in week 4.",3 — MEDIUM,3,"Inventory position remains above Reorder Point during immediate lead time, but declines to 211 units (below Reorder Point of 223 units) in week 4.",REORDER_POINT_BREACH_HORIZON,HIGH_CONFIDENCE,Review open purchase order ETAs during weekly inventory planning meeting.,326.0,226.0,9.0,100.0,223.0,85.8987896769309,6.426167377632399,0.0,4.0,7.0,2025-04-22,False,False,Policy_B_LT,8,ENGINEERING_RECOMMENDATION_PENDING_BUSINESS_APPROVAL,True
2025-03-04,SKU047,,,,REVIEW_PIPELINE,Review Replenishment Pipeline,"Prepare replenishment purchase order for week 1. Current pipeline is adequate through week 1, with Reorder Point breach projected in week 2.",3 — MEDIUM,3,"Inventory position remains above Reorder Point during immediate lead time, but declines to 14 units (below Reorder Point of 79 units) in week 2.",REORDER_POINT_BREACH_HORIZON,HIGH_CONFIDENCE,Review open purchase order ETAs during weekly inventory planning meeting.,148.0,116.0,3.0,57.0,79.0,123.80379114321855,2.132406427640005,0.0,2.0,3.0,2025-03-25,False,False,Policy_B_LT,8,ENGINEERING_RECOMMENDATION_PENDING_BUSINESS_APPROVAL,True
2025-03-04,SKU048,,,,REVIEW_PIPELINE,Review Replenishment Pipeline,"Prepare replenishment purchase order for week 1. Current pipeline is adequate through week 1, with Reorder Point breach projected in week 2.",3 — MEDIUM,3,"Inventory position remains above Reorder Point during immediate lead time, but declines to 32 units (below Reorder Point of 53 units) in week 2.",REORDER_POINT_BREACH_HORIZON,HIGH_CONFIDENCE,Review open purchase order ETAs during weekly inventory planning meeting.,109.0,55.0,7.0,26.0,53.0,70.94993029096803,2.311489233709329,0.0,2.0,3.0,2025-03-25,False,False,Policy_B_LT,8,ENGINEERING_RECOMMENDATION_PENDING_BUSINESS_APPROVAL,True
2025-03-04,SKU003,,,,FREEZE_REPLENISHMENT,Halt Inbound Replenishment,Pause purchase orders for 3 weeks. Total pipeline provides 12.3 weeks of cover (105 units surplus above 8-week horizon).,4 — LOW,4,Projected inventory position at horizon h=8 exceeds required safety stock by 105 units (2.2 surplus weeks of demand). Evaluated against approved 8-week production forecast horizon.,EXCESS_INVENTORY,HIGH_CONFIDENCE,Monitor weekly demand consumption and confirm no automated replenishment POs are released.,443.0,138.0,3.0,98.0,136.0,47.20981869406886,12.306761942150674,2.2309225784144147,,,,False,False,Policy_B_LT,8,ENGINEERING_RECOMMENDATION_PENDING_BUSINESS_APPROVAL,True
2025-03-04,SKU050,,,,FREEZE_REPLENISHMENT,Halt Inbound Replenishment,Pause purchase orders for 6 weeks. Total pipeline provides 14.8 weeks of cover (302 units surplus above 8-week horizon).,4 — LOW,4,Projected inventory position at horizon h=8 exceeds required safety stock by 302 units (5.4 surplus weeks of demand). Evaluated against approved 8-week production forecast horizon.,EXCESS_INVENTORY,HIGH_CONFIDENCE,Monitor weekly demand consumption and confirm no automated replenishment POs are released.,552.0,272.0,6.0,76.0,198.0,55.792522406996525,14.769004240193096,5.406814528718975,,,,False,False,Policy_B_LT,8,ENGINEERING_RECOMMENDATION_PENDING_BUSINESS_APPROVAL,True
2025-03-25,SKU010,,,,EXPEDITE_PO,Expedite Inbound Shipment,Expedite existing inbound purchase order of 6 units immediately or arrange emergency split-shipment. Physical stock of 43 units will be depleted in week 1.,1 — CRITICAL,1,"Projected inventory position drops to -107 units (stockout) in week 1, which is within the supplier lead time of 12 days. Open orders exist but require delivery acceleration.",STOCKOUT_IMMINENT,MEDIUM_CONFIDENCE,Contact supplier within 24 hours to expedite shipment and obtain tracking confirmation.,43.0,6.0,12.0,10.0,46.0,139.3544446538034,0.3516213646556457,0.0,1.0,1.0,2025-04-01,False,False,Policy_B_LT,8,ENGINEERING_RECOMMENDATION_PENDING_BUSINESS_APPROVAL,True
2025-03-25,SKU012,,,,EXPEDITE_PO,Expedite Inbound Shipment,Expedite existing inbound purchase order of 57 units immediately or arrange emergency split-shipment. Physical stock of 59 units will be depleted in week 1.,1 — CRITICAL,1,"Projected inventory position drops to -162 units (stockout) in week 1, which is within the supplier lead time of 13 days. Open orders exist but require delivery acceleration.",STOCKOUT_IMMINENT,MEDIUM_CONFIDENCE,Contact supplier within 24 hours to expedite shipment and obtain tracking confirmation.,59.0,57.0,13.0,25.0,77.0,214.23106210194697,0.5414714321156594,0.0,1.0,1.0,2025-04-01,False,False,Policy_B_LT,8,ENGINEERING_RECOMMENDATION_PENDING_BUSINESS_APPROVAL,True
2025-03-25,SKU013,,,,EXPEDITE_PO,Expedite Inbound Shipment,Expedite existing inbound purchase order of 75 units immediately or arrange emergency split-shipment. Physical stock of 83 units will be depleted in week 1.,1 — CRITICAL,1,"Projected inventory position drops to -43 units (stockout) in week 1, which is within the supplier lead time of 8 days. Open orders exist but require delivery acceleration.",STOCKOUT_IMMINENT,MEDIUM_CONFIDENCE,Contact supplier within 24 hours to expedite shipment and obtain tracking confirmation.,83.0,75.0,8.0,41.0,128.0,118.097848292912,1.337873655480333,0.0,1.0,1.0,2025-04-01,False,False,Policy_B_LT,8,ENGINEERING_RECOMMENDATION_PENDING_BUSINESS_APPROVAL,True
2025-03-25,SKU016,,,,EXPEDITE_PO,Expedite Inbound Shipment,Expedite existing inbound purchase order of 104 units immediately or arrange emergency split-shipment. Physical stock of 124 units will be depleted in week 1.,1 — CRITICAL,1,"Projected inventory position drops to -6 units (stockout) in week 1, which is within the supplier lead time of 13 days. Open orders exist but require delivery acceleration.",STOCKOUT_IMMINENT,MEDIUM_CONFIDENCE,Contact supplier within 24 hours to expedite shipment and obtain tracking confirmation.,124.0,104.0,13.0,65.0,217.0,121.84342015199914,1.8712541039604025,0.0,1.0,1.0,2025-04-01,False,False,Policy_B_LT,8,ENGINEERING_RECOMMENDATION_PENDING_BUSINESS_APPROVAL,True
2025-03-25,SKU023,,,,EXPEDITE_PO,Expedite Inbound Shipment,Expedite existing inbound purchase order of 3 units immediately or arrange emergency split-shipment. Physical stock of 130 units will be depleted in week 1.,1 — CRITICAL,1,"Projected inventory position drops to -8 units (stockout) in week 1, which is within the supplier lead time of 7 days. Open orders exist but require delivery acceleration.",STOCKOUT_IMMINENT,MEDIUM_CONFIDENCE,Contact supplier within 24 hours to expedite shipment and obtain tracking confirmation.,130.0,3.0,7.0,82.0,157.0,132.12948321615983,1.006588361375909,0.0,1.0,1.0,2025-04-01,False,False,Policy_B_LT,8,ENGINEERING_RECOMMENDATION_PENDING_BUSINESS_APPROVAL,True
2025-03-25,SKU026,,,,EXPEDITE_PO,Expedite Inbound Shipment,Expedite existing inbound purchase order of 20 units immediately or arrange emergency split-shipment. Physical stock of 40 units will be depleted in week 1.,1 — CRITICAL,1,"Projected inventory position drops to -161 units (stockout) in week 1, which is within the supplier lead time of 10 days. Open orders exist but require delivery acceleration.",STOCKOUT_IMMINENT,MEDIUM_CONFIDENCE,Contact supplier within 24 hours to expedite shipment and obtain tracking confirmation.,40.0,20.0,10.0,38.0,101.0,191.03400876373593,0.3140802016786753,0.0,1.0,1.0,2025-04-01,False,False,Policy_B_LT,8,ENGINEERING_RECOMMENDATION_PENDING_BUSINESS_APPROVAL,True
2025-03-25,SKU031,,,,EXPEDITE_PO,Expedite Inbound Shipment,Expedite existing inbound purchase order of 19 units immediately or arrange emergency split-shipment. Physical stock of 203 units will be depleted in week 2.,1 — CRITICAL,1,"Projected inventory position drops to -107 units (stockout) in week 2, which is within the supplier lead time of 8 days. Open orders exist but require delivery acceleration.",STOCKOUT_IMMINENT,MEDIUM_CONFIDENCE,Contact supplier within 24 hours to expedite shipment and obtain tracking confirmation.,203.0,19.0,8.0,26.0,88.0,159.77567682272155,1.389448033734942,0.0,1.0,2.0,2025-04-08,False,False,Policy_B_LT,8,ENGINEERING_RECOMMENDATION_PENDING_BUSINESS_APPROVAL,True
2025-03-25,SKU033,,,,EXPEDITE_PO,Expedite Inbound Shipment,Expedite existing inbound purchase order of 20 units immediately or arrange emergency split-shipment. Physical stock of 209 units will be depleted in week 2.,1 — CRITICAL,1,"Projected inventory position drops to -96 units (stockout) in week 2, which is within the supplier lead time of 14 days. Open orders exist but require delivery acceleration.",STOCKOUT_IMMINENT,MEDIUM_CONFIDENCE,Contact supplier within 24 hours to expedite shipment and obtain tracking confirmation.,209.0,20.0,14.0,92.0,267.0,157.93874143275542,1.449929244228528,0.0,1.0,2.0,2025-04-08,False,False,Policy_B_LT,8,ENGINEERING_RECOMMENDATION_PENDING_BUSINESS_APPROVAL,True
2025-03-25,SKU034,,,,EXPEDITE_PO,Expedite Inbound Shipment,Expedite existing inbound purchase order of 4 units immediately or arrange emergency split-shipment. Physical stock of 174 units will be depleted in week 1.,1 — CRITICAL,1,"Projected inventory position drops to -3 units (stockout) in week 1, which is within the supplier lead time of 4 days. Open orders exist but require delivery acceleration.",STOCKOUT_IMMINENT,MEDIUM_CONFIDENCE,Contact supplier within 24 hours to expedite shipment and obtain tracking confirmation.,174.0,4.0,4.0,37.0,62.0,173.4005204607736,1.0265251772428612,0.0,1.0,1.0,2025-04-01,False,False,Policy_B_LT,8,ENGINEERING_RECOMMENDATION_PENDING_BUSINESS_APPROVAL,True
2025-03-25,SKU040,,,,EXPEDITE_PO,Expedite Inbound Shipment,Expedite existing inbound purchase order of 146 units immediately or arrange emergency split-shipment. Physical stock of 64 units will be depleted in week 1.,1 — CRITICAL,1,"Projected inventory position drops to -73 units (stockout) in week 1, which is within the supplier lead time of 13 days. Open orders exist but require delivery acceleration.",STOCKOUT_IMMINENT,MEDIUM_CONFIDENCE,Contact supplier within 24 hours to expedite shipment and obtain tracking confirmation.,64.0,146.0,13.0,24.0,103.0,129.1242213897987,1.6263408812050408,0.0,1.0,1.0,2025-04-01,False,False,Policy_B_LT,8,ENGINEERING_RECOMMENDATION_PENDING_BUSINESS_APPROVAL,True
2025-03-25,SKU049,,,,EXPEDITE_PO,Expedite Inbound Shipment,Expedite existing inbound purchase order of 497 units immediately or arrange emergency split-shipment. Physical stock of 182 units will be depleted in week 1.,1 — CRITICAL,1,"Projected inventory position drops to -29 units (stockout) in week 1, which is within the supplier lead time of 12 days. Open orders exist but require delivery acceleration.",STOCKOUT_IMMINENT,MEDIUM_CONFIDENCE,Contact supplier within 24 hours to expedite shipment and obtain tracking confirmation.,182.0,497.0,12.0,126.0,495.0,205.13171266539143,3.3100684003334835,0.0,1.0,1.0,2025-04-01,False,False,Policy_B_LT,8,ENGINEERING_RECOMMENDATION_PENDING_BUSINESS_APPROVAL,True
2025-03-25,SKU001,,,,PLACE_PO,Issue Replenishment Purchase Order,Place replenishment purchase order for ~472 units. Target supplier delivery on or before week 1.,2 — HIGH,2,"Projected inventory position (420 units) breaches Reorder Point (544 units) in week 1, inside the supplier lead time window of 9 days.",REORDER_POINT_BREACH_LT,MEDIUM_CONFIDENCE,Create purchase order requisition and transmit to vendor within 48 hours.,549.0,571.0,9.0,221.0,544.0,117.87580193317689,9.50152602681695,0.0,1.0,,,False,False,Policy_B_LT,8,ENGINEERING_RECOMMENDATION_PENDING_BUSINESS_APPROVAL,True
2025-03-25,SKU002,,,,PLACE_PO,Issue Replenishment Purchase Order,Place replenishment purchase order for ~351 units. Target supplier delivery on or before week 1.,2 — HIGH,2,"Projected inventory position (139 units) breaches Reorder Point (322 units) in week 1, inside the supplier lead time window of 10 days.",REORDER_POINT_BREACH_LT,MEDIUM_CONFIDENCE,Create purchase order requisition and transmit to vendor within 48 hours.,230.0,341.0,10.0,96.0,322.0,87.80429581120214,6.503098677857073,0.0,1.0,7.0,2025-05-13,False,False,Policy_B_LT,8,ENGINEERING_RECOMMENDATION_PENDING_BUSINESS_APPROVAL,True
2025-03-25,SKU004,,,,PLACE_PO,Issue Replenishment Purchase Order,Issue a calibrated replenishment order for ~156 units to protect week 1 Reorder Point breach. Note: Long-horizon inventory indicates 3.3 weeks of terminal surplus; do not exceed required batch size.,2 — HIGH,2,Inventory position breaches Reorder Point (374 units) in week 1 (lead time is 13 days). Reorder takes strict precedence over terminal surplus to prevent intermediate stockout.,REORDER_POINT_BREACH_LT,MEDIUM_CONFIDENCE,Create purchase order requisition and transmit to vendor within 48 hours.,376.0,176.0,13.0,114.0,374.0,38.88687883217396,14.19501941470525,3.2634393181900347,1.0,,,False,False,Policy_B_LT,8,ENGINEERING_RECOMMENDATION_PENDING_BUSINESS_APPROVAL,True
2025-03-25,SKU006,,,,PLACE_PO,Issue Replenishment Purchase Order,Issue a calibrated replenishment order for ~262 units to protect week 1 Reorder Point breach. Note: Long-horizon inventory indicates 4.7 weeks of terminal surplus; do not exceed required batch size.,2 — HIGH,2,Inventory position breaches Reorder Point (346 units) in week 1 (lead time is 13 days). Reorder takes strict precedence over terminal surplus to prevent intermediate stockout.,REORDER_POINT_BREACH_LT,MEDIUM_CONFIDENCE,Create purchase order requisition and transmit to vendor within 48 hours.,255.0,628.0,13.0,111.0,346.0,60.56000971079808,14.580578903747398,4.74768619897281,1.0,,,False,False,Policy_B_LT,8,ENGINEERING_RECOMMENDATION_PENDING_BUSINESS_APPROVAL,True
2025-03-25,SKU017,,,,PLACE_PO,Issue Replenishment Purchase Order,Place replenishment purchase order for ~499 units. Target supplier delivery on or before week 1.,2 — HIGH,2,"Projected inventory position (115 units) breaches Reorder Point (220 units) in week 1, inside the supplier lead time window of 9 days.",REORDER_POINT_BREACH_LT,MEDIUM_CONFIDENCE,Create purchase order requisition and transmit to vendor within 48 hours.,247.0,48.0,9.0,96.0,220.0,124.69597158198661,2.3657540516939624,0.0,1.0,3.0,2025-04-15,False,False,Policy_B_LT,8,ENGINEERING_RECOMMENDATION_PENDING_BUSINESS_APPROVAL,True
2025-03-25,SKU021,,,,PLACE_PO,Issue Replenishment Purchase Order,Place replenishment purchase order for ~287 units. Target supplier delivery on or before week 1.,2 — HIGH,2,"Projected inventory position (55 units) breaches Reorder Point (95 units) in week 1, inside the supplier lead time window of 8 days.",REORDER_POINT_BREACH_LT,MEDIUM_CONFIDENCE,Create purchase order requisition and transmit to vendor within 48 hours.,131.0,179.0,8.0,42.0,95.0,71.82197775684494,4.316227562676046,0.0,1.0,5.0,2025-04-29,False,False,Policy_B_LT,8,ENGINEERING_RECOMMENDATION_PENDING_BUSINESS_APPROVAL,True
2025-03-25,SKU022,,,,PLACE_PO,Issue Replenishment Purchase Order,Place replenishment purchase order for ~351 units. Target supplier delivery on or before week 1.,2 — HIGH,2,"Projected inventory position (199 units) breaches Reorder Point (212 units) in week 1, inside the supplier lead time window of 9 days.",REORDER_POINT_BREACH_LT,MEDIUM_CONFIDENCE,Create purchase order requisition and transmit to vendor within 48 hours.,289.0,297.0,9.0,92.0,212.0,87.72464206000798,6.679993058269159,0.0,1.0,7.0,2025-05-13,False,False,Policy_B_LT,8,ENGINEERING_RECOMMENDATION_PENDING_BUSINESS_APPROVAL,True
2025-03-25,SKU024,,,,PLACE_PO,Issue Replenishment Purchase Order,Place replenishment purchase order for ~457 units. Target supplier delivery on or before week 1.,2 — HIGH,2,"Projected inventory position (181 units) breaches Reorder Point (287 units) in week 1, inside the supplier lead time window of 13 days.",REORDER_POINT_BREACH_LT,MEDIUM_CONFIDENCE,Create purchase order requisition and transmit to vendor within 48 hours.,310.0,427.0,13.0,81.0,287.0,114.32860241200078,6.446330878288065,0.0,1.0,7.0,2025-05-13,False,False,Policy_B_LT,8,ENGINEERING_RECOMMENDATION_PENDING_BUSINESS_APPROVAL,True
2025-03-25,SKU027,,,,PLACE_PO,Issue Replenishment Purchase Order,Place replenishment purchase order for ~794 units. Target supplier delivery on or before week 1.,2 — HIGH,2,"Projected inventory position (116 units) breaches Reorder Point (220 units) in week 1, inside the supplier lead time window of 7 days.",REORDER_POINT_BREACH_LT,MEDIUM_CONFIDENCE,Create purchase order requisition and transmit to vendor within 48 hours.,232.0,96.0,7.0,79.0,220.0,198.4057391090897,1.6531779850362862,0.0,1.0,2.0,2025-04-08,False,False,Policy_B_LT,8,ENGINEERING_RECOMMENDATION_PENDING_BUSINESS_APPROVAL,True
2025-03-25,SKU028,,,,PLACE_PO,Issue Replenishment Purchase Order,Issue a calibrated replenishment order for ~371 units to protect week 1 Reorder Point breach. Note: Long-horizon inventory indicates 2.9 weeks of terminal surplus; do not exceed required batch size.,2 — HIGH,2,Inventory position breaches Reorder Point (407 units) in week 1 (lead time is 10 days). Reorder takes strict precedence over terminal surplus to prevent intermediate stockout.,REORDER_POINT_BREACH_LT,MEDIUM_CONFIDENCE,Create purchase order requisition and transmit to vendor within 48 hours.,162.0,596.0,10.0,167.0,407.0,53.986030267563955,14.040669340627991,2.947276491175651,1.0,,,False,False,Policy_B_LT,8,ENGINEERING_RECOMMENDATION_PENDING_BUSINESS_APPROVAL,True
2025-03-25,SKU030,,,,PLACE_PO,Issue Replenishment Purchase Order,Place replenishment purchase order for ~160 units. Target supplier delivery on or before week 1.,2 — HIGH,2,"Projected inventory position (37 units) breaches Reorder Point (123 units) in week 1, inside the supplier lead time window of 12 days.",REORDER_POINT_BREACH_LT,MEDIUM_CONFIDENCE,Create purchase order requisition and transmit to vendor within 48 hours.,79.0,80.0,12.0,29.0,123.0,40.02550652112728,3.972466904724181,0.0,1.0,4.0,2025-04-22,False,False,Policy_B_LT,8,ENGINEERING_RECOMMENDATION_PENDING_BUSINESS_APPROVAL,True
2025-03-25,SKU035,,,,PLACE_PO,Issue Replenishment Purchase Order,Place replenishment purchase order for ~706 units. Target supplier delivery on or before week 1.,2 — HIGH,2,"Projected inventory position (310 units) breaches Reorder Point (330 units) in week 1, inside the supplier lead time window of 9 days.",REORDER_POINT_BREACH_LT,MEDIUM_CONFIDENCE,Create purchase order requisition and transmit to vendor within 48 hours.,495.0,388.0,9.0,128.0,330.0,176.4875903347926,5.003184633689942,0.0,1.0,5.0,2025-04-29,False,False,Policy_B_LT,8,ENGINEERING_RECOMMENDATION_PENDING_BUSINESS_APPROVAL,True
2025-03-25,SKU041,,,,PLACE_PO,Issue Replenishment Purchase Order,Place replenishment purchase order for ~424 units. Target supplier delivery on or before week 1.,2 — HIGH,2,"Projected inventory position (8 units) breaches Reorder Point (278 units) in week 1, inside the supplier lead time window of 11 days.",REORDER_POINT_BREACH_LT,MEDIUM_CONFIDENCE,Create purchase order requisition and transmit to vendor within 48 hours.,110.0,436.0,11.0,80.0,278.0,98.30298019548856,5.554256838543514,0.0,1.0,6.0,2025-05-06,False,False,Policy_B_LT,8,ENGINEERING_RECOMMENDATION_PENDING_BUSINESS_APPROVAL,True
2025-03-25,SKU042,,,,PLACE_PO,Issue Replenishment Purchase Order,Place replenishment purchase order for ~752 units. Target supplier delivery on or before week 1.,2 — HIGH,2,"Projected inventory position (64 units) breaches Reorder Point (86 units) in week 1, inside the supplier lead time window of 3 days.",REORDER_POINT_BREACH_LT,MEDIUM_CONFIDENCE,Create purchase order requisition and transmit to vendor within 48 hours.,215.0,42.0,3.0,61.0,86.0,188.01837408107673,1.366887684547135,0.0,1.0,2.0,2025-04-08,False,False,Policy_B_LT,8,ENGINEERING_RECOMMENDATION_PENDING_BUSINESS_APPROVAL,True
2025-03-25,SKU043,,,,PLACE_PO,Issue Replenishment Purchase Order,Place replenishment purchase order for ~766 units. Target supplier delivery on or before week 1.,2 — HIGH,2,"Projected inventory position (223 units) breaches Reorder Point (281 units) in week 1, inside the supplier lead time window of 8 days.",REORDER_POINT_BREACH_LT,MEDIUM_CONFIDENCE,Create purchase order requisition and transmit to vendor within 48 hours.,428.0,7.0,8.0,80.0,281.0,191.55594964412256,2.2708769986427146,0.0,1.0,3.0,2025-04-15,False,False,Policy_B_LT,8,ENGINEERING_RECOMMENDATION_PENDING_BUSINESS_APPROVAL,True
2025-03-25,SKU044,,,,PLACE_PO,Issue Replenishment Purchase Order,Place replenishment purchase order for ~331 units. Target supplier delivery on or before week 1.,2 — HIGH,2,"Projected inventory position (86 units) breaches Reorder Point (119 units) in week 1, inside the supplier lead time window of 8 days.",REORDER_POINT_BREACH_LT,MEDIUM_CONFIDENCE,Create purchase order requisition and transmit to vendor within 48 hours.,170.0,125.0,8.0,47.0,119.0,82.80112219156877,3.5627536462306355,0.0,1.0,4.0,2025-04-22,False,False,Policy_B_LT,8,ENGINEERING_RECOMMENDATION_PENDING_BUSINESS_APPROVAL,True
2025-03-25,SKU045,,,,PLACE_PO,Issue Replenishment Purchase Order,Place replenishment purchase order for ~830 units. Target supplier delivery on or before week 1.,2 — HIGH,2,"Projected inventory position (158 units) breaches Reorder Point (241 units) in week 1, inside the supplier lead time window of 9 days.",REORDER_POINT_BREACH_LT,MEDIUM_CONFIDENCE,Create purchase order requisition and transmit to vendor within 48 hours.,376.0,215.0,9.0,87.0,241.0,207.3920988384005,2.849674617838291,0.0,1.0,3.0,2025-04-15,False,False,Policy_B_LT,8,ENGINEERING_RECOMMENDATION_PENDING_BUSINESS_APPROVAL,True
2025-03-25,SKU005,,,,REVIEW_PIPELINE,Review Replenishment Pipeline,"Prepare replenishment purchase order for week 2. Current pipeline is adequate through week 2, with Reorder Point breach projected in week 3.",3 — MEDIUM,3,"Inventory position remains above Reorder Point during immediate lead time, but declines to 248 units (below Reorder Point of 279 units) in week 3.",REORDER_POINT_BREACH_HORIZON,MEDIUM_CONFIDENCE,Review open purchase order ETAs during weekly inventory planning meeting.,320.0,349.0,4.0,183.0,279.0,137.23167408051296,4.874967856236323,0.0,3.0,5.0,2025-04-29,False,False,Policy_B_LT,8,ENGINEERING_RECOMMENDATION_PENDING_BUSINESS_APPROVAL,True
2025-03-25,SKU007,,,,REVIEW_PIPELINE,Review Replenishment Pipeline,"Prepare replenishment purchase order for week 1. Current pipeline is adequate through week 1, with Reorder Point breach projected in week 2.",3 — MEDIUM,3,"Inventory position remains above Reorder Point during immediate lead time, but declines to 113 units (below Reorder Point of 237 units) in week 2.",REORDER_POINT_BREACH_HORIZON,MEDIUM_CONFIDENCE,Review open purchase order ETAs during weekly inventory planning meeting.,167.0,363.0,5.0,141.0,237.0,205.89775255346495,2.574093176963533,0.0,2.0,3.0,2025-04-15,False,False,Policy_B_LT,8,ENGINEERING_RECOMMENDATION_PENDING_BUSINESS_APPROVAL,True
2025-03-25,SKU008,,,,REVIEW_PIPELINE,Review Replenishment Pipeline,"Prepare replenishment purchase order for week 3. Current pipeline is adequate through week 3, with Reorder Point breach projected in week 4.",3 — MEDIUM,3,"Inventory position remains above Reorder Point during immediate lead time, but declines to 206 units (below Reorder Point of 290 units) in week 4.",REORDER_POINT_BREACH_HORIZON,MEDIUM_CONFIDENCE,Review open purchase order ETAs during weekly inventory planning meeting.,694.0,59.0,4.0,184.0,290.0,137.5700096164917,5.473576705411028,0.0,4.0,6.0,2025-05-06,False,False,Policy_B_LT,8,ENGINEERING_RECOMMENDATION_PENDING_BUSINESS_APPROVAL,True
2025-03-25,SKU009,,,,REVIEW_PIPELINE,Review Replenishment Pipeline,"Prepare replenishment purchase order for week 3. Current pipeline is adequate through week 3, with Reorder Point breach projected in week 4.",3 — MEDIUM,3,"Inventory position remains above Reorder Point during immediate lead time, but declines to 34 units (below Reorder Point of 89 units) in week 4.",REORDER_POINT_BREACH_HORIZON,MEDIUM_CONFIDENCE,Review open purchase order ETAs during weekly inventory planning meeting.,333.0,87.0,3.0,51.0,89.0,95.47100626672673,4.39924136576716,0.0,4.0,5.0,2025-04-29,False,False,Policy_B_LT,8,ENGINEERING_RECOMMENDATION_PENDING_BUSINESS_APPROVAL,True
2025-03-25,SKU011,,,,FREEZE_REPLENISHMENT,Halt Inbound Replenishment,"FREEZE REPLENISHMENT: Severe overstock detected (562 excess units, 25.5 weeks of cover above safety buffer). Suspend all new purchase orders for 26 weeks. Evaluate immediate promotional markdowns, bundle offers, or stock transfers.",3 — MEDIUM,3,Projected inventory position at horizon h=8 exceeds required safety stock by 562 units (25.5 surplus weeks of demand). Evaluated against approved 8-week production forecast horizon.,EXCESS_INVENTORY,MEDIUM_CONFIDENCE,Escalate to merchandise planning for promotional markdown or supplier return assessment.,610.0,289.0,11.0,160.0,456.0,22.074853897440068,40.725071349362516,25.477005258263517,,,,False,False,Policy_B_LT,8,ENGINEERING_RECOMMENDATION_PENDING_BUSINESS_APPROVAL,True
2025-03-25,SKU014,,,,REVIEW_PIPELINE,Review Replenishment Pipeline,"Prepare replenishment purchase order for week 4. Current pipeline is adequate through week 5, with Reorder Point breach projected in week 6.",3 — MEDIUM,3,"Inventory position remains above Reorder Point during immediate lead time, but declines to 219 units (below Reorder Point of 371 units) in week 6.",REORDER_POINT_BREACH_HORIZON,MEDIUM_CONFIDENCE,Review open purchase order ETAs during weekly inventory planning meeting.,650.0,677.0,14.0,93.0,371.0,188.25405141084914,7.048985081887722,0.0,6.0,8.0,2025-05-20,False,False,Policy_B_LT,8,ENGINEERING_RECOMMENDATION_PENDING_BUSINESS_APPROVAL,True
2025-03-25,SKU015,,,,FREEZE_REPLENISHMENT,Halt Inbound Replenishment,"FREEZE REPLENISHMENT: Severe overstock detected (411 excess units, 12.5 weeks of cover above safety buffer). Suspend all new purchase orders for 13 weeks. Evaluate immediate promotional markdowns, bundle offers, or stock transfers.",3 — MEDIUM,3,Projected inventory position at horizon h=8 exceeds required safety stock by 411 units (12.5 surplus weeks of demand). Evaluated against approved 8-week production forecast horizon.,EXCESS_INVENTORY,MEDIUM_CONFIDENCE,Escalate to merchandise planning for promotional markdown or supplier return assessment.,403.0,396.0,9.0,126.0,298.0,32.788985893387476,24.36793875229711,12.525184956565653,,,,False,False,Policy_B_LT,8,ENGINEERING_RECOMMENDATION_PENDING_BUSINESS_APPROVAL,True
2025-03-25,SKU018,,,,REVIEW_PIPELINE,Review Replenishment Pipeline,"Prepare replenishment purchase order for week 3. Current pipeline is adequate through week 3, with Reorder Point breach projected in week 4.",3 — MEDIUM,3,"Inventory position remains above Reorder Point during immediate lead time, but declines to 16 units (below Reorder Point of 166 units) in week 4.",REORDER_POINT_BREACH_HORIZON,MEDIUM_CONFIDENCE,Review open purchase order ETAs during weekly inventory planning meeting.,586.0,251.0,5.0,76.0,166.0,206.5010774121305,4.053247617345516,0.0,4.0,5.0,2025-04-29,False,False,Policy_B_LT,8,ENGINEERING_RECOMMENDATION_PENDING_BUSINESS_APPROVAL,True
2025-03-25,SKU019,,,,REVIEW_PIPELINE,Review Replenishment Pipeline,"Prepare replenishment purchase order for week 2. Current pipeline is adequate through week 2, with Reorder Point breach projected in week 3.",3 — MEDIUM,3,"Inventory position remains above Reorder Point during immediate lead time, but declines to -48 units (below Reorder Point of 80 units) in week 3.",REORDER_POINT_BREACH_HORIZON,MEDIUM_CONFIDENCE,Review open purchase order ETAs during weekly inventory planning meeting.,299.0,88.0,6.0,29.0,80.0,138.04772466114545,2.8033783312976546,0.0,3.0,3.0,2025-04-15,False,False,Policy_B_LT,8,ENGINEERING_RECOMMENDATION_PENDING_BUSINESS_APPROVAL,True
2025-03-25,SKU020,,,,REVIEW_PIPELINE,Review Replenishment Pipeline,"Prepare replenishment purchase order for week 2. Current pipeline is adequate through week 2, with Reorder Point breach projected in week 3.",3 — MEDIUM,3,"Inventory position remains above Reorder Point during immediate lead time, but declines to 195 units (below Reorder Point of 274 units) in week 3.",REORDER_POINT_BREACH_HORIZON,MEDIUM_CONFIDENCE,Review open purchase order ETAs during weekly inventory planning meeting.,487.0,36.0,3.0,153.0,274.0,113.45844345134212,4.609617266821523,0.0,3.0,5.0,2025-04-29,False,False,Policy_B_LT,8,ENGINEERING_RECOMMENDATION_PENDING_BUSINESS_APPROVAL,True
2025-03-25,SKU025,,,,FREEZE_REPLENISHMENT,Halt Inbound Replenishment,"FREEZE REPLENISHMENT: Severe overstock detected (768 excess units, 35.2 weeks of cover above safety buffer). Suspend all new purchase orders for 36 weeks. Evaluate immediate promotional markdowns, bundle offers, or stock transfers.",3 — MEDIUM,3,Projected inventory position at horizon h=8 exceeds required safety stock by 768 units (35.2 surplus weeks of demand). Evaluated against approved 8-week production forecast horizon.,EXCESS_INVENTORY,MEDIUM_CONFIDENCE,Escalate to merchandise planning for promotional markdown or supplier return assessment.,298.0,870.0,6.0,225.0,463.0,21.81297482995437,53.5461123072521,35.23115060422836,,,,False,False,Policy_B_LT,8,ENGINEERING_RECOMMENDATION_PENDING_BUSINESS_APPROVAL,True
2025-03-25,SKU029,,,,REVIEW_PIPELINE,Review Replenishment Pipeline,"Prepare replenishment purchase order for week 5. Current pipeline is adequate through week 5, with Reorder Point breach projected in week 6.",3 — MEDIUM,3,"Inventory position remains above Reorder Point during immediate lead time, but declines to 136 units (below Reorder Point of 240 units) in week 6.",REORDER_POINT_BREACH_HORIZON,MEDIUM_CONFIDENCE,Review open purchase order ETAs during weekly inventory planning meeting.,533.0,427.0,4.0,113.0,240.0,132.98273179174663,7.218982397679854,0.0,6.0,8.0,2025-05-20,False,False,Policy_B_LT,8,ENGINEERING_RECOMMENDATION_PENDING_BUSINESS_APPROVAL,True
2025-03-25,SKU032,,,,REVIEW_PIPELINE,Review Replenishment Pipeline,"Prepare replenishment purchase order for week 2. Current pipeline is adequate through week 3, with Reorder Point breach projected in week 4.",3 — MEDIUM,3,"Inventory position remains above Reorder Point during immediate lead time, but declines to 171 units (below Reorder Point of 236 units) in week 4.",REORDER_POINT_BREACH_HORIZON,MEDIUM_CONFIDENCE,Review open purchase order ETAs during weekly inventory planning meeting.,339.0,138.0,12.0,81.0,236.0,78.68724682973416,6.06197343557015,0.0,4.0,6.0,2025-05-06,False,False,Policy_B_LT,8,ENGINEERING_RECOMMENDATION_PENDING_BUSINESS_APPROVAL,True
2025-03-25,SKU036,,,,REVIEW_PIPELINE,Review Replenishment Pipeline,"Prepare replenishment purchase order for week 1. Current pipeline is adequate through week 2, with Reorder Point breach projected in week 3.",3 — MEDIUM,3,"Inventory position remains above Reorder Point during immediate lead time, but declines to 408 units (below Reorder Point of 419 units) in week 3.",REORDER_POINT_BREACH_HORIZON,MEDIUM_CONFIDENCE,Review open purchase order ETAs during weekly inventory planning meeting.,472.0,56.0,13.0,113.0,419.0,41.9139408575071,12.59724066021416,1.9012402916455993,3.0,,,False,False,Policy_B_LT,8,ENGINEERING_RECOMMENDATION_PENDING_BUSINESS_APPROVAL,True
2025-03-25,SKU037,,,,REVIEW_PIPELINE,Review Replenishment Pipeline,"Prepare replenishment purchase order for week 7. Current pipeline is adequate through week 7, with Reorder Point breach projected in week 8.",3 — MEDIUM,3,"Inventory position remains above Reorder Point during immediate lead time, but declines to 577 units (below Reorder Point of 645 units) in week 8.",REORDER_POINT_BREACH_HORIZON,MEDIUM_CONFIDENCE,Review open purchase order ETAs during weekly inventory planning meeting.,1199.0,1019.0,6.0,333.0,645.0,205.0929486113506,10.814608766501724,1.1909547001153071,8.0,,,False,False,Policy_B_LT,8,ENGINEERING_RECOMMENDATION_PENDING_BUSINESS_APPROVAL,True
2025-03-25,SKU038,,,,REVIEW_PIPELINE,Review Replenishment Pipeline,"Prepare replenishment purchase order for week 4. Current pipeline is adequate through week 5, with Reorder Point breach projected in week 6.",3 — MEDIUM,3,"Inventory position remains above Reorder Point during immediate lead time, but declines to 125 units (below Reorder Point of 170 units) in week 6.",REORDER_POINT_BREACH_HORIZON,MEDIUM_CONFIDENCE,Review open purchase order ETAs during weekly inventory planning meeting.,290.0,202.0,11.0,45.0,170.0,60.589371554224556,8.120236064169832,0.0,6.0,,,False,False,Policy_B_LT,8,ENGINEERING_RECOMMENDATION_PENDING_BUSINESS_APPROVAL,True
2025-03-25,SKU046,,,,REVIEW_PIPELINE,Review Replenishment Pipeline,"Prepare replenishment purchase order for week 3. Current pipeline is adequate through week 4, with Reorder Point breach projected in week 5.",3 — MEDIUM,3,"Inventory position remains above Reorder Point during immediate lead time, but declines to 176 units (below Reorder Point of 223 units) in week 5.",REORDER_POINT_BREACH_HORIZON,MEDIUM_CONFIDENCE,Review open purchase order ETAs during weekly inventory planning meeting.,326.0,226.0,9.0,100.0,223.0,76.99588390166633,7.16921440508398,0.0,5.0,8.0,2025-05-20,False,False,Policy_B_LT,8,ENGINEERING_RECOMMENDATION_PENDING_BUSINESS_APPROVAL,True
2025-03-25,SKU047,,,,REVIEW_PIPELINE,Review Replenishment Pipeline,"Prepare replenishment purchase order for week 1. Current pipeline is adequate through week 1, with Reorder Point breach projected in week 2.",3 — MEDIUM,3,"Inventory position remains above Reorder Point during immediate lead time, but declines to 8 units (below Reorder Point of 79 units) in week 2.",REORDER_POINT_BREACH_HORIZON,MEDIUM_CONFIDENCE,Review open purchase order ETAs during weekly inventory planning meeting.,148.0,116.0,3.0,57.0,79.0,127.14125156823354,2.0764307157879265,0.0,2.0,3.0,2025-04-15,False,False,Policy_B_LT,8,ENGINEERING_RECOMMENDATION_PENDING_BUSINESS_APPROVAL,True
2025-03-25,SKU048,,,,REVIEW_PIPELINE,Review Replenishment Pipeline,"Prepare replenishment purchase order for week 1. Current pipeline is adequate through week 1, with Reorder Point breach projected in week 2.",3 — MEDIUM,3,"Inventory position remains above Reorder Point during immediate lead time, but declines to 31 units (below Reorder Point of 53 units) in week 2.",REORDER_POINT_BREACH_HORIZON,MEDIUM_CONFIDENCE,Review open purchase order ETAs during weekly inventory planning meeting.,109.0,55.0,7.0,26.0,53.0,70.19219725162286,2.336442032325869,0.0,2.0,3.0,2025-04-15,False,False,Policy_B_LT,8,ENGINEERING_RECOMMENDATION_PENDING_BUSINESS_APPROVAL,True
2025-03-25,SKU050,,,,FREEZE_REPLENISHMENT,Halt Inbound Replenishment,"FREEZE REPLENISHMENT: Severe overstock detected (342 excess units, 6.7 weeks of cover above safety buffer). Suspend all new purchase orders for 7 weeks. Evaluate immediate promotional markdowns, bundle offers, or stock transfers.",3 — MEDIUM,3,Projected inventory position at horizon h=8 exceeds required safety stock by 342 units (6.7 surplus weeks of demand). Evaluated against approved 8-week production forecast horizon.,EXCESS_INVENTORY,MEDIUM_CONFIDENCE,Escalate to merchandise planning for promotional markdown or supplier return assessment.,552.0,272.0,6.0,76.0,198.0,50.75476355924281,16.2349293389614,6.737532943620299,,,,False,False,Policy_B_LT,8,ENGINEERING_RECOMMENDATION_PENDING_BUSINESS_APPROVAL,True
2025-03-25,SKU003,,,,FREEZE_REPLENISHMENT,Halt Inbound Replenishment,Elevated stock: pipeline holds 65 units (1.2 weeks) above 8-week horizon target. Defer upcoming order placements.,4 — LOW,4,Projected inventory position at horizon h=8 exceeds required safety stock by 65 units (1.2 surplus weeks of demand). Evaluated against approved 8-week production forecast horizon.,EXCESS_INVENTORY,MEDIUM_CONFIDENCE,Review inventory position at next monthly snapshot.,443.0,138.0,3.0,98.0,136.0,52.257430366625925,11.118036151487734,1.242704752441611,,,,False,False,Policy_B_LT,8,ENGINEERING_RECOMMENDATION_PENDING_BUSINESS_APPROVAL,True
2025-03-25,SKU039,,,,FREEZE_REPLENISHMENT,Halt Inbound Replenishment,Pause purchase orders for 5 weeks. Total pipeline provides 13.6 weeks of cover (105 units surplus above 8-week horizon).,4 — LOW,4,Projected inventory position at horizon h=8 exceeds required safety stock by 105 units (4.3 surplus weeks of demand). Evaluated against approved 8-week production forecast horizon.,EXCESS_INVENTORY,MEDIUM_CONFIDENCE,Monitor weekly demand consumption and confirm no automated replenishment POs are released.,154.0,181.0,13.0,32.0,107.0,24.70868539428529,13.557985568810551,4.262894409998797,,,,False,False,Policy_B_LT,8,ENGINEERING_RECOMMENDATION_PENDING_BUSINESS_APPROVAL,True
2025-04-22,SKU010,,,,EXPEDITE_PO,Expedite Inbound Shipment,Expedite existing inbound purchase order of 73 units immediately or arrange emergency split-shipment. Physical stock of 89 units will be depleted in week 1.,1 — CRITICAL,1,"Projected inventory position drops to -54 units (stockout) in week 1, which is within the supplier lead time of 14 days. Open orders exist but require delivery acceleration.",STOCKOUT_IMMINENT,MEDIUM_CONFIDENCE,Contact supplier within 24 hours to expedite shipment and obtain tracking confirmation.,89.0,73.0,14.0,25.0,82.0,140.7701339264173,1.150812288668276,0.0,1.0,1.0,2025-04-29,False,False,Policy_B_LT,8,ENGINEERING_RECOMMENDATION_PENDING_BUSINESS_APPROVAL,True
2025-04-22,SKU012,,,,EXPEDITE_PO,Expedite Inbound Shipment,Expedite existing inbound purchase order of 60 units immediately or arrange emergency split-shipment. Physical stock of 103 units will be depleted in week 1.,1 — CRITICAL,1,"Projected inventory position drops to -40 units (stockout) in week 1, which is within the supplier lead time of 6 days. Open orders exist but require delivery acceleration.",STOCKOUT_IMMINENT,MEDIUM_CONFIDENCE,Contact supplier within 24 hours to expedite shipment and obtain tracking confirmation.,103.0,60.0,6.0,22.0,46.0,199.0437763187751,0.8189153311628804,0.0,1.0,1.0,2025-04-29,False,False,Policy_B_LT,8,ENGINEERING_RECOMMENDATION_PENDING_BUSINESS_APPROVAL,True
2025-04-22,SKU018,,,,EXPEDITE_PO,Expedite Inbound Shipment,Expedite existing inbound purchase order of 24 units immediately or arrange emergency split-shipment. Physical stock of 287 units will be depleted in week 2.,1 — CRITICAL,1,"Projected inventory position drops to -105 units (stockout) in week 2, which is within the supplier lead time of 11 days. Open orders exist but require delivery acceleration.",STOCKOUT_IMMINENT,MEDIUM_CONFIDENCE,Contact supplier within 24 hours to expedite shipment and obtain tracking confirmation.,287.0,24.0,11.0,86.0,330.0,204.3878857710718,1.5216166008407217,0.0,1.0,2.0,2025-05-06,False,False,Policy_B_LT,8,ENGINEERING_RECOMMENDATION_PENDING_BUSINESS_APPROVAL,True
2025-04-22,SKU026,,,,EXPEDITE_PO,Expedite Inbound Shipment,Expedite existing inbound purchase order of 33 units immediately or arrange emergency split-shipment. Physical stock of 65 units will be depleted in week 1.,1 — CRITICAL,1,"Projected inventory position drops to -119 units (stockout) in week 1, which is within the supplier lead time of 8 days. Open orders exist but require delivery acceleration.",STOCKOUT_IMMINENT,MEDIUM_CONFIDENCE,Contact supplier within 24 hours to expedite shipment and obtain tracking confirmation.,65.0,33.0,8.0,25.0,80.0,176.73202879221458,0.554511826009871,0.0,1.0,1.0,2025-04-29,False,False,Policy_B_LT,8,ENGINEERING_RECOMMENDATION_PENDING_BUSINESS_APPROVAL,True
2025-04-22,SKU031,,,,EXPEDITE_PO,Expedite Inbound Shipment,Expedite existing inbound purchase order of 4 units immediately or arrange emergency split-shipment. Physical stock of 75 units will be depleted in week 1.,1 — CRITICAL,1,"Projected inventory position drops to -76 units (stockout) in week 1, which is within the supplier lead time of 14 days. Open orders exist but require delivery acceleration.",STOCKOUT_IMMINENT,MEDIUM_CONFIDENCE,Contact supplier within 24 hours to expedite shipment and obtain tracking confirmation.,75.0,4.0,14.0,28.0,148.0,146.78767453797508,0.5381923260836324,0.0,1.0,1.0,2025-04-29,False,False,Policy_B_LT,8,ENGINEERING_RECOMMENDATION_PENDING_BUSINESS_APPROVAL,True
2025-04-22,SKU042,,,,EXPEDITE_PO,Expedite Inbound Shipment,Expedite existing inbound purchase order of 38 units immediately or arrange emergency split-shipment. Physical stock of 272 units will be depleted in week 2.,1 — CRITICAL,1,"Projected inventory position drops to -82 units (stockout) in week 2, which is within the supplier lead time of 8 days. Open orders exist but require delivery acceleration.",STOCKOUT_IMMINENT,MEDIUM_CONFIDENCE,Contact supplier within 24 hours to expedite shipment and obtain tracking confirmation.,272.0,38.0,8.0,43.0,113.0,191.24513942926797,1.620956228875315,0.0,1.0,2.0,2025-05-06,False,False,Policy_B_LT,8,ENGINEERING_RECOMMENDATION_PENDING_BUSINESS_APPROVAL,True
2025-04-22,SKU045,,,,EXPEDITE_PO,Expedite Inbound Shipment,Issue emergency purchase order for ~817 units with air/priority freight. Zero inbound orders exist and physical stock of 98 units exhausts in week 1.,1 — CRITICAL,1,Stockout projected in week 1 (-105 units balance) within lead time of 3 days with no open replenishment orders in the pipeline.,STOCKOUT_IMMINENT,MEDIUM_CONFIDENCE,Contact supplier within 24 hours to expedite shipment and obtain tracking confirmation.,98.0,0.0,3.0,71.0,128.0,204.248902364875,0.47980674003785106,0.0,1.0,1.0,2025-04-29,False,False,Policy_B_LT,8,ENGINEERING_RECOMMENDATION_PENDING_BUSINESS_APPROVAL,True
2025-04-22,SKU047,,,,EXPEDITE_PO,Expedite Inbound Shipment,Expedite existing inbound purchase order of 40 units immediately or arrange emergency split-shipment. Physical stock of 162 units will be depleted in week 2.,1 — CRITICAL,1,"Projected inventory position drops to -48 units (stockout) in week 2, which is within the supplier lead time of 13 days. Open orders exist but require delivery acceleration.",STOCKOUT_IMMINENT,MEDIUM_CONFIDENCE,Contact supplier within 24 hours to expedite shipment and obtain tracking confirmation.,162.0,40.0,13.0,39.0,150.0,116.41992853763219,1.735098127419864,0.0,1.0,2.0,2025-05-06,False,False,Policy_B_LT,8,ENGINEERING_RECOMMENDATION_PENDING_BUSINESS_APPROVAL,True
2025-04-22,SKU048,,,,EXPEDITE_PO,Expedite Inbound Shipment,Expedite existing inbound purchase order of 26 units immediately or arrange emergency split-shipment. Physical stock of 90 units will be depleted in week 2.,1 — CRITICAL,1,"Projected inventory position drops to -6 units (stockout) in week 2, which is within the supplier lead time of 10 days. Open orders exist but require delivery acceleration.",STOCKOUT_IMMINENT,MEDIUM_CONFIDENCE,Contact supplier within 24 hours to expedite shipment and obtain tracking confirmation.,90.0,26.0,10.0,28.0,77.0,68.66515607453572,1.6893575523819173,0.0,1.0,2.0,2025-05-06,False,False,Policy_B_LT,8,ENGINEERING_RECOMMENDATION_PENDING_BUSINESS_APPROVAL,True
2025-04-22,SKU006,,,,PLACE_PO,Issue Replenishment Purchase Order,Issue a calibrated replenishment order for ~211 units to protect week 1 Reorder Point breach. Note: Long-horizon inventory indicates 11.7 weeks of terminal surplus; do not exceed required batch size.,2 — HIGH,2,Inventory position breaches Reorder Point (404 units) in week 1 (lead time is 13 days). Reorder takes strict precedence over terminal surplus to prevent intermediate stockout.,REORDER_POINT_BREACH_LT,MEDIUM_CONFIDENCE,Create purchase order requisition and transmit to vendor within 48 hours.,460.0,692.0,13.0,113.0,404.0,52.76794479817167,21.83143581593337,11.68998421246074,1.0,,,False,False,Policy_B_LT,8,ENGINEERING_RECOMMENDATION_PENDING_BUSINESS_APPROVAL,True
2025-04-22,SKU007,,,,PLACE_PO,Issue Replenishment Purchase Order,Place replenishment purchase order for ~742 units. Target supplier delivery on or before week 1.,2 — HIGH,2,"Projected inventory position (139 units) breaches Reorder Point (291 units) in week 1, inside the supplier lead time window of 9 days.",REORDER_POINT_BREACH_LT,MEDIUM_CONFIDENCE,Create purchase order requisition and transmit to vendor within 48 hours.,335.0,202.0,9.0,85.0,291.0,185.42278975040026,2.8960841368143684,0.0,1.0,3.0,2025-05-13,False,False,Policy_B_LT,8,ENGINEERING_RECOMMENDATION_PENDING_BUSINESS_APPROVAL,True
2025-04-22,SKU009,,,,PLACE_PO,Issue Replenishment Purchase Order,Place replenishment purchase order for ~334 units. Target supplier delivery on or before week 1.,2 — HIGH,2,"Projected inventory position (193 units) breaches Reorder Point (195 units) in week 1, inside the supplier lead time window of 14 days.",REORDER_POINT_BREACH_LT,MEDIUM_CONFIDENCE,Create purchase order requisition and transmit to vendor within 48 hours.,278.0,384.0,14.0,36.0,195.0,83.55208904931703,7.923201053767205,0.0,1.0,8.0,2025-06-17,False,False,Policy_B_LT,8,ENGINEERING_RECOMMENDATION_PENDING_BUSINESS_APPROVAL,True
2025-04-22,SKU013,,,,PLACE_PO,Issue Replenishment Purchase Order,Place replenishment purchase order for ~449 units. Target supplier delivery on or before week 1.,2 — HIGH,2,"Projected inventory position (49 units) breaches Reorder Point (214 units) in week 1, inside the supplier lead time window of 14 days.",REORDER_POINT_BREACH_LT,MEDIUM_CONFIDENCE,Create purchase order requisition and transmit to vendor within 48 hours.,165.0,89.0,14.0,65.0,214.0,112.17157301020022,2.2643883221366856,0.0,1.0,3.0,2025-05-13,False,False,Policy_B_LT,8,ENGINEERING_RECOMMENDATION_PENDING_BUSINESS_APPROVAL,True
2025-04-22,SKU014,,,,PLACE_PO,Issue Replenishment Purchase Order,Place replenishment purchase order for ~672 units. Target supplier delivery on or before week 1.,2 — HIGH,2,"Projected inventory position (196 units) breaches Reorder Point (294 units) in week 1, inside the supplier lead time window of 8 days.",REORDER_POINT_BREACH_LT,MEDIUM_CONFIDENCE,Create purchase order requisition and transmit to vendor within 48 hours.,375.0,298.0,8.0,101.0,294.0,168.02847937170793,4.005273406725345,0.0,1.0,4.0,2025-05-20,False,False,Policy_B_LT,8,ENGINEERING_RECOMMENDATION_PENDING_BUSINESS_APPROVAL,True
2025-04-22,SKU019,,,,PLACE_PO,Issue Replenishment Purchase Order,Place replenishment purchase order for ~550 units. Target supplier delivery on or before week 1.,2 — HIGH,2,"Projected inventory position (105 units) breaches Reorder Point (169 units) in week 1, inside the supplier lead time window of 9 days.",REORDER_POINT_BREACH_LT,MEDIUM_CONFIDENCE,Create purchase order requisition and transmit to vendor within 48 hours.,235.0,184.0,9.0,79.0,169.0,137.57631953601054,3.0455822732656177,0.0,1.0,4.0,2025-05-20,False,False,Policy_B_LT,8,ENGINEERING_RECOMMENDATION_PENDING_BUSINESS_APPROVAL,True
2025-04-22,SKU021,,,,PLACE_PO,Issue Replenishment Purchase Order,Place replenishment purchase order for ~286 units. Target supplier delivery on or before week 1.,2 — HIGH,2,"Projected inventory position (87 units) breaches Reorder Point (98 units) in week 1, inside the supplier lead time window of 5 days.",REORDER_POINT_BREACH_LT,MEDIUM_CONFIDENCE,Create purchase order requisition and transmit to vendor within 48 hours.,89.0,68.0,5.0,60.0,98.0,71.46652156736916,2.196832818454739,0.0,1.0,3.0,2025-05-13,False,False,Policy_B_LT,8,ENGINEERING_RECOMMENDATION_PENDING_BUSINESS_APPROVAL,True
2025-04-22,SKU024,,,,PLACE_PO,Issue Replenishment Purchase Order,Place replenishment purchase order for ~433 units. Target supplier delivery on or before week 1.,2 — HIGH,2,"Projected inventory position (166 units) breaches Reorder Point (191 units) in week 1, inside the supplier lead time window of 3 days.",REORDER_POINT_BREACH_LT,MEDIUM_CONFIDENCE,Create purchase order requisition and transmit to vendor within 48 hours.,177.0,103.0,3.0,134.0,191.0,108.35650213256987,2.584062741868791,0.0,1.0,3.0,2025-05-13,False,False,Policy_B_LT,8,ENGINEERING_RECOMMENDATION_PENDING_BUSINESS_APPROVAL,True
2025-04-22,SKU025,,,,PLACE_PO,Issue Replenishment Purchase Order,Issue a calibrated replenishment order for ~399 units to protect week 1 Reorder Point breach. Note: Long-horizon inventory indicates 30.9 weeks of terminal surplus; do not exceed required batch size.,2 — HIGH,2,Inventory position breaches Reorder Point (641 units) in week 1 (lead time is 11 days). Reorder takes strict precedence over terminal surplus to prevent intermediate stockout.,REORDER_POINT_BREACH_LT,MEDIUM_CONFIDENCE,Create purchase order requisition and transmit to vendor within 48 hours.,292.0,677.0,11.0,166.0,641.0,20.64309942315823,46.940625539638596,30.89919742861692,1.0,,,False,False,Policy_B_LT,8,ENGINEERING_RECOMMENDATION_PENDING_BUSINESS_APPROVAL,True
2025-04-22,SKU028,,,,PLACE_PO,Issue Replenishment Purchase Order,Place replenishment purchase order for ~194 units. Target supplier delivery on or before week 1.,2 — HIGH,2,"Projected inventory position (199 units) breaches Reorder Point (212 units) in week 1, inside the supplier lead time window of 3 days.",REORDER_POINT_BREACH_LT,MEDIUM_CONFIDENCE,Create purchase order requisition and transmit to vendor within 48 hours.,243.0,4.0,3.0,139.0,212.0,48.440706110566666,5.0990173313373806,0.0,1.0,6.0,2025-06-03,False,False,Policy_B_LT,8,ENGINEERING_RECOMMENDATION_PENDING_BUSINESS_APPROVAL,True
2025-04-22,SKU029,,,,PLACE_PO,Issue Replenishment Purchase Order,Place replenishment purchase order for ~483 units. Target supplier delivery on or before week 1.,2 — HIGH,2,"Projected inventory position (420 units) breaches Reorder Point (488 units) in week 1, inside the supplier lead time window of 11 days.",REORDER_POINT_BREACH_LT,MEDIUM_CONFIDENCE,Create purchase order requisition and transmit to vendor within 48 hours.,544.0,266.0,11.0,107.0,488.0,120.70209645049178,6.710736795961425,0.0,1.0,7.0,2025-06-10,False,False,Policy_B_LT,8,ENGINEERING_RECOMMENDATION_PENDING_BUSINESS_APPROVAL,True
2025-04-22,SKU033,,,,PLACE_PO,Issue Replenishment Purchase Order,Place replenishment purchase order for ~606 units. Target supplier delivery on or before week 1.,2 — HIGH,2,"Projected inventory position (49 units) breaches Reorder Point (135 units) in week 1, inside the supplier lead time window of 4 days.",REORDER_POINT_BREACH_LT,MEDIUM_CONFIDENCE,Create purchase order requisition and transmit to vendor within 48 hours.,142.0,65.0,4.0,71.0,135.0,151.43289695658189,1.366942085637773,0.0,1.0,2.0,2025-05-06,False,False,Policy_B_LT,8,ENGINEERING_RECOMMENDATION_PENDING_BUSINESS_APPROVAL,True
2025-04-22,SKU034,,,,PLACE_PO,Issue Replenishment Purchase Order,Place replenishment purchase order for ~669 units. Target supplier delivery on or before week 1.,2 — HIGH,2,"Projected inventory position (43 units) breaches Reorder Point (77 units) in week 1, inside the supplier lead time window of 6 days.",REORDER_POINT_BREACH_LT,MEDIUM_CONFIDENCE,Create purchase order requisition and transmit to vendor within 48 hours.,129.0,86.0,6.0,32.0,77.0,167.17373807162352,1.2860871718253133,0.0,1.0,2.0,2025-05-06,False,False,Policy_B_LT,8,ENGINEERING_RECOMMENDATION_PENDING_BUSINESS_APPROVAL,True
2025-04-22,SKU038,,,,PLACE_PO,Issue Replenishment Purchase Order,Place replenishment purchase order for ~303 units. Target supplier delivery on or before week 1.,2 — HIGH,2,"Projected inventory position (75 units) breaches Reorder Point (261 units) in week 1, inside the supplier lead time window of 13 days.",REORDER_POINT_BREACH_LT,MEDIUM_CONFIDENCE,Create purchase order requisition and transmit to vendor within 48 hours.,146.0,169.0,13.0,81.0,261.0,65.06580586459435,4.841252572134939,0.0,1.0,5.0,2025-05-27,False,False,Policy_B_LT,8,ENGINEERING_RECOMMENDATION_PENDING_BUSINESS_APPROVAL,True
2025-04-22,SKU040,,,,PLACE_PO,Issue Replenishment Purchase Order,Place replenishment purchase order for ~469 units. Target supplier delivery on or before week 1.,2 — HIGH,2,"Projected inventory position (85 units) breaches Reorder Point (176 units) in week 1, inside the supplier lead time window of 13 days.",REORDER_POINT_BREACH_LT,MEDIUM_CONFIDENCE,Create purchase order requisition and transmit to vendor within 48 hours.,205.0,97.0,13.0,66.0,176.0,117.15043961716073,2.5778819182148562,0.0,1.0,3.0,2025-05-13,False,False,Policy_B_LT,8,ENGINEERING_RECOMMENDATION_PENDING_BUSINESS_APPROVAL,True
2025-04-22,SKU044,,,,PLACE_PO,Issue Replenishment Purchase Order,Place replenishment purchase order for ~313 units. Target supplier delivery on or before week 1.,2 — HIGH,2,"Projected inventory position (110 units) breaches Reorder Point (190 units) in week 1, inside the supplier lead time window of 12 days.",REORDER_POINT_BREACH_LT,MEDIUM_CONFIDENCE,Create purchase order requisition and transmit to vendor within 48 hours.,191.0,337.0,12.0,63.0,190.0,78.22065677196548,6.750135089497699,0.0,1.0,7.0,2025-06-10,False,False,Policy_B_LT,8,ENGINEERING_RECOMMENDATION_PENDING_BUSINESS_APPROVAL,True
2025-04-22,SKU046,,,,PLACE_PO,Issue Replenishment Purchase Order,Place replenishment purchase order for ~314 units. Target supplier delivery on or before week 1.,2 — HIGH,2,"Projected inventory position (135 units) breaches Reorder Point (198 units) in week 1, inside the supplier lead time window of 5 days.",REORDER_POINT_BREACH_LT,MEDIUM_CONFIDENCE,Create purchase order requisition and transmit to vendor within 48 hours.,129.0,85.0,5.0,120.0,198.0,78.45817831659325,2.727567789510361,0.0,1.0,3.0,2025-05-13,False,False,Policy_B_LT,8,ENGINEERING_RECOMMENDATION_PENDING_BUSINESS_APPROVAL,True
2025-04-22,SKU001,,,,FREEZE_REPLENISHMENT,Halt Inbound Replenishment,"FREEZE REPLENISHMENT: Severe overstock detected (1392 excess units, 11.7 weeks of cover above safety buffer). Suspend all new purchase orders for 12 weeks. Evaluate immediate promotional markdowns, bundle offers, or stock transfers.",3 — MEDIUM,3,Projected inventory position at horizon h=8 exceeds required safety stock by 1392 units (11.7 surplus weeks of demand). Evaluated against approved 8-week production forecast horizon.,EXCESS_INVENTORY,MEDIUM_CONFIDENCE,Escalate to merchandise planning for promotional markdown or supplier return assessment.,1244.0,1262.0,14.0,164.0,752.0,118.73506335884004,21.10581263115504,11.724586265828055,,,,False,False,Policy_B_LT,8,ENGINEERING_RECOMMENDATION_PENDING_BUSINESS_APPROVAL,True
2025-04-22,SKU002,,,,FREEZE_REPLENISHMENT,Halt Inbound Replenishment,"FREEZE REPLENISHMENT: Severe overstock detected (515 excess units, 6.0 weeks of cover above safety buffer). Suspend all new purchase orders for 7 weeks. Evaluate immediate promotional markdowns, bundle offers, or stock transfers.",3 — MEDIUM,3,Projected inventory position at horizon h=8 exceeds required safety stock by 515 units (6.0 surplus weeks of demand). Evaluated against approved 8-week production forecast horizon.,EXCESS_INVENTORY,MEDIUM_CONFIDENCE,Escalate to merchandise planning for promotional markdown or supplier return assessment.,706.0,579.0,9.0,84.0,317.0,85.75041761139005,14.985349760317856,6.0057626942737325,,,,False,False,Policy_B_LT,8,ENGINEERING_RECOMMENDATION_PENDING_BUSINESS_APPROVAL,True
2025-04-22,SKU003,,,,REVIEW_PIPELINE,Review Replenishment Pipeline,"Prepare replenishment purchase order for week 4. Current pipeline is adequate through week 4, with Reorder Point breach projected in week 5.",3 — MEDIUM,3,"Inventory position remains above Reorder Point during immediate lead time, but declines to 151 units (below Reorder Point of 160 units) in week 5.",REORDER_POINT_BREACH_HORIZON,MEDIUM_CONFIDENCE,Review open purchase order ETAs during weekly inventory planning meeting.,337.0,47.0,4.0,105.0,160.0,45.063139123912286,8.52137706039734,0.0,5.0,,,False,False,Policy_B_LT,8,ENGINEERING_RECOMMENDATION_PENDING_BUSINESS_APPROVAL,True
2025-04-22,SKU004,,,,FREEZE_REPLENISHMENT,Halt Inbound Replenishment,"FREEZE REPLENISHMENT: Severe overstock detected (435 excess units, 10.0 weeks of cover above safety buffer). Suspend all new purchase orders for 10 weeks. Evaluate immediate promotional markdowns, bundle offers, or stock transfers.",3 — MEDIUM,3,Projected inventory position at horizon h=8 exceeds required safety stock by 435 units (10.0 surplus weeks of demand). Evaluated against approved 8-week production forecast horizon.,EXCESS_INVENTORY,MEDIUM_CONFIDENCE,Escalate to merchandise planning for promotional markdown or supplier return assessment.,498.0,377.0,5.0,90.0,206.0,43.696986494502575,20.024264147141633,9.964625549149922,,,,False,False,Policy_B_LT,8,ENGINEERING_RECOMMENDATION_PENDING_BUSINESS_APPROVAL,True
2025-04-22,SKU005,,,,REVIEW_PIPELINE,Review Replenishment Pipeline,"Prepare replenishment purchase order for week 3. Current pipeline is adequate through week 4, with Reorder Point breach projected in week 5.",3 — MEDIUM,3,"Inventory position remains above Reorder Point during immediate lead time, but declines to 358 units (below Reorder Point of 386 units) in week 5.",REORDER_POINT_BREACH_HORIZON,MEDIUM_CONFIDENCE,Review open purchase order ETAs during weekly inventory planning meeting.,696.0,333.0,11.0,95.0,386.0,130.38997918910223,7.891710746480447,0.0,5.0,8.0,2025-06-17,False,False,Policy_B_LT,8,ENGINEERING_RECOMMENDATION_PENDING_BUSINESS_APPROVAL,True
2025-04-22,SKU008,,,,REVIEW_PIPELINE,Review Replenishment Pipeline,"Prepare replenishment purchase order for week 3. Current pipeline is adequate through week 3, with Reorder Point breach projected in week 4.",3 — MEDIUM,3,"Inventory position remains above Reorder Point during immediate lead time, but declines to 128 units (below Reorder Point of 244 units) in week 4.",REORDER_POINT_BREACH_HORIZON,MEDIUM_CONFIDENCE,Review open purchase order ETAs during weekly inventory planning meeting.,256.0,427.0,3.0,151.0,244.0,138.727039833655,4.923337229850594,0.0,4.0,5.0,2025-05-27,False,False,Policy_B_LT,8,ENGINEERING_RECOMMENDATION_PENDING_BUSINESS_APPROVAL,True
2025-04-22,SKU011,,,,FREEZE_REPLENISHMENT,Halt Inbound Replenishment,"FREEZE REPLENISHMENT: Severe overstock detected (1039 excess units, 43.0 weeks of cover above safety buffer). Suspend all new purchase orders for 43 weeks. Evaluate immediate promotional markdowns, bundle offers, or stock transfers.",3 — MEDIUM,3,Projected inventory position at horizon h=8 exceeds required safety stock by 1039 units (43.0 surplus weeks of demand). Evaluated against approved 8-week production forecast horizon.,EXCESS_INVENTORY,MEDIUM_CONFIDENCE,Escalate to merchandise planning for promotional markdown or supplier return assessment.,853.0,577.0,6.0,198.0,386.0,24.17719408062628,59.14664849987248,42.95711255373628,,,,False,False,Policy_B_LT,8,ENGINEERING_RECOMMENDATION_PENDING_BUSINESS_APPROVAL,True
2025-04-22,SKU015,,,,FREEZE_REPLENISHMENT,Halt Inbound Replenishment,"FREEZE REPLENISHMENT: Severe overstock detected (260 excess units, 7.8 weeks of cover above safety buffer). Suspend all new purchase orders for 8 weeks. Evaluate immediate promotional markdowns, bundle offers, or stock transfers.",3 — MEDIUM,3,Projected inventory position at horizon h=8 exceeds required safety stock by 260 units (7.8 surplus weeks of demand). Evaluated against approved 8-week production forecast horizon.,EXCESS_INVENTORY,MEDIUM_CONFIDENCE,Escalate to merchandise planning for promotional markdown or supplier return assessment.,481.0,195.0,10.0,148.0,385.0,33.48071120019726,20.19072999847199,7.7702743183331515,,,,False,False,Policy_B_LT,8,ENGINEERING_RECOMMENDATION_PENDING_BUSINESS_APPROVAL,True
2025-04-22,SKU016,,,,REVIEW_PIPELINE,Review Replenishment Pipeline,"Prepare replenishment purchase order for week 2. Current pipeline is adequate through week 2, with Reorder Point breach projected in week 3.",3 — MEDIUM,3,"Inventory position remains above Reorder Point during immediate lead time, but declines to 51 units (below Reorder Point of 98 units) in week 3.",REORDER_POINT_BREACH_HORIZON,MEDIUM_CONFIDENCE,Review open purchase order ETAs during weekly inventory planning meeting.,348.0,22.0,3.0,56.0,98.0,113.10311821562202,3.2713510099219785,0.0,3.0,4.0,2025-05-20,False,False,Policy_B_LT,8,ENGINEERING_RECOMMENDATION_PENDING_BUSINESS_APPROVAL,True
2025-04-22,SKU017,,,,REVIEW_PIPELINE,Review Replenishment Pipeline,"Prepare replenishment purchase order for week 5. Current pipeline is adequate through week 6, with Reorder Point breach projected in week 7.",3 — MEDIUM,3,"Inventory position remains above Reorder Point during immediate lead time, but declines to 216 units (below Reorder Point of 301 units) in week 7.",REORDER_POINT_BREACH_HORIZON,MEDIUM_CONFIDENCE,Review open purchase order ETAs during weekly inventory planning meeting.,510.0,559.0,11.0,119.0,301.0,120.71676040537024,8.855439761722137,0.0,7.0,,,False,False,Policy_B_LT,8,ENGINEERING_RECOMMENDATION_PENDING_BUSINESS_APPROVAL,True
2025-04-22,SKU020,,,,FREEZE_REPLENISHMENT,Halt Inbound Replenishment,"FREEZE REPLENISHMENT: Severe overstock detected (884 excess units, 8.2 weeks of cover above safety buffer). Suspend all new purchase orders for 9 weeks. Evaluate immediate promotional markdowns, bundle offers, or stock transfers.",3 — MEDIUM,3,Projected inventory position at horizon h=8 exceeds required safety stock by 884 units (8.2 surplus weeks of demand). Evaluated against approved 8-week production forecast horizon.,EXCESS_INVENTORY,MEDIUM_CONFIDENCE,Escalate to merchandise planning for promotional markdown or supplier return assessment.,1040.0,1007.0,5.0,296.0,524.0,108.32214763418455,18.89733581458279,8.164745975248884,,,,False,False,Policy_B_LT,8,ENGINEERING_RECOMMENDATION_PENDING_BUSINESS_APPROVAL,True
2025-04-22,SKU022,,,,REVIEW_PIPELINE,Review Replenishment Pipeline,"Prepare replenishment purchase order for week 6. Current pipeline is adequate through week 7, with Reorder Point breach projected in week 8.",3 — MEDIUM,3,"Inventory position remains above Reorder Point during immediate lead time, but declines to 118 units (below Reorder Point of 182 units) in week 8.",REORDER_POINT_BREACH_HORIZON,MEDIUM_CONFIDENCE,Review open purchase order ETAs during weekly inventory planning meeting.,468.0,312.0,8.0,62.0,182.0,82.73901201322595,9.427233671527476,0.6778894566111897,8.0,,,False,False,Policy_B_LT,8,ENGINEERING_RECOMMENDATION_PENDING_BUSINESS_APPROVAL,True
2025-04-22,SKU023,,,,REVIEW_PIPELINE,Review Replenishment Pipeline,"Prepare replenishment purchase order for week 4. Current pipeline is adequate through week 4, with Reorder Point breach projected in week 5.",3 — MEDIUM,3,"Inventory position remains above Reorder Point during immediate lead time, but declines to 133 units (below Reorder Point of 162 units) in week 5.",REORDER_POINT_BREACH_HORIZON,MEDIUM_CONFIDENCE,Review open purchase order ETAs during weekly inventory planning meeting.,425.0,305.0,6.0,88.0,162.0,121.5701382289913,6.004764086267314,0.0,5.0,7.0,2025-06-10,False,False,Policy_B_LT,8,ENGINEERING_RECOMMENDATION_PENDING_BUSINESS_APPROVAL,True
2025-04-22,SKU027,,,,REVIEW_PIPELINE,Review Replenishment Pipeline,"Prepare replenishment purchase order for week 1. Current pipeline is adequate through week 2, with Reorder Point breach projected in week 3.",3 — MEDIUM,3,"Inventory position remains above Reorder Point during immediate lead time, but declines to 311 units (below Reorder Point of 380 units) in week 3.",REORDER_POINT_BREACH_HORIZON,MEDIUM_CONFIDENCE,Review open purchase order ETAs during weekly inventory planning meeting.,775.0,125.0,11.0,108.0,380.0,195.28214170170133,4.608716353463461,0.0,3.0,5.0,2025-05-27,False,False,Policy_B_LT,8,ENGINEERING_RECOMMENDATION_PENDING_BUSINESS_APPROVAL,True
2025-04-22,SKU030,,,,REVIEW_PIPELINE,Review Replenishment Pipeline,"Prepare replenishment purchase order for week 6. Current pipeline is adequate through week 6, with Reorder Point breach projected in week 7.",3 — MEDIUM,3,"Inventory position remains above Reorder Point during immediate lead time, but declines to 53 units (below Reorder Point of 72 units) in week 7.",REORDER_POINT_BREACH_HORIZON,MEDIUM_CONFIDENCE,Review open purchase order ETAs during weekly inventory planning meeting.,271.0,64.0,3.0,45.0,72.0,39.92684501109975,8.390344889681849,0.0,7.0,,,False,False,Policy_B_LT,8,ENGINEERING_RECOMMENDATION_PENDING_BUSINESS_APPROVAL,True
2025-04-22,SKU032,,,,REVIEW_PIPELINE,Review Replenishment Pipeline,"Prepare replenishment purchase order for week 3. Current pipeline is adequate through week 4, with Reorder Point breach projected in week 5.",3 — MEDIUM,3,"Inventory position remains above Reorder Point during immediate lead time, but declines to 146 units (below Reorder Point of 229 units) in week 5.",REORDER_POINT_BREACH_HORIZON,MEDIUM_CONFIDENCE,Review open purchase order ETAs during weekly inventory planning meeting.,355.0,172.0,8.0,113.0,229.0,82.47887889291258,6.389514589356103,0.0,5.0,7.0,2025-06-10,False,False,Policy_B_LT,8,ENGINEERING_RECOMMENDATION_PENDING_BUSINESS_APPROVAL,True
2025-04-22,SKU035,,,,REVIEW_PIPELINE,Review Replenishment Pipeline,"Prepare replenishment purchase order for week 5. Current pipeline is adequate through week 5, with Reorder Point breach projected in week 6.",3 — MEDIUM,3,"Inventory position remains above Reorder Point during immediate lead time, but declines to 172 units (below Reorder Point of 261 units) in week 6.",REORDER_POINT_BREACH_HORIZON,MEDIUM_CONFIDENCE,Review open purchase order ETAs during weekly inventory planning meeting.,700.0,499.0,4.0,152.0,261.0,170.15815375374842,7.046385809610885,0.0,6.0,8.0,2025-06-17,False,False,Policy_B_LT,8,ENGINEERING_RECOMMENDATION_PENDING_BUSINESS_APPROVAL,True
2025-04-22,SKU036,,,,FREEZE_REPLENISHMENT,Halt Inbound Replenishment,"FREEZE REPLENISHMENT: Severe overstock detected (603 excess units, 15.8 weeks of cover above safety buffer). Suspend all new purchase orders for 16 weeks. Evaluate immediate promotional markdowns, bundle offers, or stock transfers.",3 — MEDIUM,3,Projected inventory position at horizon h=8 exceeds required safety stock by 603 units (15.8 surplus weeks of demand). Evaluated against approved 8-week production forecast horizon.,EXCESS_INVENTORY,MEDIUM_CONFIDENCE,Escalate to merchandise planning for promotional markdown or supplier return assessment.,512.0,471.0,13.0,75.0,397.0,38.08525965517231,25.81051065163212,15.841244833857546,,,,False,False,Policy_B_LT,8,ENGINEERING_RECOMMENDATION_PENDING_BUSINESS_APPROVAL,True
2025-04-22,SKU037,,,,REVIEW_PIPELINE,Review Replenishment Pipeline,"Prepare replenishment purchase order for week 1. Current pipeline is adequate through week 1, with Reorder Point breach projected in week 2.",3 — MEDIUM,3,"Inventory position remains above Reorder Point during immediate lead time, but declines to 553 units (below Reorder Point of 581 units) in week 2.",REORDER_POINT_BREACH_HORIZON,MEDIUM_CONFIDENCE,Review open purchase order ETAs during weekly inventory planning meeting.,455.0,502.0,7.0,183.0,581.0,197.90286567216702,4.835705621288495,0.0,2.0,5.0,2025-05-27,False,False,Policy_B_LT,8,ENGINEERING_RECOMMENDATION_PENDING_BUSINESS_APPROVAL,True
2025-04-22,SKU039,,,,REVIEW_PIPELINE,Review Replenishment Pipeline,"Prepare replenishment purchase order for week 3. Current pipeline is adequate through week 3, with Reorder Point breach projected in week 4.",3 — MEDIUM,3,"Inventory position remains above Reorder Point during immediate lead time, but declines to 34 units (below Reorder Point of 61 units) in week 4.",REORDER_POINT_BREACH_HORIZON,MEDIUM_CONFIDENCE,Review open purchase order ETAs during weekly inventory planning meeting.,71.0,63.0,3.0,42.0,61.0,26.07023898094817,5.1399605541754205,0.0,4.0,6.0,2025-06-03,False,False,Policy_B_LT,8,ENGINEERING_RECOMMENDATION_PENDING_BUSINESS_APPROVAL,True
2025-04-22,SKU041,,,,REVIEW_PIPELINE,Review Replenishment Pipeline,"Prepare replenishment purchase order for week 7. Current pipeline is adequate through week 7, with Reorder Point breach projected in week 8.",3 — MEDIUM,3,"Inventory position remains above Reorder Point during immediate lead time, but declines to 221 units (below Reorder Point of 259 units) in week 8.",REORDER_POINT_BREACH_HORIZON,MEDIUM_CONFIDENCE,Review open purchase order ETAs during weekly inventory planning meeting.,737.0,235.0,6.0,126.0,259.0,93.8519097465445,10.35674183535501,1.0142012270682499,8.0,,,False,False,Policy_B_LT,8,ENGINEERING_RECOMMENDATION_PENDING_BUSINESS_APPROVAL,True
2025-04-22,SKU043,,,,REVIEW_PIPELINE,Review Replenishment Pipeline,"Prepare replenishment purchase order for week 3. Current pipeline is adequate through week 4, with Reorder Point breach projected in week 5.",3 — MEDIUM,3,"Inventory position remains above Reorder Point during immediate lead time, but declines to 346 units (below Reorder Point of 534 units) in week 5.",REORDER_POINT_BREACH_HORIZON,MEDIUM_CONFIDENCE,Review open purchase order ETAs during weekly inventory planning meeting.,785.0,470.0,13.0,166.0,534.0,183.13372638517492,6.852915761460719,0.0,5.0,7.0,2025-06-10,False,False,Policy_B_LT,8,ENGINEERING_RECOMMENDATION_PENDING_BUSINESS_APPROVAL,True
2025-04-22,SKU049,,,,REVIEW_PIPELINE,Review Replenishment Pipeline,"Prepare replenishment purchase order for week 3. Current pipeline is adequate through week 4, with Reorder Point breach projected in week 5.",3 — MEDIUM,3,"Inventory position remains above Reorder Point during immediate lead time, but declines to 424 units (below Reorder Point of 476 units) in week 5.",REORDER_POINT_BREACH_HORIZON,MEDIUM_CONFIDENCE,Review open purchase order ETAs during weekly inventory planning meeting.,806.0,632.0,8.0,177.0,476.0,198.94642671265615,7.228076541816674,0.0,5.0,8.0,2025-06-17,False,False,Policy_B_LT,8,ENGINEERING_RECOMMENDATION_PENDING_BUSINESS_APPROVAL,True
2025-04-22,SKU050,,,,REVIEW_PIPELINE,Review Replenishment Pipeline,"Prepare replenishment purchase order for week 5. Current pipeline is adequate through week 5, with Reorder Point breach projected in week 6.",3 — MEDIUM,3,"Inventory position remains above Reorder Point during immediate lead time, but declines to 231 units (below Reorder Point of 235 units) in week 6.",REORDER_POINT_BREACH_HORIZON,MEDIUM_CONFIDENCE,Review open purchase order ETAs during weekly inventory planning meeting.,456.0,87.0,5.0,118.0,235.0,51.55971881763261,10.531477138589487,0.242868846962306,6.0,,,False,False,Policy_B_LT,8,ENGINEERING_RECOMMENDATION_PENDING_BUSINESS_APPROVAL,True
2025-05-13,SKU012,,,,EXPEDITE_PO,Expedite Inbound Shipment,Expedite existing inbound purchase order of 61 units immediately or arrange emergency split-shipment. Physical stock of 61 units will be depleted in week 1.,1 — CRITICAL,1,"Projected inventory position drops to -68 units (stockout) in week 1, which is within the supplier lead time of 3 days. Open orders exist but require delivery acceleration.",STOCKOUT_IMMINENT,HIGH_CONFIDENCE,Contact supplier within 24 hours to expedite shipment and obtain tracking confirmation.,61.0,61.0,3.0,24.0,35.0,194.68191120536335,0.6266632541495154,0.0,1.0,1.0,2025-05-20,False,False,Policy_B_LT,8,ENGINEERING_RECOMMENDATION_PENDING_BUSINESS_APPROVAL,True
2025-05-13,SKU013,,,,EXPEDITE_PO,Expedite Inbound Shipment,Expedite existing inbound purchase order of 61 units immediately or arrange emergency split-shipment. Physical stock of 158 units will be depleted in week 2.,1 — CRITICAL,1,"Projected inventory position drops to -2 units (stockout) in week 2, which is within the supplier lead time of 8 days. Open orders exist but require delivery acceleration.",STOCKOUT_IMMINENT,HIGH_CONFIDENCE,Contact supplier within 24 hours to expedite shipment and obtain tracking confirmation.,158.0,61.0,8.0,43.0,125.0,113.38588367463271,1.9314573640263109,0.0,1.0,2.0,2025-05-27,False,False,Policy_B_LT,8,ENGINEERING_RECOMMENDATION_PENDING_BUSINESS_APPROVAL,True
2025-05-13,SKU019,,,,EXPEDITE_PO,Expedite Inbound Shipment,Expedite existing inbound purchase order of 7 units immediately or arrange emergency split-shipment. Physical stock of 117 units will be depleted in week 1.,1 — CRITICAL,1,"Projected inventory position drops to -3 units (stockout) in week 1, which is within the supplier lead time of 10 days. Open orders exist but require delivery acceleration.",STOCKOUT_IMMINENT,HIGH_CONFIDENCE,Contact supplier within 24 hours to expedite shipment and obtain tracking confirmation.,117.0,7.0,10.0,45.0,137.0,123.14713177246216,1.0069256036682501,0.0,1.0,1.0,2025-05-20,False,False,Policy_B_LT,8,ENGINEERING_RECOMMENDATION_PENDING_BUSINESS_APPROVAL,True
2025-05-13,SKU026,,,,EXPEDITE_PO,Expedite Inbound Shipment,Expedite existing inbound purchase order of 42 units immediately or arrange emergency split-shipment. Physical stock of 136 units will be depleted in week 1.,1 — CRITICAL,1,"Projected inventory position drops to -7 units (stockout) in week 1, which is within the supplier lead time of 6 days. Open orders exist but require delivery acceleration.",STOCKOUT_IMMINENT,HIGH_CONFIDENCE,Contact supplier within 24 hours to expedite shipment and obtain tracking confirmation.,136.0,42.0,6.0,40.0,85.0,186.3801478854948,0.9550373364300405,0.0,1.0,1.0,2025-05-20,False,False,Policy_B_LT,8,ENGINEERING_RECOMMENDATION_PENDING_BUSINESS_APPROVAL,True
2025-05-13,SKU031,,,,EXPEDITE_PO,Expedite Inbound Shipment,Expedite existing inbound purchase order of 37 units immediately or arrange emergency split-shipment. Physical stock of 138 units will be depleted in week 1.,1 — CRITICAL,1,"Projected inventory position drops to -10 units (stockout) in week 1, which is within the supplier lead time of 10 days. Open orders exist but require delivery acceleration.",STOCKOUT_IMMINENT,HIGH_CONFIDENCE,Contact supplier within 24 hours to expedite shipment and obtain tracking confirmation.,138.0,37.0,10.0,55.0,125.0,149.9718429702419,1.1668857069038239,0.0,1.0,1.0,2025-05-20,False,False,Policy_B_LT,8,ENGINEERING_RECOMMENDATION_PENDING_BUSINESS_APPROVAL,True
2025-05-13,SKU034,,,,EXPEDITE_PO,Expedite Inbound Shipment,Expedite existing inbound purchase order of 154 units immediately or arrange emergency split-shipment. Physical stock of 75 units will be depleted in week 1.,1 — CRITICAL,1,"Projected inventory position drops to -81 units (stockout) in week 1, which is within the supplier lead time of 9 days. Open orders exist but require delivery acceleration.",STOCKOUT_IMMINENT,HIGH_CONFIDENCE,Contact supplier within 24 hours to expedite shipment and obtain tracking confirmation.,75.0,154.0,9.0,49.0,106.0,163.38628344400627,1.4015864439347507,0.0,1.0,1.0,2025-05-20,False,False,Policy_B_LT,8,ENGINEERING_RECOMMENDATION_PENDING_BUSINESS_APPROVAL,True
2025-05-13,SKU047,,,,EXPEDITE_PO,Expedite Inbound Shipment,Expedite existing inbound purchase order of 113 units immediately or arrange emergency split-shipment. Physical stock of 120 units will be depleted in week 2.,1 — CRITICAL,1,"Projected inventory position drops to -6 units (stockout) in week 2, which is within the supplier lead time of 11 days. Open orders exist but require delivery acceleration.",STOCKOUT_IMMINENT,HIGH_CONFIDENCE,Contact supplier within 24 hours to expedite shipment and obtain tracking confirmation.,120.0,113.0,11.0,48.0,127.0,117.12446001868487,1.9893368128470303,0.0,1.0,2.0,2025-05-27,False,False,Policy_B_LT,8,ENGINEERING_RECOMMENDATION_PENDING_BUSINESS_APPROVAL,True
2025-05-13,SKU005,,,,PLACE_PO,Issue Replenishment Purchase Order,Place replenishment purchase order for ~575 units. Target supplier delivery on or before week 1.,2 — HIGH,2,"Projected inventory position (46 units) breaches Reorder Point (398 units) in week 1, inside the supplier lead time window of 13 days.",REORDER_POINT_BREACH_LT,HIGH_CONFIDENCE,Create purchase order requisition and transmit to vendor within 48 hours.,169.0,84.0,13.0,101.0,398.0,130.17113942091245,1.9435951865022598,0.0,1.0,3.0,2025-06-03,False,False,Policy_B_LT,8,ENGINEERING_RECOMMENDATION_PENDING_BUSINESS_APPROVAL,True
2025-05-13,SKU007,,,,PLACE_PO,Issue Replenishment Purchase Order,Place replenishment purchase order for ~810 units. Target supplier delivery on or before week 1.,2 — HIGH,2,"Projected inventory position (369 units) breaches Reorder Point (439 units) in week 1, inside the supplier lead time window of 12 days.",REORDER_POINT_BREACH_LT,HIGH_CONFIDENCE,Create purchase order requisition and transmit to vendor within 48 hours.,574.0,782.0,12.0,167.0,439.0,202.44358054041146,6.69816250226476,0.0,1.0,7.0,2025-07-01,False,False,Policy_B_LT,8,ENGINEERING_RECOMMENDATION_PENDING_BUSINESS_APPROVAL,True
2025-05-13,SKU008,,,,PLACE_PO,Issue Replenishment Purchase Order,Place replenishment purchase order for ~500 units. Target supplier delivery on or before week 1.,2 — HIGH,2,"Projected inventory position (436 units) breaches Reorder Point (523 units) in week 1, inside the supplier lead time window of 12 days.",REORDER_POINT_BREACH_LT,HIGH_CONFIDENCE,Create purchase order requisition and transmit to vendor within 48 hours.,563.0,577.0,12.0,173.0,523.0,124.89924979490189,9.127356664447573,0.0,1.0,,,False,False,Policy_B_LT,8,ENGINEERING_RECOMMENDATION_PENDING_BUSINESS_APPROVAL,True
2025-05-13,SKU009,,,,PLACE_PO,Issue Replenishment Purchase Order,Place replenishment purchase order for ~367 units. Target supplier delivery on or before week 1.,2 — HIGH,2,"Projected inventory position (61 units) breaches Reorder Point (222 units) in week 1, inside the supplier lead time window of 12 days.",REORDER_POINT_BREACH_LT,HIGH_CONFIDENCE,Create purchase order requisition and transmit to vendor within 48 hours.,154.0,46.0,12.0,88.0,222.0,91.86329698516874,2.1771480728836656,0.0,1.0,3.0,2025-06-03,False,False,Policy_B_LT,8,ENGINEERING_RECOMMENDATION_PENDING_BUSINESS_APPROVAL,True
2025-05-13,SKU010,,,,PLACE_PO,Issue Replenishment Purchase Order,Place replenishment purchase order for ~559 units. Target supplier delivery on or before week 1.,2 — HIGH,2,"Projected inventory position (14 units) breaches Reorder Point (46 units) in week 1, inside the supplier lead time window of 5 days.",REORDER_POINT_BREACH_LT,HIGH_CONFIDENCE,Create purchase order requisition and transmit to vendor within 48 hours.,53.0,90.0,5.0,22.0,46.0,139.63931625532638,1.024066887713262,0.0,1.0,2.0,2025-05-27,False,False,Policy_B_LT,8,ENGINEERING_RECOMMENDATION_PENDING_BUSINESS_APPROVAL,True
2025-05-13,SKU014,,,,PLACE_PO,Issue Replenishment Purchase Order,Place replenishment purchase order for ~684 units. Target supplier delivery on or before week 1.,2 — HIGH,2,"Projected inventory position (256 units) breaches Reorder Point (264 units) in week 1, inside the supplier lead time window of 9 days.",REORDER_POINT_BREACH_LT,HIGH_CONFIDENCE,Create purchase order requisition and transmit to vendor within 48 hours.,426.0,304.0,9.0,72.0,264.0,170.9875606400704,4.269316418500486,0.0,1.0,5.0,2025-06-17,False,False,Policy_B_LT,8,ENGINEERING_RECOMMENDATION_PENDING_BUSINESS_APPROVAL,True
2025-05-13,SKU017,,,,PLACE_PO,Issue Replenishment Purchase Order,Place replenishment purchase order for ~475 units. Target supplier delivery on or before week 1.,2 — HIGH,2,"Projected inventory position (257 units) breaches Reorder Point (298 units) in week 1, inside the supplier lead time window of 13 days.",REORDER_POINT_BREACH_LT,HIGH_CONFIDENCE,Create purchase order requisition and transmit to vendor within 48 hours.,375.0,119.0,13.0,90.0,298.0,118.86094849930521,4.156116926854977,0.0,1.0,5.0,2025-06-17,False,False,Policy_B_LT,8,ENGINEERING_RECOMMENDATION_PENDING_BUSINESS_APPROVAL,True
2025-05-13,SKU018,,,,PLACE_PO,Issue Replenishment Purchase Order,Place replenishment purchase order for ~776 units. Target supplier delivery on or before week 1.,2 — HIGH,2,"Projected inventory position (242 units) breaches Reorder Point (297 units) in week 1, inside the supplier lead time window of 8 days.",REORDER_POINT_BREACH_LT,HIGH_CONFIDENCE,Create purchase order requisition and transmit to vendor within 48 hours.,442.0,147.0,8.0,132.0,297.0,193.92277617732685,3.0372915013417847,0.0,1.0,4.0,2025-06-10,False,False,Policy_B_LT,8,ENGINEERING_RECOMMENDATION_PENDING_BUSINESS_APPROVAL,True
2025-05-13,SKU021,,,,PLACE_PO,Issue Replenishment Purchase Order,Place replenishment purchase order for ~271 units. Target supplier delivery on or before week 1.,2 — HIGH,2,"Projected inventory position (51 units) breaches Reorder Point (122 units) in week 1, inside the supplier lead time window of 11 days.",REORDER_POINT_BREACH_LT,HIGH_CONFIDENCE,Create purchase order requisition and transmit to vendor within 48 hours.,123.0,197.0,11.0,32.0,122.0,67.7299935852876,4.724642408197582,0.0,1.0,5.0,2025-06-17,False,False,Policy_B_LT,8,ENGINEERING_RECOMMENDATION_PENDING_BUSINESS_APPROVAL,True
2025-05-13,SKU022,,,,PLACE_PO,Issue Replenishment Purchase Order,Place replenishment purchase order for ~309 units. Target supplier delivery on or before week 1.,2 — HIGH,2,"Projected inventory position (119 units) breaches Reorder Point (246 units) in week 1, inside the supplier lead time window of 11 days.",REORDER_POINT_BREACH_LT,HIGH_CONFIDENCE,Create purchase order requisition and transmit to vendor within 48 hours.,202.0,341.0,11.0,97.0,246.0,77.33718587164307,7.021201946773961,0.0,1.0,7.0,2025-07-01,False,False,Policy_B_LT,8,ENGINEERING_RECOMMENDATION_PENDING_BUSINESS_APPROVAL,True
2025-05-13,SKU023,,,,PLACE_PO,Issue Replenishment Purchase Order,Place replenishment purchase order for ~463 units. Target supplier delivery on or before week 2.,2 — HIGH,2,"Projected inventory position (67 units) breaches Reorder Point (135 units) in week 2, inside the supplier lead time window of 10 days.",REORDER_POINT_BREACH_LT,HIGH_CONFIDENCE,Create purchase order requisition and transmit to vendor within 48 hours.,257.0,37.0,10.0,32.0,135.0,115.83302931548948,2.5381361580317883,0.0,2.0,3.0,2025-06-03,False,False,Policy_B_LT,8,ENGINEERING_RECOMMENDATION_PENDING_BUSINESS_APPROVAL,True
2025-05-13,SKU024,,,,PLACE_PO,Issue Replenishment Purchase Order,Place replenishment purchase order for ~429 units. Target supplier delivery on or before week 1.,2 — HIGH,2,"Projected inventory position (235 units) breaches Reorder Point (311 units) in week 1, inside the supplier lead time window of 13 days.",REORDER_POINT_BREACH_LT,HIGH_CONFIDENCE,Create purchase order requisition and transmit to vendor within 48 hours.,345.0,362.0,13.0,97.0,311.0,107.30740353594967,6.588548196147006,0.0,1.0,7.0,2025-07-01,False,False,Policy_B_LT,8,ENGINEERING_RECOMMENDATION_PENDING_BUSINESS_APPROVAL,True
2025-05-13,SKU029,,,,PLACE_PO,Issue Replenishment Purchase Order,Place replenishment purchase order for ~512 units. Target supplier delivery on or before week 1.,2 — HIGH,2,"Projected inventory position (392 units) breaches Reorder Point (518 units) in week 1, inside the supplier lead time window of 10 days.",REORDER_POINT_BREACH_LT,HIGH_CONFIDENCE,Create purchase order requisition and transmit to vendor within 48 hours.,516.0,644.0,10.0,195.0,518.0,128.08860868179747,9.05623077600691,0.0,1.0,,,False,False,Policy_B_LT,8,ENGINEERING_RECOMMENDATION_PENDING_BUSINESS_APPROVAL,True
2025-05-13,SKU033,,,,PLACE_PO,Issue Replenishment Purchase Order,Place replenishment purchase order for ~579 units. Target supplier delivery on or before week 1.,2 — HIGH,2,"Projected inventory position (110 units) breaches Reorder Point (182 units) in week 1, inside the supplier lead time window of 8 days.",REORDER_POINT_BREACH_LT,HIGH_CONFIDENCE,Create purchase order requisition and transmit to vendor within 48 hours.,261.0,295.0,8.0,74.0,182.0,144.87446544894414,3.8378053598129926,0.0,1.0,4.0,2025-06-10,False,False,Policy_B_LT,8,ENGINEERING_RECOMMENDATION_PENDING_BUSINESS_APPROVAL,True
2025-05-13,SKU035,,,,PLACE_PO,Issue Replenishment Purchase Order,Place replenishment purchase order for ~697 units. Target supplier delivery on or before week 1.,2 — HIGH,2,"Projected inventory position (172 units) breaches Reorder Point (394 units) in week 1, inside the supplier lead time window of 8 days.",REORDER_POINT_BREACH_LT,HIGH_CONFIDENCE,Create purchase order requisition and transmit to vendor within 48 hours.,349.0,465.0,8.0,190.0,394.0,174.21907465097757,4.672278288876978,0.0,1.0,5.0,2025-06-17,False,False,Policy_B_LT,8,ENGINEERING_RECOMMENDATION_PENDING_BUSINESS_APPROVAL,True
2025-05-13,SKU036,,,,PLACE_PO,Issue Replenishment Purchase Order,Issue a calibrated replenishment order for ~170 units to protect week 1 Reorder Point breach. Note: Long-horizon inventory indicates 11.6 weeks of terminal surplus; do not exceed required batch size.,2 — HIGH,2,Inventory position breaches Reorder Point (378 units) in week 1 (lead time is 10 days). Reorder takes strict precedence over terminal surplus to prevent intermediate stockout.,REORDER_POINT_BREACH_LT,HIGH_CONFIDENCE,Create purchase order requisition and transmit to vendor within 48 hours.,330.0,635.0,10.0,135.0,378.0,42.37567909688236,22.772496407520617,11.58670675465504,1.0,,,False,False,Policy_B_LT,8,ENGINEERING_RECOMMENDATION_PENDING_BUSINESS_APPROVAL,True
2025-05-13,SKU037,,,,PLACE_PO,Issue Replenishment Purchase Order,Place replenishment purchase order for ~861 units. Target supplier delivery on or before week 1.,2 — HIGH,2,"Projected inventory position (552 units) breaches Reorder Point (1041 units) in week 1, inside the supplier lead time window of 14 days.",REORDER_POINT_BREACH_LT,HIGH_CONFIDENCE,Create purchase order requisition and transmit to vendor within 48 hours.,737.0,831.0,14.0,295.0,1041.0,195.5042297851535,8.020286833298341,0.0,1.0,,,False,False,Policy_B_LT,8,ENGINEERING_RECOMMENDATION_PENDING_BUSINESS_APPROVAL,True
2025-05-13,SKU038,,,,PLACE_PO,Issue Replenishment Purchase Order,Place replenishment purchase order for ~291 units. Target supplier delivery on or before week 1.,2 — HIGH,2,"Projected inventory position (43 units) breaches Reorder Point (214 units) in week 1, inside the supplier lead time window of 14 days.",REORDER_POINT_BREACH_LT,HIGH_CONFIDENCE,Create purchase order requisition and transmit to vendor within 48 hours.,111.0,164.0,14.0,48.0,214.0,64.60079606230312,4.256913486557983,0.0,1.0,5.0,2025-06-17,False,False,Policy_B_LT,8,ENGINEERING_RECOMMENDATION_PENDING_BUSINESS_APPROVAL,True
2025-05-13,SKU040,,,,PLACE_PO,Issue Replenishment Purchase Order,Place replenishment purchase order for ~493 units. Target supplier delivery on or before week 1.,2 — HIGH,2,"Projected inventory position (67 units) breaches Reorder Point (153 units) in week 1, inside the supplier lead time window of 12 days.",REORDER_POINT_BREACH_LT,HIGH_CONFIDENCE,Create purchase order requisition and transmit to vendor within 48 hours.,188.0,241.0,12.0,55.0,153.0,123.15051309064009,3.483542124459128,0.0,1.0,4.0,2025-06-10,False,False,Policy_B_LT,8,ENGINEERING_RECOMMENDATION_PENDING_BUSINESS_APPROVAL,True
2025-05-13,SKU042,,,,PLACE_PO,Issue Replenishment Purchase Order,Place replenishment purchase order for ~711 units. Target supplier delivery on or before week 1.,2 — HIGH,2,"Projected inventory position (36 units) breaches Reorder Point (141 units) in week 1, inside the supplier lead time window of 9 days.",REORDER_POINT_BREACH_LT,HIGH_CONFIDENCE,Create purchase order requisition and transmit to vendor within 48 hours.,224.0,150.0,9.0,57.0,141.0,177.81181904214083,2.103347246626858,0.0,1.0,3.0,2025-06-03,False,False,Policy_B_LT,8,ENGINEERING_RECOMMENDATION_PENDING_BUSINESS_APPROVAL,True
2025-05-13,SKU044,,,,PLACE_PO,Issue Replenishment Purchase Order,Place replenishment purchase order for ~321 units. Target supplier delivery on or before week 1.,2 — HIGH,2,"Projected inventory position (141 units) breaches Reorder Point (184 units) in week 1, inside the supplier lead time window of 13 days.",REORDER_POINT_BREACH_LT,HIGH_CONFIDENCE,Create purchase order requisition and transmit to vendor within 48 hours.,219.0,338.0,13.0,52.0,184.0,80.3337419685142,6.933574689179911,0.0,1.0,7.0,2025-07-01,False,False,Policy_B_LT,8,ENGINEERING_RECOMMENDATION_PENDING_BUSINESS_APPROVAL,True
2025-05-13,SKU049,,,,PLACE_PO,Issue Replenishment Purchase Order,Place replenishment purchase order for ~772 units. Target supplier delivery on or before week 1.,2 — HIGH,2,"Projected inventory position (212 units) breaches Reorder Point (552 units) in week 1, inside the supplier lead time window of 10 days.",REORDER_POINT_BREACH_LT,HIGH_CONFIDENCE,Create purchase order requisition and transmit to vendor within 48 hours.,407.0,723.0,10.0,199.0,552.0,193.0336803683893,5.853900717447265,0.0,1.0,6.0,2025-06-24,False,False,Policy_B_LT,8,ENGINEERING_RECOMMENDATION_PENDING_BUSINESS_APPROVAL,True
2025-05-13,SKU001,,,,REVIEW_PIPELINE,Review Replenishment Pipeline,"Prepare replenishment purchase order for week 1. Current pipeline is adequate through week 2, with Reorder Point breach projected in week 3.",3 — MEDIUM,3,"Inventory position remains above Reorder Point during immediate lead time, but declines to 590 units (below Reorder Point of 700 units) in week 3.",REORDER_POINT_BREACH_HORIZON,HIGH_CONFIDENCE,Review open purchase order ETAs during weekly inventory planning meeting.,868.0,76.0,11.0,275.0,700.0,115.31157814314284,8.18651531096174,0.0,3.0,,,False,False,Policy_B_LT,8,ENGINEERING_RECOMMENDATION_PENDING_BUSINESS_APPROVAL,True
2025-05-13,SKU002,,,,REVIEW_PIPELINE,Review Replenishment Pipeline,"Prepare replenishment purchase order for week 3. Current pipeline is adequate through week 3, with Reorder Point breach projected in week 4.",3 — MEDIUM,3,"Inventory position remains above Reorder Point during immediate lead time, but declines to 317 units (below Reorder Point of 340 units) in week 4.",REORDER_POINT_BREACH_HORIZON,HIGH_CONFIDENCE,Review open purchase order ETAs during weekly inventory planning meeting.,400.0,231.0,7.0,175.0,340.0,80.94442616034078,7.795471905008851,0.0,4.0,8.0,2025-07-08,False,False,Policy_B_LT,8,ENGINEERING_RECOMMENDATION_PENDING_BUSINESS_APPROVAL,True
2025-05-13,SKU003,,,,REVIEW_PIPELINE,Review Replenishment Pipeline,"Prepare replenishment purchase order for week 7. Current pipeline is adequate through week 7, with Reorder Point breach projected in week 8.",3 — MEDIUM,3,"Inventory position remains above Reorder Point during immediate lead time, but declines to 109 units (below Reorder Point of 150 units) in week 8.",REORDER_POINT_BREACH_HORIZON,HIGH_CONFIDENCE,Review open purchase order ETAs during weekly inventory planning meeting.,308.0,200.0,4.0,92.0,150.0,49.86431719521349,10.18764576703686,0.3426390533215231,8.0,,,False,False,Policy_B_LT,8,ENGINEERING_RECOMMENDATION_PENDING_BUSINESS_APPROVAL,True
2025-05-13,SKU004,,,,FREEZE_REPLENISHMENT,Halt Inbound Replenishment,"FREEZE REPLENISHMENT: Severe overstock detected (418 excess units, 10.4 weeks of cover above safety buffer). Suspend all new purchase orders for 11 weeks. Evaluate immediate promotional markdowns, bundle offers, or stock transfers.",3 — MEDIUM,3,Projected inventory position at horizon h=8 exceeds required safety stock by 418 units (10.4 surplus weeks of demand). Evaluated against approved 8-week production forecast horizon.,EXCESS_INVENTORY,HIGH_CONFIDENCE,Escalate to merchandise planning for promotional markdown or supplier return assessment.,678.0,196.0,9.0,135.0,340.0,40.0663360336529,21.813823936032023,10.444411771999617,,,,False,False,Policy_B_LT,8,ENGINEERING_RECOMMENDATION_PENDING_BUSINESS_APPROVAL,True
2025-05-13,SKU011,,,,FREEZE_REPLENISHMENT,Halt Inbound Replenishment,"FREEZE REPLENISHMENT: Severe overstock detected (542 excess units, 25.4 weeks of cover above safety buffer). Suspend all new purchase orders for 26 weeks. Evaluate immediate promotional markdowns, bundle offers, or stock transfers.",3 — MEDIUM,3,Projected inventory position at horizon h=8 exceeds required safety stock by 542 units (25.4 surplus weeks of demand). Evaluated against approved 8-week production forecast horizon.,EXCESS_INVENTORY,HIGH_CONFIDENCE,Escalate to merchandise planning for promotional markdown or supplier return assessment.,752.0,83.0,14.0,122.0,515.0,21.37515938626516,39.06403619785583,25.35647641804935,,,,False,False,Policy_B_LT,8,ENGINEERING_RECOMMENDATION_PENDING_BUSINESS_APPROVAL,True
2025-05-13,SKU015,,,,REVIEW_PIPELINE,Review Replenishment Pipeline,"Prepare replenishment purchase order for week 6. Current pipeline is adequate through week 7, with Reorder Point breach projected in week 8.",3 — MEDIUM,3,"Inventory position remains above Reorder Point during immediate lead time, but declines to 236 units (below Reorder Point of 270 units) in week 8.",REORDER_POINT_BREACH_HORIZON,HIGH_CONFIDENCE,Review open purchase order ETAs during weekly inventory planning meeting.,366.0,160.0,9.0,71.0,270.0,36.27772662441,14.49925474784501,4.542131008116881,8.0,,,False,False,Policy_B_LT,8,ENGINEERING_RECOMMENDATION_PENDING_BUSINESS_APPROVAL,True
2025-05-13,SKU016,,,,REVIEW_PIPELINE,Review Replenishment Pipeline,"Prepare replenishment purchase order for week 3. Current pipeline is adequate through week 3, with Reorder Point breach projected in week 4.",3 — MEDIUM,3,"Inventory position remains above Reorder Point during immediate lead time, but declines to 173 units (below Reorder Point of 199 units) in week 4.",REORDER_POINT_BREACH_HORIZON,HIGH_CONFIDENCE,Review open purchase order ETAs during weekly inventory planning meeting.,425.0,192.0,7.0,105.0,199.0,111.92647138319131,5.512547589279748,0.0,4.0,6.0,2025-06-24,False,False,Policy_B_LT,8,ENGINEERING_RECOMMENDATION_PENDING_BUSINESS_APPROVAL,True
2025-05-13,SKU020,,,,REVIEW_PIPELINE,Review Replenishment Pipeline,"Prepare replenishment purchase order for week 6. Current pipeline is adequate through week 7, with Reorder Point breach projected in week 8.",3 — MEDIUM,3,"Inventory position remains above Reorder Point during immediate lead time, but declines to 675 units (below Reorder Point of 675 units) in week 8.",REORDER_POINT_BREACH_HORIZON,HIGH_CONFIDENCE,Review open purchase order ETAs during weekly inventory planning meeting.,1083.0,486.0,8.0,325.0,675.0,111.7648988018871,14.038396820643909,3.130507103174647,8.0,,,False,False,Policy_B_LT,8,ENGINEERING_RECOMMENDATION_PENDING_BUSINESS_APPROVAL,True
2025-05-13,SKU025,,,,FREEZE_REPLENISHMENT,Halt Inbound Replenishment,"FREEZE REPLENISHMENT: Severe overstock detected (1154 excess units, 57.0 weeks of cover above safety buffer). Suspend all new purchase orders for 58 weeks. Evaluate immediate promotional markdowns, bundle offers, or stock transfers.",3 — MEDIUM,3,Projected inventory position at horizon h=8 exceeds required safety stock by 1154 units (57.0 surplus weeks of demand). Evaluated against approved 8-week production forecast horizon.,EXCESS_INVENTORY,HIGH_CONFIDENCE,Escalate to merchandise planning for promotional markdown or supplier return assessment.,847.0,772.0,4.0,303.0,477.0,20.233646808350652,80.01523478861066,57.04017849401583,,,,False,False,Policy_B_LT,8,ENGINEERING_RECOMMENDATION_PENDING_BUSINESS_APPROVAL,True
2025-05-13,SKU027,,,,REVIEW_PIPELINE,Review Replenishment Pipeline,"Prepare replenishment purchase order for week 2. Current pipeline is adequate through week 3, with Reorder Point breach projected in week 4.",3 — MEDIUM,3,"Inventory position remains above Reorder Point during immediate lead time, but declines to 206 units (below Reorder Point of 332 units) in week 4.",REORDER_POINT_BREACH_HORIZON,HIGH_CONFIDENCE,Review open purchase order ETAs during weekly inventory planning meeting.,614.0,389.0,12.0,68.0,332.0,192.68246369894985,5.205455549743765,0.0,4.0,6.0,2025-06-24,False,False,Policy_B_LT,8,ENGINEERING_RECOMMENDATION_PENDING_BUSINESS_APPROVAL,True
2025-05-13,SKU028,,,,REVIEW_PIPELINE,Review Replenishment Pipeline,"Prepare replenishment purchase order for week 4. Current pipeline is adequate through week 5, with Reorder Point breach projected in week 6.",3 — MEDIUM,3,"Inventory position remains above Reorder Point during immediate lead time, but declines to 345 units (below Reorder Point of 358 units) in week 6.",REORDER_POINT_BREACH_HORIZON,HIGH_CONFIDENCE,Review open purchase order ETAs during weekly inventory planning meeting.,455.0,166.0,10.0,101.0,358.0,42.44653166183047,14.630170609638448,4.250706468618347,6.0,,,False,False,Policy_B_LT,8,ENGINEERING_RECOMMENDATION_PENDING_BUSINESS_APPROVAL,True
2025-05-13,SKU030,,,,REVIEW_PIPELINE,Review Replenishment Pipeline,"Prepare replenishment purchase order for week 5. Current pipeline is adequate through week 5, with Reorder Point breach projected in week 6.",3 — MEDIUM,3,"Inventory position remains above Reorder Point during immediate lead time, but declines to 81 units (below Reorder Point of 86 units) in week 6.",REORDER_POINT_BREACH_HORIZON,HIGH_CONFIDENCE,Review open purchase order ETAs during weekly inventory planning meeting.,227.0,115.0,4.0,51.0,86.0,39.63499286718702,8.628738780047431,0.0,6.0,,,False,False,Policy_B_LT,8,ENGINEERING_RECOMMENDATION_PENDING_BUSINESS_APPROVAL,True
2025-05-13,SKU032,,,,REVIEW_PIPELINE,Review Replenishment Pipeline,"Prepare replenishment purchase order for week 2. Current pipeline is adequate through week 2, with Reorder Point breach projected in week 3.",3 — MEDIUM,3,"Inventory position remains above Reorder Point during immediate lead time, but declines to 66 units (below Reorder Point of 113 units) in week 3.",REORDER_POINT_BREACH_HORIZON,HIGH_CONFIDENCE,Review open purchase order ETAs during weekly inventory planning meeting.,295.0,2.0,3.0,71.0,113.0,79.75685178043867,3.7238179964475835,0.0,3.0,4.0,2025-06-10,False,False,Policy_B_LT,8,ENGINEERING_RECOMMENDATION_PENDING_BUSINESS_APPROVAL,True
2025-05-13,SKU039,,,,REVIEW_PIPELINE,Review Replenishment Pipeline,"Prepare replenishment purchase order for week 2. Current pipeline is adequate through week 2, with Reorder Point breach projected in week 3.",3 — MEDIUM,3,"Inventory position remains above Reorder Point during immediate lead time, but declines to 56 units (below Reorder Point of 59 units) in week 3.",REORDER_POINT_BREACH_HORIZON,HIGH_CONFIDENCE,Review open purchase order ETAs during weekly inventory planning meeting.,95.0,38.0,5.0,25.0,59.0,26.059710248512154,5.103663806376875,0.0,3.0,5.0,2025-06-17,False,False,Policy_B_LT,8,ENGINEERING_RECOMMENDATION_PENDING_BUSINESS_APPROVAL,True
2025-05-13,SKU041,,,,REVIEW_PIPELINE,Review Replenishment Pipeline,"Prepare replenishment purchase order for week 2. Current pipeline is adequate through week 2, with Reorder Point breach projected in week 3.",3 — MEDIUM,3,"Inventory position remains above Reorder Point during immediate lead time, but declines to 67 units (below Reorder Point of 134 units) in week 3.",REORDER_POINT_BREACH_HORIZON,HIGH_CONFIDENCE,Review open purchase order ETAs during weekly inventory planning meeting.,327.0,1.0,4.0,58.0,134.0,91.02597189045667,3.603367183980467,0.0,3.0,4.0,2025-06-10,False,False,Policy_B_LT,8,ENGINEERING_RECOMMENDATION_PENDING_BUSINESS_APPROVAL,True
2025-05-13,SKU043,,,,REVIEW_PIPELINE,Review Replenishment Pipeline,"Prepare replenishment purchase order for week 2. Current pipeline is adequate through week 2, with Reorder Point breach projected in week 3.",3 — MEDIUM,3,"Inventory position remains above Reorder Point during immediate lead time, but declines to 161 units (below Reorder Point of 273 units) in week 3.",REORDER_POINT_BREACH_HORIZON,HIGH_CONFIDENCE,Review open purchase order ETAs during weekly inventory planning meeting.,213.0,479.0,6.0,117.0,273.0,176.93172101291987,3.91111325904906,0.0,3.0,4.0,2025-06-10,False,False,Policy_B_LT,8,ENGINEERING_RECOMMENDATION_PENDING_BUSINESS_APPROVAL,True
2025-05-13,SKU045,,,,REVIEW_PIPELINE,Review Replenishment Pipeline,"Prepare replenishment purchase order for week 1. Current pipeline is adequate through week 2, with Reorder Point breach projected in week 3.",3 — MEDIUM,3,"Inventory position remains above Reorder Point during immediate lead time, but declines to 201 units (below Reorder Point of 210 units) in week 3.",REORDER_POINT_BREACH_HORIZON,HIGH_CONFIDENCE,Review open purchase order ETAs during weekly inventory planning meeting.,471.0,283.0,9.0,53.0,210.0,199.18576634325262,3.7854110453888947,0.0,3.0,4.0,2025-06-10,False,False,Policy_B_LT,8,ENGINEERING_RECOMMENDATION_PENDING_BUSINESS_APPROVAL,True
2025-05-13,SKU046,,,,REVIEW_PIPELINE,Review Replenishment Pipeline,"Prepare replenishment purchase order for week 2. Current pipeline is adequate through week 3, with Reorder Point breach projected in week 4.",3 — MEDIUM,3,"Inventory position remains above Reorder Point during immediate lead time, but declines to 246 units (below Reorder Point of 307 units) in week 4.",REORDER_POINT_BREACH_HORIZON,HIGH_CONFIDENCE,Review open purchase order ETAs during weekly inventory planning meeting.,517.0,32.0,14.0,94.0,307.0,76.39678076412105,7.186166674942305,0.0,4.0,8.0,2025-07-08,False,False,Policy_B_LT,8,ENGINEERING_RECOMMENDATION_PENDING_BUSINESS_APPROVAL,True
2025-05-13,SKU048,,,,REVIEW_PIPELINE,Review Replenishment Pipeline,"Prepare replenishment purchase order for week 1. Current pipeline is adequate through week 1, with Reorder Point breach projected in week 2.",3 — MEDIUM,3,"Inventory position remains above Reorder Point during immediate lead time, but declines to -6 units (below Reorder Point of 37 units) in week 2.",REORDER_POINT_BREACH_HORIZON,HIGH_CONFIDENCE,Review open purchase order ETAs during weekly inventory planning meeting.,83.0,53.0,5.0,15.0,37.0,72.95613051979808,1.8641339532541918,0.0,2.0,2.0,2025-05-27,False,False,Policy_B_LT,8,ENGINEERING_RECOMMENDATION_PENDING_BUSINESS_APPROVAL,True
2025-05-13,SKU006,,,,FREEZE_REPLENISHMENT,Halt Inbound Replenishment,Pause purchase orders for 5 weeks. Total pipeline provides 14.6 weeks of cover (233 units surplus above 8-week horizon).,4 — LOW,4,Projected inventory position at horizon h=8 exceeds required safety stock by 233 units (4.5 surplus weeks of demand). Evaluated against approved 8-week production forecast horizon.,EXCESS_INVENTORY,HIGH_CONFIDENCE,Monitor weekly demand consumption and confirm no automated replenishment POs are released.,742.0,7.0,4.0,104.0,190.0,51.45778972177756,14.555619354226055,4.534545371796803,,,,False,False,Policy_B_LT,8,ENGINEERING_RECOMMENDATION_PENDING_BUSINESS_APPROVAL,True
2025-05-13,SKU050,,,,FREEZE_REPLENISHMENT,Halt Inbound Replenishment,Pause purchase orders for 5 weeks. Total pipeline provides 15.3 weeks of cover (251 units surplus above 8-week horizon).,4 — LOW,4,Projected inventory position at horizon h=8 exceeds required safety stock by 251 units (4.9 surplus weeks of demand). Evaluated against approved 8-week production forecast horizon.,EXCESS_INVENTORY,HIGH_CONFIDENCE,Monitor weekly demand consumption and confirm no automated replenishment POs are released.,684.0,96.0,9.0,121.0,309.0,51.01059281074529,15.290941685266878,4.918885346911375,,,,False,False,Policy_B_LT,8,ENGINEERING_RECOMMENDATION_PENDING_BUSINESS_APPROVAL,True
2025-06-10,SKU010,,,,EXPEDITE_PO,Expedite Inbound Shipment,Expedite existing inbound purchase order of 6 units immediately or arrange emergency split-shipment. Physical stock of 36 units will be depleted in week 1.,1 — CRITICAL,1,"Projected inventory position drops to -111 units (stockout) in week 1, which is within the supplier lead time of 10 days. Open orders exist but require delivery acceleration.",STOCKOUT_IMMINENT,HIGH_CONFIDENCE,Contact supplier within 24 hours to expedite shipment and obtain tracking confirmation.,36.0,6.0,10.0,18.0,59.0,131.54015171084558,0.31929414291938263,0.0,1.0,1.0,2025-06-17,False,False,Policy_B_LT,8,ENGINEERING_RECOMMENDATION_PENDING_BUSINESS_APPROVAL,True
2025-06-10,SKU012,,,,EXPEDITE_PO,Expedite Inbound Shipment,Expedite existing inbound purchase order of 73 units immediately or arrange emergency split-shipment. Physical stock of 62 units will be depleted in week 1.,1 — CRITICAL,1,"Projected inventory position drops to -70 units (stockout) in week 1, which is within the supplier lead time of 3 days. Open orders exist but require delivery acceleration.",STOCKOUT_IMMINENT,HIGH_CONFIDENCE,Contact supplier within 24 hours to expedite shipment and obtain tracking confirmation.,62.0,73.0,3.0,24.0,37.0,195.49912662605024,0.690540169308415,0.0,1.0,1.0,2025-06-17,False,False,Policy_B_LT,8,ENGINEERING_RECOMMENDATION_PENDING_BUSINESS_APPROVAL,True
2025-06-10,SKU014,,,,EXPEDITE_PO,Expedite Inbound Shipment,Expedite existing inbound purchase order of 52 units immediately or arrange emergency split-shipment. Physical stock of 236 units will be depleted in week 2.,1 — CRITICAL,1,"Projected inventory position drops to -55 units (stockout) in week 2, which is within the supplier lead time of 10 days. Open orders exist but require delivery acceleration.",STOCKOUT_IMMINENT,HIGH_CONFIDENCE,Contact supplier within 24 hours to expedite shipment and obtain tracking confirmation.,236.0,52.0,10.0,72.0,297.0,164.3054033984469,1.7528334068331821,0.0,1.0,2.0,2025-06-24,False,False,Policy_B_LT,8,ENGINEERING_RECOMMENDATION_PENDING_BUSINESS_APPROVAL,True
2025-06-10,SKU026,,,,EXPEDITE_PO,Expedite Inbound Shipment,Expedite existing inbound purchase order of 119 units immediately or arrange emergency split-shipment. Physical stock of 75 units will be depleted in week 1.,1 — CRITICAL,1,"Projected inventory position drops to -131 units (stockout) in week 1, which is within the supplier lead time of 10 days. Open orders exist but require delivery acceleration.",STOCKOUT_IMMINENT,HIGH_CONFIDENCE,Contact supplier within 24 hours to expedite shipment and obtain tracking confirmation.,75.0,119.0,10.0,41.0,112.0,188.53481613002333,1.028987663828667,0.0,1.0,1.0,2025-06-17,False,False,Policy_B_LT,8,ENGINEERING_RECOMMENDATION_PENDING_BUSINESS_APPROVAL,True
2025-06-10,SKU031,,,,EXPEDITE_PO,Expedite Inbound Shipment,Expedite existing inbound purchase order of 6 units immediately or arrange emergency split-shipment. Physical stock of 100 units will be depleted in week 1.,1 — CRITICAL,1,"Projected inventory position drops to -61 units (stockout) in week 1, which is within the supplier lead time of 14 days. Open orders exist but require delivery acceleration.",STOCKOUT_IMMINENT,HIGH_CONFIDENCE,Contact supplier within 24 hours to expedite shipment and obtain tracking confirmation.,100.0,6.0,14.0,36.0,131.0,152.41839660925552,0.6954541076281288,0.0,1.0,1.0,2025-06-17,False,False,Policy_B_LT,8,ENGINEERING_RECOMMENDATION_PENDING_BUSINESS_APPROVAL,True
2025-06-10,SKU034,,,,EXPEDITE_PO,Expedite Inbound Shipment,Expedite existing inbound purchase order of 112 units immediately or arrange emergency split-shipment. Physical stock of 50 units will be depleted in week 1.,1 — CRITICAL,1,"Projected inventory position drops to -1 units (stockout) in week 1, which is within the supplier lead time of 6 days. Open orders exist but require delivery acceleration.",STOCKOUT_IMMINENT,HIGH_CONFIDENCE,Contact supplier within 24 hours to expedite shipment and obtain tracking confirmation.,50.0,112.0,6.0,50.0,91.0,160.44603637375184,1.0096852727644094,0.0,1.0,1.0,2025-06-17,False,False,Policy_B_LT,8,ENGINEERING_RECOMMENDATION_PENDING_BUSINESS_APPROVAL,True
2025-06-10,SKU044,,,,EXPEDITE_PO,Expedite Inbound Shipment,Expedite existing inbound purchase order of 239 units immediately or arrange emergency split-shipment. Physical stock of 54 units will be depleted in week 1.,1 — CRITICAL,1,"Projected inventory position drops to -29 units (stockout) in week 1, which is within the supplier lead time of 9 days. Open orders exist but require delivery acceleration.",STOCKOUT_IMMINENT,HIGH_CONFIDENCE,Contact supplier within 24 hours to expedite shipment and obtain tracking confirmation.,54.0,239.0,9.0,47.0,128.0,81.2577132833779,3.6058115366622823,0.0,1.0,1.0,2025-06-17,False,False,Policy_B_LT,8,ENGINEERING_RECOMMENDATION_PENDING_BUSINESS_APPROVAL,True
2025-06-10,SKU004,,,,PLACE_PO,Issue Replenishment Purchase Order,Issue a calibrated replenishment order for ~339 units to protect week 1 Reorder Point breach. Note: Long-horizon inventory indicates 12.3 weeks of terminal surplus; do not exceed required batch size.,2 — HIGH,2,Inventory position breaches Reorder Point (401 units) in week 1 (lead time is 11 days). Reorder takes strict precedence over terminal surplus to prevent intermediate stockout.,REORDER_POINT_BREACH_LT,HIGH_CONFIDENCE,Create purchase order requisition and transmit to vendor within 48 hours.,147.0,692.0,11.0,162.0,401.0,33.32049687447239,25.179696544164607,12.317824267460596,1.0,,,False,False,Policy_B_LT,8,ENGINEERING_RECOMMENDATION_PENDING_BUSINESS_APPROVAL,True
2025-06-10,SKU007,,,,PLACE_PO,Issue Replenishment Purchase Order,Place replenishment purchase order for ~788 units. Target supplier delivery on or before week 1.,2 — HIGH,2,"Projected inventory position (319 units) breaches Reorder Point (322 units) in week 1, inside the supplier lead time window of 11 days.",REORDER_POINT_BREACH_LT,HIGH_CONFIDENCE,Create purchase order requisition and transmit to vendor within 48 hours.,519.0,600.0,11.0,76.0,322.0,197.0985041433447,5.6773642441557035,0.0,1.0,6.0,2025-07-22,False,False,Policy_B_LT,8,ENGINEERING_RECOMMENDATION_PENDING_BUSINESS_APPROVAL,True
2025-06-10,SKU015,,,,PLACE_PO,Issue Replenishment Purchase Order,Issue a calibrated replenishment order for ~123 units to protect week 1 Reorder Point breach. Note: Long-horizon inventory indicates 2.1 weeks of terminal surplus; do not exceed required batch size.,2 — HIGH,2,Inventory position breaches Reorder Point (299 units) in week 1 (lead time is 8 days). Reorder takes strict precedence over terminal surplus to prevent intermediate stockout.,REORDER_POINT_BREACH_LT,HIGH_CONFIDENCE,Create purchase order requisition and transmit to vendor within 48 hours.,324.0,115.0,8.0,130.0,299.0,30.72860838294901,14.286361247767948,2.055775912438031,1.0,,,False,False,Policy_B_LT,8,ENGINEERING_RECOMMENDATION_PENDING_BUSINESS_APPROVAL,True
2025-06-10,SKU018,,,,PLACE_PO,Issue Replenishment Purchase Order,Place replenishment purchase order for ~766 units. Target supplier delivery on or before week 2.,2 — HIGH,2,"Projected inventory position (249 units) breaches Reorder Point (277 units) in week 2, inside the supplier lead time window of 11 days.",REORDER_POINT_BREACH_LT,HIGH_CONFIDENCE,Create purchase order requisition and transmit to vendor within 48 hours.,568.0,78.0,11.0,69.0,277.0,191.44574015705436,3.3743242313464257,0.0,2.0,4.0,2025-07-08,False,False,Policy_B_LT,8,ENGINEERING_RECOMMENDATION_PENDING_BUSINESS_APPROVAL,True
2025-06-10,SKU022,,,,PLACE_PO,Issue Replenishment Purchase Order,Place replenishment purchase order for ~310 units. Target supplier delivery on or before week 1.,2 — HIGH,2,"Projected inventory position (15 units) breaches Reorder Point (205 units) in week 1, inside the supplier lead time window of 10 days.",REORDER_POINT_BREACH_LT,HIGH_CONFIDENCE,Create purchase order requisition and transmit to vendor within 48 hours.,97.0,172.0,10.0,73.0,205.0,77.614489816063,3.4658476869138433,0.0,1.0,4.0,2025-07-08,False,False,Policy_B_LT,8,ENGINEERING_RECOMMENDATION_PENDING_BUSINESS_APPROVAL,True
2025-06-10,SKU028,,,,PLACE_PO,Issue Replenishment Purchase Order,Issue a calibrated replenishment order for ~185 units to protect week 1 Reorder Point breach. Note: Long-horizon inventory indicates 5.2 weeks of terminal surplus; do not exceed required batch size.,2 — HIGH,2,Inventory position breaches Reorder Point (399 units) in week 1 (lead time is 12 days). Reorder takes strict precedence over terminal surplus to prevent intermediate stockout.,REORDER_POINT_BREACH_LT,HIGH_CONFIDENCE,Create purchase order requisition and transmit to vendor within 48 hours.,435.0,276.0,12.0,103.0,399.0,46.1582083137678,15.403544157668856,5.172088393618374,1.0,,,False,False,Policy_B_LT,8,ENGINEERING_RECOMMENDATION_PENDING_BUSINESS_APPROVAL,True
2025-06-10,SKU029,,,,PLACE_PO,Issue Replenishment Purchase Order,Place replenishment purchase order for ~493 units. Target supplier delivery on or before week 1.,2 — HIGH,2,"Projected inventory position (210 units) breaches Reorder Point (457 units) in week 1, inside the supplier lead time window of 8 days.",REORDER_POINT_BREACH_LT,HIGH_CONFIDENCE,Create purchase order requisition and transmit to vendor within 48 hours.,338.0,257.0,8.0,179.0,457.0,123.21342443888827,4.829019262386541,0.0,1.0,5.0,2025-07-15,False,False,Policy_B_LT,8,ENGINEERING_RECOMMENDATION_PENDING_BUSINESS_APPROVAL,True
2025-06-10,SKU032,,,,PLACE_PO,Issue Replenishment Purchase Order,Place replenishment purchase order for ~345 units. Target supplier delivery on or before week 1.,2 — HIGH,2,"Projected inventory position (51 units) breaches Reorder Point (268 units) in week 1, inside the supplier lead time window of 12 days.",REORDER_POINT_BREACH_LT,HIGH_CONFIDENCE,Create purchase order requisition and transmit to vendor within 48 hours.,129.0,410.0,12.0,93.0,268.0,73.28228365320578,7.355120134502265,0.0,1.0,8.0,2025-08-05,False,False,Policy_B_LT,8,ENGINEERING_RECOMMENDATION_PENDING_BUSINESS_APPROVAL,True
2025-06-10,SKU033,,,,PLACE_PO,Issue Replenishment Purchase Order,Place replenishment purchase order for ~571 units. Target supplier delivery on or before week 2.,2 — HIGH,2,"Projected inventory position (160 units) breaches Reorder Point (216 units) in week 2, inside the supplier lead time window of 12 days.",REORDER_POINT_BREACH_LT,HIGH_CONFIDENCE,Create purchase order requisition and transmit to vendor within 48 hours.,380.0,79.0,12.0,44.0,216.0,142.7251015648249,3.215972488143754,0.0,2.0,4.0,2025-07-08,False,False,Policy_B_LT,8,ENGINEERING_RECOMMENDATION_PENDING_BUSINESS_APPROVAL,True
2025-06-10,SKU037,,,,PLACE_PO,Issue Replenishment Purchase Order,Place replenishment purchase order for ~1080 units. Target supplier delivery on or before week 1.,2 — HIGH,2,"Projected inventory position (134 units) breaches Reorder Point (928 units) in week 1, inside the supplier lead time window of 10 days.",REORDER_POINT_BREACH_LT,HIGH_CONFIDENCE,Create purchase order requisition and transmit to vendor within 48 hours.,338.0,638.0,10.0,391.0,928.0,193.55774285611693,5.042422925573788,0.0,1.0,5.0,2025-07-15,False,False,Policy_B_LT,8,ENGINEERING_RECOMMENDATION_PENDING_BUSINESS_APPROVAL,True
2025-06-10,SKU040,,,,PLACE_PO,Issue Replenishment Purchase Order,Place replenishment purchase order for ~459 units. Target supplier delivery on or before week 1.,2 — HIGH,2,"Projected inventory position (27 units) breaches Reorder Point (160 units) in week 1, inside the supplier lead time window of 13 days.",REORDER_POINT_BREACH_LT,HIGH_CONFIDENCE,Create purchase order requisition and transmit to vendor within 48 hours.,152.0,208.0,13.0,56.0,160.0,114.75309196611694,3.1371703701569706,0.0,1.0,3.0,2025-07-01,False,False,Policy_B_LT,8,ENGINEERING_RECOMMENDATION_PENDING_BUSINESS_APPROVAL,True
2025-06-10,SKU042,,,,PLACE_PO,Issue Replenishment Purchase Order,Place replenishment purchase order for ~672 units. Target supplier delivery on or before week 1.,2 — HIGH,2,"Projected inventory position (62 units) breaches Reorder Point (75 units) in week 1, inside the supplier lead time window of 4 days.",REORDER_POINT_BREACH_LT,HIGH_CONFIDENCE,Create purchase order requisition and transmit to vendor within 48 hours.,117.0,126.0,4.0,38.0,75.0,168.0651827299926,1.4458675857354402,0.0,1.0,2.0,2025-06-24,False,False,Policy_B_LT,8,ENGINEERING_RECOMMENDATION_PENDING_BUSINESS_APPROVAL,True
2025-06-10,SKU046,,,,PLACE_PO,Issue Replenishment Purchase Order,Place replenishment purchase order for ~270 units. Target supplier delivery on or before week 1.,2 — HIGH,2,"Projected inventory position (247 units) breaches Reorder Point (277 units) in week 1, inside the supplier lead time window of 13 days.",REORDER_POINT_BREACH_LT,HIGH_CONFIDENCE,Create purchase order requisition and transmit to vendor within 48 hours.,321.0,297.0,13.0,81.0,277.0,67.53065218219254,9.151399846290293,0.0,1.0,,,False,False,Policy_B_LT,8,ENGINEERING_RECOMMENDATION_PENDING_BUSINESS_APPROVAL,True
2025-06-10,SKU048,,,,PLACE_PO,Issue Replenishment Purchase Order,Place replenishment purchase order for ~263 units. Target supplier delivery on or before week 1.,2 — HIGH,2,"Projected inventory position (55 units) breaches Reorder Point (84 units) in week 1, inside the supplier lead time window of 13 days.",REORDER_POINT_BREACH_LT,HIGH_CONFIDENCE,Create purchase order requisition and transmit to vendor within 48 hours.,121.0,92.0,13.0,32.0,84.0,65.73172493521483,3.2404444004768282,0.0,1.0,4.0,2025-07-08,False,False,Policy_B_LT,8,ENGINEERING_RECOMMENDATION_PENDING_BUSINESS_APPROVAL,True
2025-06-10,SKU049,,,,PLACE_PO,Issue Replenishment Purchase Order,Place replenishment purchase order for ~744 units. Target supplier delivery on or before week 1.,2 — HIGH,2,"Projected inventory position (524 units) breaches Reorder Point (672 units) in week 1, inside the supplier lead time window of 12 days.",REORDER_POINT_BREACH_LT,HIGH_CONFIDENCE,Create purchase order requisition and transmit to vendor within 48 hours.,720.0,860.0,12.0,252.0,672.0,186.08242009238467,8.490861195891448,0.0,1.0,,,False,False,Policy_B_LT,8,ENGINEERING_RECOMMENDATION_PENDING_BUSINESS_APPROVAL,True
2025-06-10,SKU050,,,,PLACE_PO,Issue Replenishment Purchase Order,Issue a calibrated replenishment order for ~223 units to protect week 1 Reorder Point breach. Note: Long-horizon inventory indicates 4.8 weeks of terminal surplus; do not exceed required batch size.,2 — HIGH,2,Inventory position breaches Reorder Point (440 units) in week 1 (lead time is 14 days). Reorder takes strict precedence over terminal surplus to prevent intermediate stockout.,REORDER_POINT_BREACH_LT,HIGH_CONFIDENCE,Create purchase order requisition and transmit to vendor within 48 hours.,370.0,439.0,14.0,151.0,440.0,51.42749759793044,15.730884017046865,4.7947115985375,1.0,,,False,False,Policy_B_LT,8,ENGINEERING_RECOMMENDATION_PENDING_BUSINESS_APPROVAL,True
2025-06-10,SKU001,,,,REVIEW_PIPELINE,Review Replenishment Pipeline,"Prepare replenishment purchase order for week 4. Current pipeline is adequate through week 4, with Reorder Point breach projected in week 5.",3 — MEDIUM,3,"Inventory position remains above Reorder Point during immediate lead time, but declines to 141 units (below Reorder Point of 239 units) in week 5.",REORDER_POINT_BREACH_HORIZON,HIGH_CONFIDENCE,Review open purchase order ETAs during weekly inventory planning meeting.,406.0,297.0,3.0,126.0,239.0,105.64647014311635,6.65426870436528,0.0,5.0,7.0,2025-07-29,False,False,Policy_B_LT,8,ENGINEERING_RECOMMENDATION_PENDING_BUSINESS_APPROVAL,True
2025-06-10,SKU002,,,,REVIEW_PIPELINE,Review Replenishment Pipeline,"Prepare replenishment purchase order for week 4. Current pipeline is adequate through week 5, with Reorder Point breach projected in week 6.",3 — MEDIUM,3,"Inventory position remains above Reorder Point during immediate lead time, but declines to 259 units (below Reorder Point of 336 units) in week 6.",REORDER_POINT_BREACH_HORIZON,HIGH_CONFIDENCE,Review open purchase order ETAs during weekly inventory planning meeting.,606.0,130.0,10.0,89.0,336.0,80.1467641929834,9.183153024466515,0.07269022667097094,6.0,,,False,False,Policy_B_LT,8,ENGINEERING_RECOMMENDATION_PENDING_BUSINESS_APPROVAL,True
2025-06-10,SKU003,,,,REVIEW_PIPELINE,Review Replenishment Pipeline,"Prepare replenishment purchase order for week 4. Current pipeline is adequate through week 4, with Reorder Point breach projected in week 5.",3 — MEDIUM,3,"Inventory position remains above Reorder Point during immediate lead time, but declines to 92 units (below Reorder Point of 117 units) in week 5.",REORDER_POINT_BREACH_HORIZON,HIGH_CONFIDENCE,Review open purchase order ETAs during weekly inventory planning meeting.,241.0,92.0,6.0,39.0,117.0,46.0134091653257,7.237020817204273,0.0,5.0,8.0,2025-08-05,False,False,Policy_B_LT,8,ENGINEERING_RECOMMENDATION_PENDING_BUSINESS_APPROVAL,True
2025-06-10,SKU005,,,,REVIEW_PIPELINE,Review Replenishment Pipeline,"Prepare replenishment purchase order for week 6. Current pipeline is adequate through week 6, with Reorder Point breach projected in week 7.",3 — MEDIUM,3,"Inventory position remains above Reorder Point during immediate lead time, but declines to 250 units (below Reorder Point of 316 units) in week 7.",REORDER_POINT_BREACH_HORIZON,HIGH_CONFIDENCE,Review open purchase order ETAs during weekly inventory planning meeting.,699.0,474.0,6.0,169.0,316.0,128.37759425129687,9.137108440464099,0.0,7.0,,,False,False,Policy_B_LT,8,ENGINEERING_RECOMMENDATION_PENDING_BUSINESS_APPROVAL,True
2025-06-10,SKU006,,,,REVIEW_PIPELINE,Review Replenishment Pipeline,"Prepare replenishment purchase order for week 4. Current pipeline is adequate through week 5, with Reorder Point breach projected in week 6.",3 — MEDIUM,3,"Inventory position remains above Reorder Point during immediate lead time, but declines to 296 units (below Reorder Point of 349 units) in week 6.",REORDER_POINT_BREACH_HORIZON,HIGH_CONFIDENCE,Review open purchase order ETAs during weekly inventory planning meeting.,509.0,111.0,8.0,174.0,349.0,54.80640274751333,11.312546872602956,0.13773533093696522,6.0,,,False,False,Policy_B_LT,8,ENGINEERING_RECOMMENDATION_PENDING_BUSINESS_APPROVAL,True
2025-06-10,SKU009,,,,REVIEW_PIPELINE,Review Replenishment Pipeline,"Prepare replenishment purchase order for week 3. Current pipeline is adequate through week 3, with Reorder Point breach projected in week 4.",3 — MEDIUM,3,"Inventory position remains above Reorder Point during immediate lead time, but declines to 71 units (below Reorder Point of 116 units) in week 4.",REORDER_POINT_BREACH_HORIZON,HIGH_CONFIDENCE,Review open purchase order ETAs during weekly inventory planning meeting.,263.0,120.0,3.0,79.0,116.0,82.17089416068745,4.661017796046285,0.0,4.0,5.0,2025-07-15,False,False,Policy_B_LT,8,ENGINEERING_RECOMMENDATION_PENDING_BUSINESS_APPROVAL,True
2025-06-10,SKU011,,,,FREEZE_REPLENISHMENT,Halt Inbound Replenishment,"FREEZE REPLENISHMENT: Severe overstock detected (524 excess units, 24.6 weeks of cover above safety buffer). Suspend all new purchase orders for 25 weeks. Evaluate immediate promotional markdowns, bundle offers, or stock transfers.",3 — MEDIUM,3,Projected inventory position at horizon h=8 exceeds required safety stock by 524 units (24.6 surplus weeks of demand). Evaluated against approved 8-week production forecast horizon.,EXCESS_INVENTORY,HIGH_CONFIDENCE,Escalate to merchandise planning for promotional markdown or supplier return assessment.,735.0,114.0,3.0,155.0,236.0,21.2561515539345,39.94137875079511,24.64937202950743,,,,False,False,Policy_B_LT,8,ENGINEERING_RECOMMENDATION_PENDING_BUSINESS_APPROVAL,True
2025-06-10,SKU013,,,,REVIEW_PIPELINE,Review Replenishment Pipeline,"Prepare replenishment purchase order for week 2. Current pipeline is adequate through week 2, with Reorder Point breach projected in week 3.",3 — MEDIUM,3,"Inventory position remains above Reorder Point during immediate lead time, but declines to 56 units (below Reorder Point of 121 units) in week 3.",REORDER_POINT_BREACH_HORIZON,HIGH_CONFIDENCE,Review open purchase order ETAs during weekly inventory planning meeting.,177.0,207.0,7.0,44.0,121.0,105.57582919779257,3.637196154818634,0.0,3.0,4.0,2025-07-08,False,False,Policy_B_LT,8,ENGINEERING_RECOMMENDATION_PENDING_BUSINESS_APPROVAL,True
2025-06-10,SKU016,,,,REVIEW_PIPELINE,Review Replenishment Pipeline,"Prepare replenishment purchase order for week 1. Current pipeline is adequate through week 1, with Reorder Point breach projected in week 2.",3 — MEDIUM,3,"Inventory position remains above Reorder Point during immediate lead time, but declines to 56 units (below Reorder Point of 147 units) in week 2.",REORDER_POINT_BREACH_HORIZON,HIGH_CONFIDENCE,Review open purchase order ETAs during weekly inventory planning meeting.,123.0,148.0,6.0,79.0,147.0,107.02542072366685,2.5321087099457014,0.0,2.0,3.0,2025-07-01,False,False,Policy_B_LT,8,ENGINEERING_RECOMMENDATION_PENDING_BUSINESS_APPROVAL,True
2025-06-10,SKU017,,,,REVIEW_PIPELINE,Review Replenishment Pipeline,"Prepare replenishment purchase order for week 4. Current pipeline is adequate through week 4, with Reorder Point breach projected in week 5.",3 — MEDIUM,3,"Inventory position remains above Reorder Point during immediate lead time, but declines to 86 units (below Reorder Point of 131 units) in week 5.",REORDER_POINT_BREACH_HORIZON,HIGH_CONFIDENCE,Review open purchase order ETAs during weekly inventory planning meeting.,443.0,222.0,5.0,53.0,131.0,113.8876431392644,5.839088259881038,0.0,5.0,6.0,2025-07-22,False,False,Policy_B_LT,8,ENGINEERING_RECOMMENDATION_PENDING_BUSINESS_APPROVAL,True
2025-06-10,SKU019,,,,REVIEW_PIPELINE,Review Replenishment Pipeline,"Prepare replenishment purchase order for week 2. Current pipeline is adequate through week 2, with Reorder Point breach projected in week 3.",3 — MEDIUM,3,"Inventory position remains above Reorder Point during immediate lead time, but declines to 106 units (below Reorder Point of 131 units) in week 3.",REORDER_POINT_BREACH_HORIZON,HIGH_CONFIDENCE,Review open purchase order ETAs during weekly inventory planning meeting.,305.0,167.0,7.0,67.0,131.0,122.2052931050215,3.86235316005805,0.0,3.0,4.0,2025-07-08,False,False,Policy_B_LT,8,ENGINEERING_RECOMMENDATION_PENDING_BUSINESS_APPROVAL,True
2025-06-10,SKU020,,,,FREEZE_REPLENISHMENT,Halt Inbound Replenishment,"FREEZE REPLENISHMENT: Severe overstock detected (807 excess units, 7.7 weeks of cover above safety buffer). Suspend all new purchase orders for 8 weeks. Evaluate immediate promotional markdowns, bundle offers, or stock transfers.",3 — MEDIUM,3,Projected inventory position at horizon h=8 exceeds required safety stock by 807 units (7.7 surplus weeks of demand). Evaluated against approved 8-week production forecast horizon.,EXCESS_INVENTORY,HIGH_CONFIDENCE,Escalate to merchandise planning for promotional markdown or supplier return assessment.,1031.0,884.0,6.0,265.0,511.0,105.42737669626308,18.164162478566897,7.6505838588174315,,,,False,False,Policy_B_LT,8,ENGINEERING_RECOMMENDATION_PENDING_BUSINESS_APPROVAL,True
2025-06-10,SKU021,,,,REVIEW_PIPELINE,Review Replenishment Pipeline,"Prepare replenishment purchase order for week 3. Current pipeline is adequate through week 3, with Reorder Point breach projected in week 4.",3 — MEDIUM,3,"Inventory position remains above Reorder Point during immediate lead time, but declines to 58 units (below Reorder Point of 66 units) in week 4.",REORDER_POINT_BREACH_HORIZON,HIGH_CONFIDENCE,Review open purchase order ETAs during weekly inventory planning meeting.,248.0,70.0,4.0,37.0,66.0,65.53075455933296,4.8526833261484255,0.0,4.0,5.0,2025-07-15,False,False,Policy_B_LT,8,ENGINEERING_RECOMMENDATION_PENDING_BUSINESS_APPROVAL,True
2025-06-10,SKU023,,,,REVIEW_PIPELINE,Review Replenishment Pipeline,"Prepare replenishment purchase order for week 2. Current pipeline is adequate through week 2, with Reorder Point breach projected in week 3.",3 — MEDIUM,3,"Inventory position remains above Reorder Point during immediate lead time, but declines to 1 units (below Reorder Point of 108 units) in week 3.",REORDER_POINT_BREACH_HORIZON,HIGH_CONFIDENCE,Review open purchase order ETAs during weekly inventory planning meeting.,201.0,180.0,3.0,73.0,108.0,119.84777542473987,3.179032724218185,0.0,3.0,4.0,2025-07-08,False,False,Policy_B_LT,8,ENGINEERING_RECOMMENDATION_PENDING_BUSINESS_APPROVAL,True
2025-06-10,SKU024,,,,REVIEW_PIPELINE,Review Replenishment Pipeline,"Prepare replenishment purchase order for week 3. Current pipeline is adequate through week 3, with Reorder Point breach projected in week 4.",3 — MEDIUM,3,"Inventory position remains above Reorder Point during immediate lead time, but declines to 228 units (below Reorder Point of 240 units) in week 4.",REORDER_POINT_BREACH_HORIZON,HIGH_CONFIDENCE,Review open purchase order ETAs during weekly inventory planning meeting.,536.0,132.0,6.0,137.0,240.0,105.99998257081396,6.301887828648825,0.0,4.0,7.0,2025-07-29,False,False,Policy_B_LT,8,ENGINEERING_RECOMMENDATION_PENDING_BUSINESS_APPROVAL,True
2025-06-10,SKU025,,,,FREEZE_REPLENISHMENT,Halt Inbound Replenishment,"FREEZE REPLENISHMENT: Severe overstock detected (1146 excess units, 48.5 weeks of cover above safety buffer). Suspend all new purchase orders for 49 weeks. Evaluate immediate promotional markdowns, bundle offers, or stock transfers.",3 — MEDIUM,3,Projected inventory position at horizon h=8 exceeds required safety stock by 1146 units (48.5 surplus weeks of demand). Evaluated against approved 8-week production forecast horizon.,EXCESS_INVENTORY,HIGH_CONFIDENCE,Escalate to merchandise planning for promotional markdown or supplier return assessment.,1181.0,324.0,6.0,170.0,407.0,23.610533607503193,63.74273555264867,48.54255944371161,,,,False,False,Policy_B_LT,8,ENGINEERING_RECOMMENDATION_PENDING_BUSINESS_APPROVAL,True
2025-06-10,SKU027,,,,REVIEW_PIPELINE,Review Replenishment Pipeline,"Prepare replenishment purchase order for week 1. Current pipeline is adequate through week 1, with Reorder Point breach projected in week 2.",3 — MEDIUM,3,"Inventory position remains above Reorder Point during immediate lead time, but declines to 158 units (below Reorder Point of 268 units) in week 2.",REORDER_POINT_BREACH_HORIZON,HIGH_CONFIDENCE,Review open purchase order ETAs during weekly inventory planning meeting.,534.0,9.0,6.0,144.0,268.0,183.01512995052929,2.9669678137910127,0.0,2.0,3.0,2025-07-01,False,False,Policy_B_LT,8,ENGINEERING_RECOMMENDATION_PENDING_BUSINESS_APPROVAL,True
2025-06-10,SKU030,,,,REVIEW_PIPELINE,Review Replenishment Pipeline,"Prepare replenishment purchase order for week 7. Current pipeline is adequate through week 7, with Reorder Point breach projected in week 8.",3 — MEDIUM,3,"Inventory position remains above Reorder Point during immediate lead time, but declines to 45 units (below Reorder Point of 54 units) in week 8.",REORDER_POINT_BREACH_HORIZON,HIGH_CONFIDENCE,Review open purchase order ETAs during weekly inventory planning meeting.,265.0,76.0,3.0,30.0,54.0,37.06213503715557,9.20076513827766,0.3913136598368106,8.0,,,False,False,Policy_B_LT,8,ENGINEERING_RECOMMENDATION_PENDING_BUSINESS_APPROVAL,True
2025-06-10,SKU035,,,,REVIEW_PIPELINE,Review Replenishment Pipeline,"Prepare replenishment purchase order for week 4. Current pipeline is adequate through week 4, with Reorder Point breach projected in week 5.",3 — MEDIUM,3,"Inventory position remains above Reorder Point during immediate lead time, but declines to 137 units (below Reorder Point of 302 units) in week 5.",REORDER_POINT_BREACH_HORIZON,HIGH_CONFIDENCE,Review open purchase order ETAs during weekly inventory planning meeting.,621.0,356.0,5.0,173.0,302.0,164.5717580824104,5.9366200579248884,0.0,5.0,6.0,2025-07-22,False,False,Policy_B_LT,8,ENGINEERING_RECOMMENDATION_PENDING_BUSINESS_APPROVAL,True
2025-06-10,SKU036,,,,FREEZE_REPLENISHMENT,Halt Inbound Replenishment,"FREEZE REPLENISHMENT: Severe overstock detected (372 excess units, 11.1 weeks of cover above safety buffer). Suspend all new purchase orders for 12 weeks. Evaluate immediate promotional markdowns, bundle offers, or stock transfers.",3 — MEDIUM,3,Projected inventory position at horizon h=8 exceeds required safety stock by 372 units (11.1 surplus weeks of demand). Evaluated against approved 8-week production forecast horizon.,EXCESS_INVENTORY,HIGH_CONFIDENCE,Escalate to merchandise planning for promotional markdown or supplier return assessment.,348.0,375.0,9.0,84.0,303.0,33.43712406114883,21.622673010926384,11.110495233723318,,,,False,False,Policy_B_LT,8,ENGINEERING_RECOMMENDATION_PENDING_BUSINESS_APPROVAL,True
2025-06-10,SKU038,,,,REVIEW_PIPELINE,Review Replenishment Pipeline,"Prepare replenishment purchase order for week 3. Current pipeline is adequate through week 4, with Reorder Point breach projected in week 5.",3 — MEDIUM,3,"Inventory position remains above Reorder Point during immediate lead time, but declines to 176 units (below Reorder Point of 187 units) in week 5.",REORDER_POINT_BREACH_HORIZON,HIGH_CONFIDENCE,Review open purchase order ETAs during weekly inventory planning meeting.,367.0,137.0,8.0,90.0,187.0,60.289970796024704,8.359599338754894,0.0,5.0,,,False,False,Policy_B_LT,8,ENGINEERING_RECOMMENDATION_PENDING_BUSINESS_APPROVAL,True
2025-06-10,SKU039,,,,REVIEW_PIPELINE,Review Replenishment Pipeline,"Prepare replenishment purchase order for week 5. Current pipeline is adequate through week 6, with Reorder Point breach projected in week 7.",3 — MEDIUM,3,"Inventory position remains above Reorder Point during immediate lead time, but declines to 97 units (below Reorder Point of 103 units) in week 7.",REORDER_POINT_BREACH_HORIZON,HIGH_CONFIDENCE,Review open purchase order ETAs during weekly inventory planning meeting.,231.0,38.0,9.0,40.0,103.0,23.986913128441458,11.21444841858558,1.5468724455617022,7.0,,,False,False,Policy_B_LT,8,ENGINEERING_RECOMMENDATION_PENDING_BUSINESS_APPROVAL,True
2025-06-10,SKU041,,,,REVIEW_PIPELINE,Review Replenishment Pipeline,"Prepare replenishment purchase order for week 6. Current pipeline is adequate through week 7, with Reorder Point breach projected in week 8.",3 — MEDIUM,3,"Inventory position remains above Reorder Point during immediate lead time, but declines to 230 units (below Reorder Point of 290 units) in week 8.",REORDER_POINT_BREACH_HORIZON,HIGH_CONFIDENCE,Review open purchase order ETAs during weekly inventory planning meeting.,476.0,429.0,11.0,75.0,290.0,84.38703165113202,10.72439665541737,1.8356345016534998,8.0,,,False,False,Policy_B_LT,8,ENGINEERING_RECOMMENDATION_PENDING_BUSINESS_APPROVAL,True
2025-06-10,SKU043,,,,REVIEW_PIPELINE,Review Replenishment Pipeline,"Prepare replenishment purchase order for week 3. Current pipeline is adequate through week 3, with Reorder Point breach projected in week 4.",3 — MEDIUM,3,"Inventory position remains above Reorder Point during immediate lead time, but declines to 260 units (below Reorder Point of 326 units) in week 4.",REORDER_POINT_BREACH_HORIZON,HIGH_CONFIDENCE,Review open purchase order ETAs during weekly inventory planning meeting.,490.0,465.0,5.0,195.0,326.0,168.5018636787571,5.667593100457773,0.0,4.0,6.0,2025-07-22,False,False,Policy_B_LT,8,ENGINEERING_RECOMMENDATION_PENDING_BUSINESS_APPROVAL,True
2025-06-10,SKU045,,,,REVIEW_PIPELINE,Review Replenishment Pipeline,"Prepare replenishment purchase order for week 1. Current pipeline is adequate through week 2, with Reorder Point breach projected in week 3.",3 — MEDIUM,3,"Inventory position remains above Reorder Point during immediate lead time, but declines to 181 units (below Reorder Point of 265 units) in week 3.",REORDER_POINT_BREACH_HORIZON,HIGH_CONFIDENCE,Review open purchase order ETAs during weekly inventory planning meeting.,496.0,303.0,8.0,128.0,265.0,197.64219372648893,4.042659034162067,0.0,3.0,4.0,2025-07-08,False,False,Policy_B_LT,8,ENGINEERING_RECOMMENDATION_PENDING_BUSINESS_APPROVAL,True
2025-06-10,SKU047,,,,REVIEW_PIPELINE,Review Replenishment Pipeline,"Prepare replenishment purchase order for week 1. Current pipeline is adequate through week 1, with Reorder Point breach projected in week 2.",3 — MEDIUM,3,"Inventory position remains above Reorder Point during immediate lead time, but declines to -37 units (below Reorder Point of 85 units) in week 2.",REORDER_POINT_BREACH_HORIZON,HIGH_CONFIDENCE,Review open purchase order ETAs during weekly inventory planning meeting.,53.0,162.0,6.0,43.0,85.0,123.27808348569764,1.7440245169364892,0.0,2.0,2.0,2025-06-24,False,False,Policy_B_LT,8,ENGINEERING_RECOMMENDATION_PENDING_BUSINESS_APPROVAL,True
2025-06-10,SKU008,,,,FREEZE_REPLENISHMENT,Halt Inbound Replenishment,Elevated stock: pipeline holds 131 units (1.0 weeks) above 8-week horizon target. Defer upcoming order placements.,4 — LOW,4,Projected inventory position at horizon h=8 exceeds required safety stock by 131 units (1.0 surplus weeks of demand). Evaluated against approved 8-week production forecast horizon.,EXCESS_INVENTORY,HIGH_CONFIDENCE,Review inventory position at next monthly snapshot.,903.0,398.0,4.0,148.0,264.0,127.78496504711066,10.181166458200764,1.022970735054174,,,,False,False,Policy_B_LT,8,ENGINEERING_RECOMMENDATION_PENDING_BUSINESS_APPROVAL,True
2025-07-01,SKU012,,,,EXPEDITE_PO,Expedite Inbound Shipment,Expedite existing inbound purchase order of 164 units immediately or arrange emergency split-shipment. Physical stock of 128 units will be depleted in week 1.,1 — CRITICAL,1,"Projected inventory position drops to -53 units (stockout) in week 1, which is within the supplier lead time of 14 days. Open orders exist but require delivery acceleration.",STOCKOUT_IMMINENT,HIGH_CONFIDENCE,Contact supplier within 24 hours to expedite shipment and obtain tracking confirmation.,128.0,164.0,14.0,27.0,84.0,183.86522445730859,1.5881197810073056,0.0,1.0,1.0,2025-07-08,False,False,Policy_B_LT,8,ENGINEERING_RECOMMENDATION_PENDING_BUSINESS_APPROVAL,True
2025-07-01,SKU017,,,,EXPEDITE_PO,Expedite Inbound Shipment,Expedite existing inbound purchase order of 61 units immediately or arrange emergency split-shipment. Physical stock of 143 units will be depleted in week 2.,1 — CRITICAL,1,"Projected inventory position drops to -18 units (stockout) in week 2, which is within the supplier lead time of 13 days. Open orders exist but require delivery acceleration.",STOCKOUT_IMMINENT,HIGH_CONFIDENCE,Contact supplier within 24 hours to expedite shipment and obtain tracking confirmation.,143.0,61.0,13.0,60.0,248.0,105.9822998858409,1.9248497175447137,0.0,1.0,2.0,2025-07-15,False,False,Policy_B_LT,8,ENGINEERING_RECOMMENDATION_PENDING_BUSINESS_APPROVAL,True
2025-07-01,SKU031,,,,EXPEDITE_PO,Expedite Inbound Shipment,Expedite existing inbound purchase order of 152 units immediately or arrange emergency split-shipment. Physical stock of 59 units will be depleted in week 1.,1 — CRITICAL,1,"Projected inventory position drops to -89 units (stockout) in week 1, which is within the supplier lead time of 10 days. Open orders exist but require delivery acceleration.",STOCKOUT_IMMINENT,HIGH_CONFIDENCE,Contact supplier within 24 hours to expedite shipment and obtain tracking confirmation.,59.0,152.0,10.0,49.0,130.0,127.7466785868627,1.6517063483300534,0.0,1.0,1.0,2025-07-08,False,False,Policy_B_LT,8,ENGINEERING_RECOMMENDATION_PENDING_BUSINESS_APPROVAL,True
2025-07-01,SKU034,,,,EXPEDITE_PO,Expedite Inbound Shipment,Expedite existing inbound purchase order of 205 units immediately or arrange emergency split-shipment. Physical stock of 137 units will be depleted in week 1.,1 — CRITICAL,1,"Projected inventory position drops to -12 units (stockout) in week 1, which is within the supplier lead time of 13 days. Open orders exist but require delivery acceleration.",STOCKOUT_IMMINENT,HIGH_CONFIDENCE,Contact supplier within 24 hours to expedite shipment and obtain tracking confirmation.,137.0,205.0,13.0,22.0,113.0,132.20573965064204,2.5868770970439416,0.0,1.0,1.0,2025-07-08,False,False,Policy_B_LT,8,ENGINEERING_RECOMMENDATION_PENDING_BUSINESS_APPROVAL,True
2025-07-01,SKU042,,,,EXPEDITE_PO,Expedite Inbound Shipment,Expedite existing inbound purchase order of 40 units immediately or arrange emergency split-shipment. Physical stock of 186 units will be depleted in week 2.,1 — CRITICAL,1,"Projected inventory position drops to -81 units (stockout) in week 2, which is within the supplier lead time of 8 days. Open orders exist but require delivery acceleration.",STOCKOUT_IMMINENT,HIGH_CONFIDENCE,Contact supplier within 24 hours to expedite shipment and obtain tracking confirmation.,186.0,40.0,8.0,37.0,106.0,155.6790229559552,1.4517048970941966,0.0,1.0,2.0,2025-07-15,False,False,Policy_B_LT,8,ENGINEERING_RECOMMENDATION_PENDING_BUSINESS_APPROVAL,True
2025-07-01,SKU047,,,,EXPEDITE_PO,Expedite Inbound Shipment,Expedite existing inbound purchase order of 198 units immediately or arrange emergency split-shipment. Physical stock of 70 units will be depleted in week 1.,1 — CRITICAL,1,"Projected inventory position drops to -46 units (stockout) in week 1, which is within the supplier lead time of 10 days. Open orders exist but require delivery acceleration.",STOCKOUT_IMMINENT,HIGH_CONFIDENCE,Contact supplier within 24 hours to expedite shipment and obtain tracking confirmation.,70.0,198.0,10.0,49.0,124.0,103.79387097194883,2.582040707128355,0.0,1.0,1.0,2025-07-08,False,False,Policy_B_LT,8,ENGINEERING_RECOMMENDATION_PENDING_BUSINESS_APPROVAL,True
2025-07-01,SKU003,,,,PLACE_PO,Issue Replenishment Purchase Order,Issue a calibrated replenishment order for ~161 units to protect week 1 Reorder Point breach. Note: Long-horizon inventory indicates 3.8 weeks of terminal surplus; do not exceed required batch size.,2 — HIGH,2,Inventory position breaches Reorder Point (272 units) in week 1 (lead time is 11 days). Reorder takes strict precedence over terminal surplus to prevent intermediate stockout.,REORDER_POINT_BREACH_LT,HIGH_CONFIDENCE,Create purchase order requisition and transmit to vendor within 48 hours.,280.0,295.0,11.0,101.0,272.0,40.26491320288315,14.280423183895685,3.772035807246182,1.0,,,False,False,Policy_B_LT,8,ENGINEERING_RECOMMENDATION_PENDING_BUSINESS_APPROVAL,True
2025-07-01,SKU005,,,,PLACE_PO,Issue Replenishment Purchase Order,Place replenishment purchase order for ~449 units. Target supplier delivery on or before week 1.,2 — HIGH,2,"Projected inventory position (390 units) breaches Reorder Point (540 units) in week 1, inside the supplier lead time window of 13 days.",REORDER_POINT_BREACH_LT,HIGH_CONFIDENCE,Create purchase order requisition and transmit to vendor within 48 hours.,509.0,198.0,13.0,197.0,540.0,112.27085849156065,6.297270810066397,0.0,1.0,7.0,2025-08-19,False,False,Policy_B_LT,8,ENGINEERING_RECOMMENDATION_PENDING_BUSINESS_APPROVAL,True
2025-07-01,SKU006,,,,PLACE_PO,Issue Replenishment Purchase Order,Issue a calibrated replenishment order for ~201 units to protect week 1 Reorder Point breach. Note: Long-horizon inventory indicates 4.9 weeks of terminal surplus; do not exceed required batch size.,2 — HIGH,2,Inventory position breaches Reorder Point (400 units) in week 1 (lead time is 14 days). Reorder takes strict precedence over terminal surplus to prevent intermediate stockout.,REORDER_POINT_BREACH_LT,HIGH_CONFIDENCE,Create purchase order requisition and transmit to vendor within 48 hours.,428.0,321.0,14.0,101.0,400.0,50.36762999365673,14.870661972666346,4.865405818808802,1.0,,,False,False,Policy_B_LT,8,ENGINEERING_RECOMMENDATION_PENDING_BUSINESS_APPROVAL,True
2025-07-01,SKU010,,,,PLACE_PO,Issue Replenishment Purchase Order,Place replenishment purchase order for ~459 units. Target supplier delivery on or before week 1.,2 — HIGH,2,"Projected inventory position (31 units) breaches Reorder Point (52 units) in week 1, inside the supplier lead time window of 5 days.",REORDER_POINT_BREACH_LT,HIGH_CONFIDENCE,Create purchase order requisition and transmit to vendor within 48 hours.,69.0,83.0,5.0,32.0,52.0,114.81582241731226,1.3238593496943065,0.0,1.0,2.0,2025-07-15,False,False,Policy_B_LT,8,ENGINEERING_RECOMMENDATION_PENDING_BUSINESS_APPROVAL,True
2025-07-01,SKU014,,,,PLACE_PO,Issue Replenishment Purchase Order,Place replenishment purchase order for ~624 units. Target supplier delivery on or before week 1.,2 — HIGH,2,"Projected inventory position (173 units) breaches Reorder Point (395 units) in week 1, inside the supplier lead time window of 14 days.",REORDER_POINT_BREACH_LT,HIGH_CONFIDENCE,Create purchase order requisition and transmit to vendor within 48 hours.,345.0,450.0,14.0,94.0,395.0,156.06257184995917,5.0941105902337975,0.0,1.0,6.0,2025-08-12,False,False,Policy_B_LT,8,ENGINEERING_RECOMMENDATION_PENDING_BUSINESS_APPROVAL,True
2025-07-01,SKU023,,,,PLACE_PO,Issue Replenishment Purchase Order,Place replenishment purchase order for ~423 units. Target supplier delivery on or before week 1.,2 — HIGH,2,"Projected inventory position (172 units) breaches Reorder Point (210 units) in week 1, inside the supplier lead time window of 12 days.",REORDER_POINT_BREACH_LT,HIGH_CONFIDENCE,Create purchase order requisition and transmit to vendor within 48 hours.,290.0,166.0,12.0,78.0,210.0,105.68480691232406,4.314716687501703,0.0,1.0,5.0,2025-08-05,False,False,Policy_B_LT,8,ENGINEERING_RECOMMENDATION_PENDING_BUSINESS_APPROVAL,True
2025-07-01,SKU024,,,,PLACE_PO,Issue Replenishment Purchase Order,Place replenishment purchase order for ~369 units. Target supplier delivery on or before week 1.,2 — HIGH,2,"Projected inventory position (329 units) breaches Reorder Point (340 units) in week 1, inside the supplier lead time window of 12 days.",REORDER_POINT_BREACH_LT,HIGH_CONFIDENCE,Create purchase order requisition and transmit to vendor within 48 hours.,429.0,261.0,12.0,125.0,340.0,92.15130438479898,7.48768565574228,0.0,1.0,8.0,2025-08-26,False,False,Policy_B_LT,8,ENGINEERING_RECOMMENDATION_PENDING_BUSINESS_APPROVAL,True
2025-07-01,SKU026,,,,PLACE_PO,Issue Replenishment Purchase Order,Place replenishment purchase order for ~594 units. Target supplier delivery on or before week 1.,2 — HIGH,2,"Projected inventory position (15 units) breaches Reorder Point (138 units) in week 1, inside the supplier lead time window of 13 days.",REORDER_POINT_BREACH_LT,HIGH_CONFIDENCE,Create purchase order requisition and transmit to vendor within 48 hours.,172.0,248.0,13.0,52.0,138.0,148.52131409445332,2.8278769452100163,0.0,1.0,3.0,2025-07-22,False,False,Policy_B_LT,8,ENGINEERING_RECOMMENDATION_PENDING_BUSINESS_APPROVAL,True
2025-07-01,SKU027,,,,PLACE_PO,Issue Replenishment Purchase Order,Place replenishment purchase order for ~634 units. Target supplier delivery on or before week 1.,2 — HIGH,2,"Projected inventory position (118 units) breaches Reorder Point (351 units) in week 1, inside the supplier lead time window of 11 days.",REORDER_POINT_BREACH_LT,HIGH_CONFIDENCE,Create purchase order requisition and transmit to vendor within 48 hours.,281.0,658.0,11.0,117.0,351.0,158.61059525999565,5.920159359220513,0.0,1.0,6.0,2025-08-12,False,False,Policy_B_LT,8,ENGINEERING_RECOMMENDATION_PENDING_BUSINESS_APPROVAL,True
2025-07-01,SKU029,,,,PLACE_PO,Issue Replenishment Purchase Order,Place replenishment purchase order for ~444 units. Target supplier delivery on or before week 1.,2 — HIGH,2,"Projected inventory position (223 units) breaches Reorder Point (378 units) in week 1, inside the supplier lead time window of 7 days.",REORDER_POINT_BREACH_LT,HIGH_CONFIDENCE,Create purchase order requisition and transmit to vendor within 48 hours.,242.0,99.0,7.0,147.0,378.0,111.10695376017179,3.0691148344869603,0.0,1.0,4.0,2025-07-29,False,False,Policy_B_LT,8,ENGINEERING_RECOMMENDATION_PENDING_BUSINESS_APPROVAL,True
2025-07-01,SKU037,,,,PLACE_PO,Issue Replenishment Purchase Order,Place replenishment purchase order for ~693 units. Target supplier delivery on or before week 1.,2 — HIGH,2,"Projected inventory position (568 units) breaches Reorder Point (907 units) in week 1, inside the supplier lead time window of 10 days.",REORDER_POINT_BREACH_LT,HIGH_CONFIDENCE,Create purchase order requisition and transmit to vendor within 48 hours.,749.0,612.0,10.0,354.0,907.0,173.18143464769403,7.858810055296664,0.0,1.0,8.0,2025-08-26,False,False,Policy_B_LT,8,ENGINEERING_RECOMMENDATION_PENDING_BUSINESS_APPROVAL,True
2025-07-01,SKU043,,,,PLACE_PO,Issue Replenishment Purchase Order,Place replenishment purchase order for ~660 units. Target supplier delivery on or before week 1.,2 — HIGH,2,"Projected inventory position (390 units) breaches Reorder Point (505 units) in week 1, inside the supplier lead time window of 12 days.",REORDER_POINT_BREACH_LT,HIGH_CONFIDENCE,Create purchase order requisition and transmit to vendor within 48 hours.,565.0,297.0,12.0,176.0,505.0,164.96546636031806,5.22533605983459,0.0,1.0,6.0,2025-08-12,False,False,Policy_B_LT,8,ENGINEERING_RECOMMENDATION_PENDING_BUSINESS_APPROVAL,True
2025-07-01,SKU004,,,,FREEZE_REPLENISHMENT,Halt Inbound Replenishment,"FREEZE REPLENISHMENT: Severe overstock detected (422 excess units, 12.1 weeks of cover above safety buffer). Suspend all new purchase orders for 13 weeks. Evaluate immediate promotional markdowns, bundle offers, or stock transfers.",3 — MEDIUM,3,Projected inventory position at horizon h=8 exceeds required safety stock by 422 units (12.1 surplus weeks of demand). Evaluated against approved 8-week production forecast horizon.,EXCESS_INVENTORY,HIGH_CONFIDENCE,Escalate to merchandise planning for promotional markdown or supplier return assessment.,393.0,394.0,9.0,86.0,278.0,34.921037890785335,22.53655811895748,12.073859264789316,,,,False,False,Policy_B_LT,8,ENGINEERING_RECOMMENDATION_PENDING_BUSINESS_APPROVAL,True
2025-07-01,SKU007,,,,REVIEW_PIPELINE,Review Replenishment Pipeline,"Prepare replenishment purchase order for week 2. Current pipeline is adequate through week 3, with Reorder Point breach projected in week 4.",3 — MEDIUM,3,"Inventory position remains above Reorder Point during immediate lead time, but declines to 262 units (below Reorder Point of 400 units) in week 4.",REORDER_POINT_BREACH_HORIZON,HIGH_CONFIDENCE,Review open purchase order ETAs during weekly inventory planning meeting.,643.0,313.0,11.0,147.0,400.0,177.24903172876296,5.393541452248542,0.0,4.0,6.0,2025-08-12,False,False,Policy_B_LT,8,ENGINEERING_RECOMMENDATION_PENDING_BUSINESS_APPROVAL,True
2025-07-01,SKU008,,,,REVIEW_PIPELINE,Review Replenishment Pipeline,"Prepare replenishment purchase order for week 5. Current pipeline is adequate through week 5, with Reorder Point breach projected in week 6.",3 — MEDIUM,3,"Inventory position remains above Reorder Point during immediate lead time, but declines to 238 units (below Reorder Point of 291 units) in week 6.",REORDER_POINT_BREACH_HORIZON,HIGH_CONFIDENCE,Review open purchase order ETAs during weekly inventory planning meeting.,538.0,374.0,4.0,169.0,291.0,115.5536097843974,7.892440588412866,0.0,6.0,8.0,2025-08-26,False,False,Policy_B_LT,8,ENGINEERING_RECOMMENDATION_PENDING_BUSINESS_APPROVAL,True
2025-07-01,SKU009,,,,REVIEW_PIPELINE,Review Replenishment Pipeline,"Prepare replenishment purchase order for week 2. Current pipeline is adequate through week 2, with Reorder Point breach projected in week 3.",3 — MEDIUM,3,"Inventory position remains above Reorder Point during immediate lead time, but declines to 63 units (below Reorder Point of 98 units) in week 3.",REORDER_POINT_BREACH_HORIZON,HIGH_CONFIDENCE,Review open purchase order ETAs during weekly inventory planning meeting.,229.0,57.0,4.0,49.0,98.0,79.35834252022474,3.603905914833238,0.0,3.0,4.0,2025-07-29,False,False,Policy_B_LT,8,ENGINEERING_RECOMMENDATION_PENDING_BUSINESS_APPROVAL,True
2025-07-01,SKU011,,,,REVIEW_PIPELINE,Review Replenishment Pipeline,"Prepare replenishment purchase order for week 5. Current pipeline is adequate through week 5, with Reorder Point breach projected in week 6.",3 — MEDIUM,3,"Inventory position remains above Reorder Point during immediate lead time, but declines to 303 units (below Reorder Point of 309 units) in week 6.",REORDER_POINT_BREACH_HORIZON,HIGH_CONFIDENCE,Review open purchase order ETAs during weekly inventory planning meeting.,214.0,218.0,7.0,103.0,309.0,19.68365161792356,21.947147225803825,8.714378327058931,6.0,,,False,False,Policy_B_LT,8,ENGINEERING_RECOMMENDATION_PENDING_BUSINESS_APPROVAL,True
2025-07-01,SKU013,,,,REVIEW_PIPELINE,Review Replenishment Pipeline,"Prepare replenishment purchase order for week 4. Current pipeline is adequate through week 4, with Reorder Point breach projected in week 5.",3 — MEDIUM,3,"Inventory position remains above Reorder Point during immediate lead time, but declines to 23 units (below Reorder Point of 97 units) in week 5.",REORDER_POINT_BREACH_HORIZON,HIGH_CONFIDENCE,Review open purchase order ETAs during weekly inventory planning meeting.,332.0,189.0,6.0,35.0,97.0,101.86335260077169,5.114695194079574,0.0,5.0,6.0,2025-08-12,False,False,Policy_B_LT,8,ENGINEERING_RECOMMENDATION_PENDING_BUSINESS_APPROVAL,True
2025-07-01,SKU015,,,,FREEZE_REPLENISHMENT,Halt Inbound Replenishment,"FREEZE REPLENISHMENT: Severe overstock detected (489 excess units, 17.0 weeks of cover above safety buffer). Suspend all new purchase orders for 18 weeks. Evaluate immediate promotional markdowns, bundle offers, or stock transfers.",3 — MEDIUM,3,Projected inventory position at horizon h=8 exceeds required safety stock by 489 units (17.0 surplus weeks of demand). Evaluated against approved 8-week production forecast horizon.,EXCESS_INVENTORY,HIGH_CONFIDENCE,Escalate to merchandise planning for promotional markdown or supplier return assessment.,420.0,423.0,10.0,125.0,343.0,28.667708640834896,29.4059079001247,17.045601271992332,,,,False,False,Policy_B_LT,8,ENGINEERING_RECOMMENDATION_PENDING_BUSINESS_APPROVAL,True
2025-07-01,SKU016,,,,REVIEW_PIPELINE,Review Replenishment Pipeline,"Prepare replenishment purchase order for week 1. Current pipeline is adequate through week 1, with Reorder Point breach projected in week 2.",3 — MEDIUM,3,"Inventory position remains above Reorder Point during immediate lead time, but declines to 60 units (below Reorder Point of 86 units) in week 2.",REORDER_POINT_BREACH_HORIZON,HIGH_CONFIDENCE,Review open purchase order ETAs during weekly inventory planning meeting.,269.0,1.0,3.0,50.0,86.0,98.70984186440582,2.735289560800729,0.0,2.0,3.0,2025-07-22,False,False,Policy_B_LT,8,ENGINEERING_RECOMMENDATION_PENDING_BUSINESS_APPROVAL,True
2025-07-01,SKU018,,,,REVIEW_PIPELINE,Review Replenishment Pipeline,"Prepare replenishment purchase order for week 3. Current pipeline is adequate through week 3, with Reorder Point breach projected in week 4.",3 — MEDIUM,3,"Inventory position remains above Reorder Point during immediate lead time, but declines to 35 units (below Reorder Point of 144 units) in week 4.",REORDER_POINT_BREACH_HORIZON,HIGH_CONFIDENCE,Review open purchase order ETAs during weekly inventory planning meeting.,631.0,96.0,4.0,62.0,144.0,170.63332332385207,4.260598022932464,0.0,4.0,5.0,2025-08-05,False,False,Policy_B_LT,8,ENGINEERING_RECOMMENDATION_PENDING_BUSINESS_APPROVAL,True
2025-07-01,SKU019,,,,REVIEW_PIPELINE,Review Replenishment Pipeline,"Prepare replenishment purchase order for week 3. Current pipeline is adequate through week 4, with Reorder Point breach projected in week 5.",3 — MEDIUM,3,"Inventory position remains above Reorder Point during immediate lead time, but declines to 69 units (below Reorder Point of 174 units) in week 5.",REORDER_POINT_BREACH_HORIZON,HIGH_CONFIDENCE,Review open purchase order ETAs during weekly inventory planning meeting.,317.0,309.0,11.0,69.0,174.0,111.38295068300695,5.620249743442154,0.0,5.0,6.0,2025-08-12,False,False,Policy_B_LT,8,ENGINEERING_RECOMMENDATION_PENDING_BUSINESS_APPROVAL,True
2025-07-01,SKU020,,,,REVIEW_PIPELINE,Review Replenishment Pipeline,"Prepare replenishment purchase order for week 6. Current pipeline is adequate through week 6, with Reorder Point breach projected in week 7.",3 — MEDIUM,3,"Inventory position remains above Reorder Point during immediate lead time, but declines to 406 units (below Reorder Point of 415 units) in week 7.",REORDER_POINT_BREACH_HORIZON,HIGH_CONFIDENCE,Review open purchase order ETAs during weekly inventory planning meeting.,568.0,558.0,5.0,194.0,415.0,103.05692183578404,10.926000698858672,1.0435458715242298,7.0,,,False,False,Policy_B_LT,8,ENGINEERING_RECOMMENDATION_PENDING_BUSINESS_APPROVAL,True
2025-07-01,SKU021,,,,REVIEW_PIPELINE,Review Replenishment Pipeline,"Prepare replenishment purchase order for week 2. Current pipeline is adequate through week 3, with Reorder Point breach projected in week 4.",3 — MEDIUM,3,"Inventory position remains above Reorder Point during immediate lead time, but declines to 81 units (below Reorder Point of 132 units) in week 4.",REORDER_POINT_BREACH_HORIZON,HIGH_CONFIDENCE,Review open purchase order ETAs during weekly inventory planning meeting.,286.0,38.0,8.0,64.0,132.0,60.32469019501913,5.370935166887138,0.0,4.0,6.0,2025-08-12,False,False,Policy_B_LT,8,ENGINEERING_RECOMMENDATION_PENDING_BUSINESS_APPROVAL,True
2025-07-01,SKU022,,,,REVIEW_PIPELINE,Review Replenishment Pipeline,"Prepare replenishment purchase order for week 1. Current pipeline is adequate through week 1, with Reorder Point breach projected in week 2.",3 — MEDIUM,3,"Inventory position remains above Reorder Point during immediate lead time, but declines to 102 units (below Reorder Point of 152 units) in week 2.",REORDER_POINT_BREACH_HORIZON,HIGH_CONFIDENCE,Review open purchase order ETAs during weekly inventory planning meeting.,83.0,171.0,5.0,79.0,152.0,73.18761191503287,3.470532694725457,0.0,2.0,4.0,2025-07-29,False,False,Policy_B_LT,8,ENGINEERING_RECOMMENDATION_PENDING_BUSINESS_APPROVAL,True
2025-07-01,SKU025,,,,FREEZE_REPLENISHMENT,Halt Inbound Replenishment,"FREEZE REPLENISHMENT: Severe overstock detected (609 excess units, 31.0 weeks of cover above safety buffer). Suspend all new purchase orders for 31 weeks. Evaluate immediate promotional markdowns, bundle offers, or stock transfers.",3 — MEDIUM,3,Projected inventory position at horizon h=8 exceeds required safety stock by 609 units (31.0 surplus weeks of demand). Evaluated against approved 8-week production forecast horizon.,EXCESS_INVENTORY,HIGH_CONFIDENCE,Escalate to merchandise planning for promotional markdown or supplier return assessment.,365.0,573.0,7.0,171.0,461.0,19.68953406589429,47.63952244176157,30.954705450779453,,,,False,False,Policy_B_LT,8,ENGINEERING_RECOMMENDATION_PENDING_BUSINESS_APPROVAL,True
2025-07-01,SKU028,,,,FREEZE_REPLENISHMENT,Halt Inbound Replenishment,"FREEZE REPLENISHMENT: Severe overstock detected (387 excess units, 9.4 weeks of cover above safety buffer). Suspend all new purchase orders for 10 weeks. Evaluate immediate promotional markdowns, bundle offers, or stock transfers.",3 — MEDIUM,3,Projected inventory position at horizon h=8 exceeds required safety stock by 387 units (9.4 surplus weeks of demand). Evaluated against approved 8-week production forecast horizon.,EXCESS_INVENTORY,HIGH_CONFIDENCE,Escalate to merchandise planning for promotional markdown or supplier return assessment.,823.0,18.0,6.0,125.0,268.0,41.08357409415348,20.47046827212828,9.427889753678771,,,,False,False,Policy_B_LT,8,ENGINEERING_RECOMMENDATION_PENDING_BUSINESS_APPROVAL,True
2025-07-01,SKU030,,,,REVIEW_PIPELINE,Review Replenishment Pipeline,"Prepare replenishment purchase order for week 4. Current pipeline is adequate through week 5, with Reorder Point breach projected in week 6.",3 — MEDIUM,3,"Inventory position remains above Reorder Point during immediate lead time, but declines to 146 units (below Reorder Point of 150 units) in week 6.",REORDER_POINT_BREACH_HORIZON,HIGH_CONFIDENCE,Review open purchase order ETAs during weekly inventory planning meeting.,286.0,63.0,13.0,43.0,150.0,33.56727812006069,10.397030070526581,1.1160206349029627,6.0,,,False,False,Policy_B_LT,8,ENGINEERING_RECOMMENDATION_PENDING_BUSINESS_APPROVAL,True
2025-07-01,SKU032,,,,REVIEW_PIPELINE,Review Replenishment Pipeline,"Prepare replenishment purchase order for week 4. Current pipeline is adequate through week 5, with Reorder Point breach projected in week 6.",3 — MEDIUM,3,"Inventory position remains above Reorder Point during immediate lead time, but declines to 216 units (below Reorder Point of 259 units) in week 6.",REORDER_POINT_BREACH_HORIZON,HIGH_CONFIDENCE,Review open purchase order ETAs during weekly inventory planning meeting.,408.0,231.0,13.0,63.0,259.0,66.07431714285084,9.670928548811178,0.7174567200551455,6.0,,,False,False,Policy_B_LT,8,ENGINEERING_RECOMMENDATION_PENDING_BUSINESS_APPROVAL,True
2025-07-01,SKU033,,,,REVIEW_PIPELINE,Review Replenishment Pipeline,"Prepare replenishment purchase order for week 3. Current pipeline is adequate through week 3, with Reorder Point breach projected in week 4.",3 — MEDIUM,3,"Inventory position remains above Reorder Point during immediate lead time, but declines to 79 units (below Reorder Point of 166 units) in week 4.",REORDER_POINT_BREACH_HORIZON,HIGH_CONFIDENCE,Review open purchase order ETAs during weekly inventory planning meeting.,332.0,299.0,7.0,76.0,166.0,131.6482005742194,4.793077286645181,0.0,4.0,5.0,2025-08-05,False,False,Policy_B_LT,8,ENGINEERING_RECOMMENDATION_PENDING_BUSINESS_APPROVAL,True
2025-07-01,SKU035,,,,REVIEW_PIPELINE,Review Replenishment Pipeline,"Prepare replenishment purchase order for week 6. Current pipeline is adequate through week 7, with Reorder Point breach projected in week 8.",3 — MEDIUM,3,"Inventory position remains above Reorder Point during immediate lead time, but declines to 209 units (below Reorder Point of 331 units) in week 8.",REORDER_POINT_BREACH_HORIZON,HIGH_CONFIDENCE,Review open purchase order ETAs during weekly inventory planning meeting.,830.0,605.0,10.0,91.0,331.0,153.30841525219262,9.360216773746062,0.7666420515085072,8.0,,,False,False,Policy_B_LT,8,ENGINEERING_RECOMMENDATION_PENDING_BUSINESS_APPROVAL,True
2025-07-01,SKU036,,,,FREEZE_REPLENISHMENT,Halt Inbound Replenishment,"FREEZE REPLENISHMENT: Severe overstock detected (587 excess units, 16.8 weeks of cover above safety buffer). Suspend all new purchase orders for 17 weeks. Evaluate immediate promotional markdowns, bundle offers, or stock transfers.",3 — MEDIUM,3,Projected inventory position at horizon h=8 exceeds required safety stock by 587 units (16.8 surplus weeks of demand). Evaluated against approved 8-week production forecast horizon.,EXCESS_INVENTORY,HIGH_CONFIDENCE,Escalate to merchandise planning for promotional markdown or supplier return assessment.,687.0,362.0,4.0,183.0,276.0,34.912336960531476,30.04668525014233,16.80498515407365,,,,False,False,Policy_B_LT,8,ENGINEERING_RECOMMENDATION_PENDING_BUSINESS_APPROVAL,True
2025-07-01,SKU038,,,,REVIEW_PIPELINE,Review Replenishment Pipeline,"Prepare replenishment purchase order for week 3. Current pipeline is adequate through week 4, with Reorder Point breach projected in week 5.",3 — MEDIUM,3,"Inventory position remains above Reorder Point during immediate lead time, but declines to 152 units (below Reorder Point of 177 units) in week 5.",REORDER_POINT_BREACH_HORIZON,HIGH_CONFIDENCE,Review open purchase order ETAs during weekly inventory planning meeting.,346.0,93.0,9.0,60.0,177.0,59.08451338918469,7.4300349587098085,0.0,5.0,8.0,2025-08-26,False,False,Policy_B_LT,8,ENGINEERING_RECOMMENDATION_PENDING_BUSINESS_APPROVAL,True
2025-07-01,SKU039,,,,REVIEW_PIPELINE,Review Replenishment Pipeline,"Prepare replenishment purchase order for week 5. Current pipeline is adequate through week 5, with Reorder Point breach projected in week 6.",3 — MEDIUM,3,"Inventory position remains above Reorder Point during immediate lead time, but declines to 41 units (below Reorder Point of 65 units) in week 6.",REORDER_POINT_BREACH_HORIZON,HIGH_CONFIDENCE,Review open purchase order ETAs during weekly inventory planning meeting.,122.0,64.0,4.0,43.0,65.0,21.59798530710364,8.611914368643637,0.0,6.0,,,False,False,Policy_B_LT,8,ENGINEERING_RECOMMENDATION_PENDING_BUSINESS_APPROVAL,True
2025-07-01,SKU040,,,,REVIEW_PIPELINE,Review Replenishment Pipeline,"Prepare replenishment purchase order for week 1. Current pipeline is adequate through week 1, with Reorder Point breach projected in week 2.",3 — MEDIUM,3,"Inventory position remains above Reorder Point during immediate lead time, but declines to -37 units (below Reorder Point of 54 units) in week 2.",REORDER_POINT_BREACH_HORIZON,HIGH_CONFIDENCE,Review open purchase order ETAs during weekly inventory planning meeting.,145.0,53.0,3.0,31.0,54.0,111.2772463901828,1.7793395004198103,0.0,2.0,2.0,2025-07-15,False,False,Policy_B_LT,8,ENGINEERING_RECOMMENDATION_PENDING_BUSINESS_APPROVAL,True
2025-07-01,SKU041,,,,REVIEW_PIPELINE,Review Replenishment Pipeline,"Prepare replenishment purchase order for week 2. Current pipeline is adequate through week 3, with Reorder Point breach projected in week 4.",3 — MEDIUM,3,"Inventory position remains above Reorder Point during immediate lead time, but declines to 382 units (below Reorder Point of 424 units) in week 4.",REORDER_POINT_BREACH_HORIZON,HIGH_CONFIDENCE,Review open purchase order ETAs during weekly inventory planning meeting.,620.0,70.0,14.0,145.0,424.0,76.42033616117222,9.029010269527923,0.0,4.0,,,False,False,Policy_B_LT,8,ENGINEERING_RECOMMENDATION_PENDING_BUSINESS_APPROVAL,True
2025-07-01,SKU044,,,,REVIEW_PIPELINE,Review Replenishment Pipeline,"Prepare replenishment purchase order for week 3. Current pipeline is adequate through week 3, with Reorder Point breach projected in week 4.",3 — MEDIUM,3,"Inventory position remains above Reorder Point during immediate lead time, but declines to 95 units (below Reorder Point of 101 units) in week 4.",REORDER_POINT_BREACH_HORIZON,HIGH_CONFIDENCE,Review open purchase order ETAs during weekly inventory planning meeting.,268.0,105.0,7.0,39.0,101.0,71.58750835901554,5.210406236369943,0.0,4.0,6.0,2025-08-12,False,False,Policy_B_LT,8,ENGINEERING_RECOMMENDATION_PENDING_BUSINESS_APPROVAL,True
2025-07-01,SKU045,,,,REVIEW_PIPELINE,Review Replenishment Pipeline,"Prepare replenishment purchase order for week 2. Current pipeline is adequate through week 2, with Reorder Point breach projected in week 3.",3 — MEDIUM,3,"Inventory position remains above Reorder Point during immediate lead time, but declines to 60 units (below Reorder Point of 168 units) in week 3.",REORDER_POINT_BREACH_HORIZON,HIGH_CONFIDENCE,Review open purchase order ETAs during weekly inventory planning meeting.,352.0,159.0,6.0,58.0,168.0,161.11794734145565,3.1715895617577776,0.0,3.0,4.0,2025-07-29,False,False,Policy_B_LT,8,ENGINEERING_RECOMMENDATION_PENDING_BUSINESS_APPROVAL,True
2025-07-01,SKU046,,,,REVIEW_PIPELINE,Review Replenishment Pipeline,"Prepare replenishment purchase order for week 4. Current pipeline is adequate through week 4, with Reorder Point breach projected in week 5.",3 — MEDIUM,3,"Inventory position remains above Reorder Point during immediate lead time, but declines to 123 units (below Reorder Point of 176 units) in week 5.",REORDER_POINT_BREACH_HORIZON,HIGH_CONFIDENCE,Review open purchase order ETAs during weekly inventory planning meeting.,125.0,316.0,3.0,126.0,176.0,65.1259964681449,6.7714894806362995,0.0,5.0,7.0,2025-08-19,False,False,Policy_B_LT,8,ENGINEERING_RECOMMENDATION_PENDING_BUSINESS_APPROVAL,True
2025-07-01,SKU048,,,,REVIEW_PIPELINE,Review Replenishment Pipeline,"Prepare replenishment purchase order for week 1. Current pipeline is adequate through week 1, with Reorder Point breach projected in week 2.",3 — MEDIUM,3,"Inventory position remains above Reorder Point during immediate lead time, but declines to 2 units (below Reorder Point of 43 units) in week 2.",REORDER_POINT_BREACH_HORIZON,HIGH_CONFIDENCE,Review open purchase order ETAs during weekly inventory planning meeting.,55.0,78.0,5.0,22.0,43.0,59.61193653027137,2.2310967860012676,0.0,2.0,3.0,2025-07-22,False,False,Policy_B_LT,8,ENGINEERING_RECOMMENDATION_PENDING_BUSINESS_APPROVAL,True
2025-07-01,SKU049,,,,REVIEW_PIPELINE,Review Replenishment Pipeline,"Prepare replenishment purchase order for week 5. Current pipeline is adequate through week 5, with Reorder Point breach projected in week 6.",3 — MEDIUM,3,"Inventory position remains above Reorder Point during immediate lead time, but declines to 220 units (below Reorder Point of 372 units) in week 6.",REORDER_POINT_BREACH_HORIZON,HIGH_CONFIDENCE,Review open purchase order ETAs during weekly inventory planning meeting.,1119.0,127.0,5.0,195.0,372.0,173.73086223147575,7.172012986039595,0.0,6.0,8.0,2025-08-26,False,False,Policy_B_LT,8,ENGINEERING_RECOMMENDATION_PENDING_BUSINESS_APPROVAL,True
2025-07-01,SKU050,,,,REVIEW_PIPELINE,Review Replenishment Pipeline,"Prepare replenishment purchase order for week 3. Current pipeline is adequate through week 3, with Reorder Point breach projected in week 4.",3 — MEDIUM,3,"Inventory position remains above Reorder Point during immediate lead time, but declines to 233 units (below Reorder Point of 249 units) in week 4.",REORDER_POINT_BREACH_HORIZON,HIGH_CONFIDENCE,Review open purchase order ETAs during weekly inventory planning meeting.,202.0,220.0,7.0,106.0,249.0,43.50255253299257,9.700580205723629,0.0,4.0,,,False,False,Policy_B_LT,8,ENGINEERING_RECOMMENDATION_PENDING_BUSINESS_APPROVAL,True
2025-07-01,SKU001,,,,FREEZE_REPLENISHMENT,Halt Inbound Replenishment,Pause purchase orders for 6 weeks. Total pipeline provides 15.2 weeks of cover (511 units surplus above 8-week horizon).,4 — LOW,4,Projected inventory position at horizon h=8 exceeds required safety stock by 511 units (5.1 surplus weeks of demand). Evaluated against approved 8-week production forecast horizon.,EXCESS_INVENTORY,HIGH_CONFIDENCE,Monitor weekly demand consumption and confirm no automated replenishment POs are released.,1121.0,404.0,4.0,214.0,376.0,100.03183063978835,15.245147372054797,5.105828330992682,,,,False,False,Policy_B_LT,8,ENGINEERING_RECOMMENDATION_PENDING_BUSINESS_APPROVAL,True
2025-07-01,SKU002,,,,FREEZE_REPLENISHMENT,Halt Inbound Replenishment,Pause purchase orders for 4 weeks. Total pipeline provides 14.7 weeks of cover (262 units surplus above 8-week horizon).,4 — LOW,4,Projected inventory position at horizon h=8 exceeds required safety stock by 262 units (3.8 surplus weeks of demand). Evaluated against approved 8-week production forecast horizon.,EXCESS_INVENTORY,HIGH_CONFIDENCE,Monitor weekly demand consumption and confirm no automated replenishment POs are released.,774.0,228.0,7.0,193.0,363.0,68.36164409492193,14.657342041228512,3.834121468417032,,,,False,False,Policy_B_LT,8,ENGINEERING_RECOMMENDATION_PENDING_BUSINESS_APPROVAL,True
2025-07-29,SKU012,,,,EXPEDITE_PO,Expedite Inbound Shipment,Expedite existing inbound purchase order of 164 units immediately or arrange emergency split-shipment. Physical stock of 128 units will be depleted in week 1.,1 — CRITICAL,1,"Projected inventory position drops to -37 units (stockout) in week 1, which is within the supplier lead time of 14 days. Open orders exist but require delivery acceleration.",STOCKOUT_IMMINENT,MEDIUM_CONFIDENCE,Contact supplier within 24 hours to expedite shipment and obtain tracking confirmation.,128.0,164.0,14.0,27.0,84.0,163.28539644732405,1.7882799463588244,0.0,1.0,1.0,2025-08-05,False,False,Policy_B_LT,8,ENGINEERING_RECOMMENDATION_PENDING_BUSINESS_APPROVAL,True
2025-07-29,SKU031,,,,EXPEDITE_PO,Expedite Inbound Shipment,Expedite existing inbound purchase order of 152 units immediately or arrange emergency split-shipment. Physical stock of 59 units will be depleted in week 1.,1 — CRITICAL,1,"Projected inventory position drops to -66 units (stockout) in week 1, which is within the supplier lead time of 10 days. Open orders exist but require delivery acceleration.",STOCKOUT_IMMINENT,MEDIUM_CONFIDENCE,Contact supplier within 24 hours to expedite shipment and obtain tracking confirmation.,59.0,152.0,10.0,49.0,130.0,121.67460095905325,1.734133486667502,0.0,1.0,1.0,2025-08-05,False,False,Policy_B_LT,8,ENGINEERING_RECOMMENDATION_PENDING_BUSINESS_APPROVAL,True
2025-07-29,SKU042,,,,EXPEDITE_PO,Expedite Inbound Shipment,Expedite existing inbound purchase order of 40 units immediately or arrange emergency split-shipment. Physical stock of 186 units will be depleted in week 2.,1 — CRITICAL,1,"Projected inventory position drops to -61 units (stockout) in week 2, which is within the supplier lead time of 8 days. Open orders exist but require delivery acceleration.",STOCKOUT_IMMINENT,MEDIUM_CONFIDENCE,Contact supplier within 24 hours to expedite shipment and obtain tracking confirmation.,186.0,40.0,8.0,37.0,106.0,139.41901717081,1.6210127182514478,0.0,1.0,2.0,2025-08-12,False,False,Policy_B_LT,8,ENGINEERING_RECOMMENDATION_PENDING_BUSINESS_APPROVAL,True
2025-07-29,SKU047,,,,EXPEDITE_PO,Expedite Inbound Shipment,Expedite existing inbound purchase order of 198 units immediately or arrange emergency split-shipment. Physical stock of 70 units will be depleted in week 1.,1 — CRITICAL,1,"Projected inventory position drops to -36 units (stockout) in week 1, which is within the supplier lead time of 10 days. Open orders exist but require delivery acceleration.",STOCKOUT_IMMINENT,MEDIUM_CONFIDENCE,Contact supplier within 24 hours to expedite shipment and obtain tracking confirmation.,70.0,198.0,10.0,49.0,124.0,99.01410276207845,2.7066851339750935,0.0,1.0,1.0,2025-08-05,False,False,Policy_B_LT,8,ENGINEERING_RECOMMENDATION_PENDING_BUSINESS_APPROVAL,True
2025-07-29,SKU003,,,,PLACE_PO,Issue Replenishment Purchase Order,Issue a calibrated replenishment order for ~151 units to protect week 1 Reorder Point breach. Note: Long-horizon inventory indicates 4.5 weeks of terminal surplus; do not exceed required batch size.,2 — HIGH,2,Inventory position breaches Reorder Point (272 units) in week 1 (lead time is 11 days). Reorder takes strict precedence over terminal surplus to prevent intermediate stockout.,REORDER_POINT_BREACH_LT,MEDIUM_CONFIDENCE,Create purchase order requisition and transmit to vendor within 48 hours.,280.0,295.0,11.0,101.0,272.0,37.85905244902688,15.187913135812769,4.5201231763047875,1.0,,,False,False,Policy_B_LT,8,ENGINEERING_RECOMMENDATION_PENDING_BUSINESS_APPROVAL,True
2025-07-29,SKU005,,,,PLACE_PO,Issue Replenishment Purchase Order,Place replenishment purchase order for ~434 units. Target supplier delivery on or before week 1.,2 — HIGH,2,"Projected inventory position (401 units) breaches Reorder Point (540 units) in week 1, inside the supplier lead time window of 13 days.",REORDER_POINT_BREACH_LT,MEDIUM_CONFIDENCE,Create purchase order requisition and transmit to vendor within 48 hours.,509.0,198.0,13.0,197.0,540.0,108.38010809040003,6.523337284460817,0.0,1.0,7.0,2025-09-16,False,False,Policy_B_LT,8,ENGINEERING_RECOMMENDATION_PENDING_BUSINESS_APPROVAL,True
2025-07-29,SKU006,,,,PLACE_PO,Issue Replenishment Purchase Order,Issue a calibrated replenishment order for ~160 units to protect week 1 Reorder Point breach. Note: Long-horizon inventory indicates 8.2 weeks of terminal surplus; do not exceed required batch size.,2 — HIGH,2,Inventory position breaches Reorder Point (400 units) in week 1 (lead time is 14 days). Reorder takes strict precedence over terminal surplus to prevent intermediate stockout.,REORDER_POINT_BREACH_LT,MEDIUM_CONFIDENCE,Create purchase order requisition and transmit to vendor within 48 hours.,428.0,321.0,14.0,101.0,400.0,40.00965779571421,18.72048003570358,8.19608953689709,1.0,,,False,False,Policy_B_LT,8,ENGINEERING_RECOMMENDATION_PENDING_BUSINESS_APPROVAL,True
2025-07-29,SKU010,,,,PLACE_PO,Issue Replenishment Purchase Order,Place replenishment purchase order for ~416 units. Target supplier delivery on or before week 1.,2 — HIGH,2,"Projected inventory position (48 units) breaches Reorder Point (52 units) in week 1, inside the supplier lead time window of 5 days.",REORDER_POINT_BREACH_LT,MEDIUM_CONFIDENCE,Create purchase order requisition and transmit to vendor within 48 hours.,69.0,83.0,5.0,32.0,52.0,103.91228622729481,1.4627721660123951,0.0,1.0,2.0,2025-08-12,False,False,Policy_B_LT,8,ENGINEERING_RECOMMENDATION_PENDING_BUSINESS_APPROVAL,True
2025-07-29,SKU014,,,,PLACE_PO,Issue Replenishment Purchase Order,Place replenishment purchase order for ~538 units. Target supplier delivery on or before week 1.,2 — HIGH,2,"Projected inventory position (200 units) breaches Reorder Point (395 units) in week 1, inside the supplier lead time window of 14 days.",REORDER_POINT_BREACH_LT,MEDIUM_CONFIDENCE,Create purchase order requisition and transmit to vendor within 48 hours.,345.0,450.0,14.0,94.0,395.0,134.4766423578027,5.911807329965448,0.0,1.0,6.0,2025-09-09,False,False,Policy_B_LT,8,ENGINEERING_RECOMMENDATION_PENDING_BUSINESS_APPROVAL,True
2025-07-29,SKU017,,,,PLACE_PO,Issue Replenishment Purchase Order,Place replenishment purchase order for ~383 units. Target supplier delivery on or before week 1.,2 — HIGH,2,"Projected inventory position (55 units) breaches Reorder Point (248 units) in week 1, inside the supplier lead time window of 13 days.",REORDER_POINT_BREACH_LT,MEDIUM_CONFIDENCE,Create purchase order requisition and transmit to vendor within 48 hours.,143.0,61.0,13.0,60.0,248.0,95.77249291992649,2.13004792691948,0.0,1.0,3.0,2025-08-19,False,False,Policy_B_LT,8,ENGINEERING_RECOMMENDATION_PENDING_BUSINESS_APPROVAL,True
2025-07-29,SKU023,,,,PLACE_PO,Issue Replenishment Purchase Order,Place replenishment purchase order for ~400 units. Target supplier delivery on or before week 1.,2 — HIGH,2,"Projected inventory position (190 units) breaches Reorder Point (210 units) in week 1, inside the supplier lead time window of 12 days.",REORDER_POINT_BREACH_LT,MEDIUM_CONFIDENCE,Create purchase order requisition and transmit to vendor within 48 hours.,290.0,166.0,12.0,78.0,210.0,99.96207686560483,4.561729950980055,0.0,1.0,5.0,2025-09-02,False,False,Policy_B_LT,8,ENGINEERING_RECOMMENDATION_PENDING_BUSINESS_APPROVAL,True
2025-07-29,SKU026,,,,PLACE_PO,Issue Replenishment Purchase Order,Place replenishment purchase order for ~587 units. Target supplier delivery on or before week 1.,2 — HIGH,2,"Projected inventory position (19 units) breaches Reorder Point (138 units) in week 1, inside the supplier lead time window of 13 days.",REORDER_POINT_BREACH_LT,MEDIUM_CONFIDENCE,Create purchase order requisition and transmit to vendor within 48 hours.,172.0,248.0,13.0,52.0,138.0,146.841836418095,2.8602202903820695,0.0,1.0,3.0,2025-08-19,False,False,Policy_B_LT,8,ENGINEERING_RECOMMENDATION_PENDING_BUSINESS_APPROVAL,True
2025-07-29,SKU027,,,,PLACE_PO,Issue Replenishment Purchase Order,Place replenishment purchase order for ~645 units. Target supplier delivery on or before week 1.,2 — HIGH,2,"Projected inventory position (120 units) breaches Reorder Point (351 units) in week 1, inside the supplier lead time window of 11 days.",REORDER_POINT_BREACH_LT,MEDIUM_CONFIDENCE,Create purchase order requisition and transmit to vendor within 48 hours.,281.0,658.0,11.0,117.0,351.0,161.17346508929336,5.826021048066287,0.0,1.0,6.0,2025-09-09,False,False,Policy_B_LT,8,ENGINEERING_RECOMMENDATION_PENDING_BUSINESS_APPROVAL,True
2025-07-29,SKU029,,,,PLACE_PO,Issue Replenishment Purchase Order,Place replenishment purchase order for ~414 units. Target supplier delivery on or before week 1.,2 — HIGH,2,"Projected inventory position (239 units) breaches Reorder Point (378 units) in week 1, inside the supplier lead time window of 7 days.",REORDER_POINT_BREACH_LT,MEDIUM_CONFIDENCE,Create purchase order requisition and transmit to vendor within 48 hours.,242.0,99.0,7.0,147.0,378.0,103.58755288623834,3.291901299903205,0.0,1.0,4.0,2025-08-26,False,False,Policy_B_LT,8,ENGINEERING_RECOMMENDATION_PENDING_BUSINESS_APPROVAL,True
2025-07-29,SKU034,,,,PLACE_PO,Issue Replenishment Purchase Order,Place replenishment purchase order for ~487 units. Target supplier delivery on or before week 1.,2 — HIGH,2,"Projected inventory position (1 units) breaches Reorder Point (113 units) in week 1, inside the supplier lead time window of 13 days.",REORDER_POINT_BREACH_LT,MEDIUM_CONFIDENCE,Create purchase order requisition and transmit to vendor within 48 hours.,137.0,205.0,13.0,22.0,113.0,121.69024331426232,2.810414300157102,0.0,1.0,3.0,2025-08-19,False,False,Policy_B_LT,8,ENGINEERING_RECOMMENDATION_PENDING_BUSINESS_APPROVAL,True
2025-07-29,SKU037,,,,PLACE_PO,Issue Replenishment Purchase Order,Place replenishment purchase order for ~586 units. Target supplier delivery on or before week 1.,2 — HIGH,2,"Projected inventory position (595 units) breaches Reorder Point (907 units) in week 1, inside the supplier lead time window of 10 days.",REORDER_POINT_BREACH_LT,MEDIUM_CONFIDENCE,Create purchase order requisition and transmit to vendor within 48 hours.,749.0,612.0,10.0,354.0,907.0,146.55560237067658,9.286577776519817,0.0,1.0,,,False,False,Policy_B_LT,8,ENGINEERING_RECOMMENDATION_PENDING_BUSINESS_APPROVAL,True
2025-07-29,SKU043,,,,PLACE_PO,Issue Replenishment Purchase Order,Place replenishment purchase order for ~536 units. Target supplier delivery on or before week 1.,2 — HIGH,2,"Projected inventory position (417 units) breaches Reorder Point (505 units) in week 1, inside the supplier lead time window of 12 days.",REORDER_POINT_BREACH_LT,MEDIUM_CONFIDENCE,Create purchase order requisition and transmit to vendor within 48 hours.,565.0,297.0,12.0,176.0,505.0,133.90566296681976,6.437367777444882,0.0,1.0,7.0,2025-09-16,False,False,Policy_B_LT,8,ENGINEERING_RECOMMENDATION_PENDING_BUSINESS_APPROVAL,True
2025-07-29,SKU004,,,,FREEZE_REPLENISHMENT,Halt Inbound Replenishment,"FREEZE REPLENISHMENT: Severe overstock detected (453 excess units, 14.6 weeks of cover above safety buffer). Suspend all new purchase orders for 15 weeks. Evaluate immediate promotional markdowns, bundle offers, or stock transfers.",3 — MEDIUM,3,Projected inventory position at horizon h=8 exceeds required safety stock by 453 units (14.6 surplus weeks of demand). Evaluated against approved 8-week production forecast horizon.,EXCESS_INVENTORY,MEDIUM_CONFIDENCE,Escalate to merchandise planning for promotional markdown or supplier return assessment.,393.0,394.0,9.0,86.0,278.0,30.98599957694851,25.398567441583353,14.623120427636504,,,,False,False,Policy_B_LT,8,ENGINEERING_RECOMMENDATION_PENDING_BUSINESS_APPROVAL,True
2025-07-29,SKU007,,,,REVIEW_PIPELINE,Review Replenishment Pipeline,"Prepare replenishment purchase order for week 2. Current pipeline is adequate through week 3, with Reorder Point breach projected in week 4.",3 — MEDIUM,3,"Inventory position remains above Reorder Point during immediate lead time, but declines to 325 units (below Reorder Point of 400 units) in week 4.",REORDER_POINT_BREACH_HORIZON,MEDIUM_CONFIDENCE,Review open purchase order ETAs during weekly inventory planning meeting.,643.0,313.0,11.0,147.0,400.0,155.84038353379765,6.134481822503144,0.0,4.0,7.0,2025-09-16,False,False,Policy_B_LT,8,ENGINEERING_RECOMMENDATION_PENDING_BUSINESS_APPROVAL,True
2025-07-29,SKU008,,,,REVIEW_PIPELINE,Review Replenishment Pipeline,"Prepare replenishment purchase order for week 5. Current pipeline is adequate through week 5, with Reorder Point breach projected in week 6.",3 — MEDIUM,3,"Inventory position remains above Reorder Point during immediate lead time, but declines to 277 units (below Reorder Point of 291 units) in week 6.",REORDER_POINT_BREACH_HORIZON,MEDIUM_CONFIDENCE,Review open purchase order ETAs during weekly inventory planning meeting.,538.0,374.0,4.0,169.0,291.0,108.68274975368539,8.391396077730123,0.0,6.0,,,False,False,Policy_B_LT,8,ENGINEERING_RECOMMENDATION_PENDING_BUSINESS_APPROVAL,True
2025-07-29,SKU009,,,,REVIEW_PIPELINE,Review Replenishment Pipeline,"Prepare replenishment purchase order for week 2. Current pipeline is adequate through week 2, with Reorder Point breach projected in week 3.",3 — MEDIUM,3,"Inventory position remains above Reorder Point during immediate lead time, but declines to 74 units (below Reorder Point of 98 units) in week 3.",REORDER_POINT_BREACH_HORIZON,MEDIUM_CONFIDENCE,Review open purchase order ETAs during weekly inventory planning meeting.,229.0,57.0,4.0,49.0,98.0,66.80004828907576,4.281434030741133,0.0,3.0,5.0,2025-09-02,False,False,Policy_B_LT,8,ENGINEERING_RECOMMENDATION_PENDING_BUSINESS_APPROVAL,True
2025-07-29,SKU011,,,,REVIEW_PIPELINE,Review Replenishment Pipeline,"Prepare replenishment purchase order for week 6. Current pipeline is adequate through week 6, with Reorder Point breach projected in week 7.",3 — MEDIUM,3,"Inventory position remains above Reorder Point during immediate lead time, but declines to 303 units (below Reorder Point of 309 units) in week 7.",REORDER_POINT_BREACH_HORIZON,MEDIUM_CONFIDENCE,Review open purchase order ETAs during weekly inventory planning meeting.,214.0,218.0,7.0,103.0,309.0,17.556276138390707,24.606584938325035,10.739737140529947,7.0,,,False,False,Policy_B_LT,8,ENGINEERING_RECOMMENDATION_PENDING_BUSINESS_APPROVAL,True
2025-07-29,SKU013,,,,REVIEW_PIPELINE,Review Replenishment Pipeline,"Prepare replenishment purchase order for week 4. Current pipeline is adequate through week 4, with Reorder Point breach projected in week 5.",3 — MEDIUM,3,"Inventory position remains above Reorder Point during immediate lead time, but declines to 88 units (below Reorder Point of 97 units) in week 5.",REORDER_POINT_BREACH_HORIZON,MEDIUM_CONFIDENCE,Review open purchase order ETAs during weekly inventory planning meeting.,332.0,189.0,6.0,35.0,97.0,88.1814569320943,5.908271626779826,0.0,5.0,6.0,2025-09-09,False,False,Policy_B_LT,8,ENGINEERING_RECOMMENDATION_PENDING_BUSINESS_APPROVAL,True
2025-07-29,SKU015,,,,FREEZE_REPLENISHMENT,Halt Inbound Replenishment,"FREEZE REPLENISHMENT: Severe overstock detected (514 excess units, 20.2 weeks of cover above safety buffer). Suspend all new purchase orders for 21 weeks. Evaluate immediate promotional markdowns, bundle offers, or stock transfers.",3 — MEDIUM,3,Projected inventory position at horizon h=8 exceeds required safety stock by 514 units (20.2 surplus weeks of demand). Evaluated against approved 8-week production forecast horizon.,EXCESS_INVENTORY,MEDIUM_CONFIDENCE,Escalate to merchandise planning for promotional markdown or supplier return assessment.,420.0,423.0,10.0,125.0,343.0,25.45514882269426,33.11707214410126,20.206474257965247,,,,False,False,Policy_B_LT,8,ENGINEERING_RECOMMENDATION_PENDING_BUSINESS_APPROVAL,True
2025-07-29,SKU016,,,,REVIEW_PIPELINE,Review Replenishment Pipeline,"Prepare replenishment purchase order for week 2. Current pipeline is adequate through week 2, with Reorder Point breach projected in week 3.",3 — MEDIUM,3,"Inventory position remains above Reorder Point during immediate lead time, but declines to 5 units (below Reorder Point of 86 units) in week 3.",REORDER_POINT_BREACH_HORIZON,MEDIUM_CONFIDENCE,Review open purchase order ETAs during weekly inventory planning meeting.,269.0,1.0,3.0,50.0,86.0,91.14648205544296,2.9622646306388796,0.0,3.0,4.0,2025-08-26,False,False,Policy_B_LT,8,ENGINEERING_RECOMMENDATION_PENDING_BUSINESS_APPROVAL,True
2025-07-29,SKU018,,,,REVIEW_PIPELINE,Review Replenishment Pipeline,"Prepare replenishment purchase order for week 3. Current pipeline is adequate through week 3, with Reorder Point breach projected in week 4.",3 — MEDIUM,3,"Inventory position remains above Reorder Point during immediate lead time, but declines to 66 units (below Reorder Point of 144 units) in week 4.",REORDER_POINT_BREACH_HORIZON,MEDIUM_CONFIDENCE,Review open purchase order ETAs during weekly inventory planning meeting.,631.0,96.0,4.0,62.0,144.0,166.69141120322348,4.361352482124413,0.0,4.0,5.0,2025-09-02,False,False,Policy_B_LT,8,ENGINEERING_RECOMMENDATION_PENDING_BUSINESS_APPROVAL,True
2025-07-29,SKU019,,,,REVIEW_PIPELINE,Review Replenishment Pipeline,"Prepare replenishment purchase order for week 3. Current pipeline is adequate through week 4, with Reorder Point breach projected in week 5.",3 — MEDIUM,3,"Inventory position remains above Reorder Point during immediate lead time, but declines to 124 units (below Reorder Point of 174 units) in week 5.",REORDER_POINT_BREACH_HORIZON,MEDIUM_CONFIDENCE,Review open purchase order ETAs during weekly inventory planning meeting.,317.0,309.0,11.0,69.0,174.0,101.68936641437074,6.156002560278846,0.0,5.0,7.0,2025-09-16,False,False,Policy_B_LT,8,ENGINEERING_RECOMMENDATION_PENDING_BUSINESS_APPROVAL,True
2025-07-29,SKU020,,,,REVIEW_PIPELINE,Review Replenishment Pipeline,"Prepare replenishment purchase order for week 7. Current pipeline is adequate through week 7, with Reorder Point breach projected in week 8.",3 — MEDIUM,3,"Inventory position remains above Reorder Point during immediate lead time, but declines to 395 units (below Reorder Point of 415 units) in week 8.",REORDER_POINT_BREACH_HORIZON,MEDIUM_CONFIDENCE,Review open purchase order ETAs during weekly inventory planning meeting.,568.0,558.0,5.0,194.0,415.0,91.34262381330714,12.327213221960896,2.2033416721736723,8.0,,,False,False,Policy_B_LT,8,ENGINEERING_RECOMMENDATION_PENDING_BUSINESS_APPROVAL,True
2025-07-29,SKU021,,,,REVIEW_PIPELINE,Review Replenishment Pipeline,"Prepare replenishment purchase order for week 2. Current pipeline is adequate through week 3, with Reorder Point breach projected in week 4.",3 — MEDIUM,3,"Inventory position remains above Reorder Point during immediate lead time, but declines to 73 units (below Reorder Point of 132 units) in week 4.",REORDER_POINT_BREACH_HORIZON,MEDIUM_CONFIDENCE,Review open purchase order ETAs during weekly inventory planning meeting.,286.0,38.0,8.0,64.0,132.0,61.64068497321828,5.256268650174344,0.0,4.0,6.0,2025-09-09,False,False,Policy_B_LT,8,ENGINEERING_RECOMMENDATION_PENDING_BUSINESS_APPROVAL,True
2025-07-29,SKU022,,,,REVIEW_PIPELINE,Review Replenishment Pipeline,"Prepare replenishment purchase order for week 1. Current pipeline is adequate through week 1, with Reorder Point breach projected in week 2.",3 — MEDIUM,3,"Inventory position remains above Reorder Point during immediate lead time, but declines to 121 units (below Reorder Point of 152 units) in week 2.",REORDER_POINT_BREACH_HORIZON,MEDIUM_CONFIDENCE,Review open purchase order ETAs during weekly inventory planning meeting.,83.0,171.0,5.0,79.0,152.0,66.83317293949361,3.8005078739857976,0.0,2.0,4.0,2025-08-26,False,False,Policy_B_LT,8,ENGINEERING_RECOMMENDATION_PENDING_BUSINESS_APPROVAL,True
2025-07-29,SKU024,,,,REVIEW_PIPELINE,Review Replenishment Pipeline,"Prepare replenishment purchase order for week 3. Current pipeline is adequate through week 4, with Reorder Point breach projected in week 5.",3 — MEDIUM,3,"Inventory position remains above Reorder Point during immediate lead time, but declines to 264 units (below Reorder Point of 340 units) in week 5.",REORDER_POINT_BREACH_HORIZON,MEDIUM_CONFIDENCE,Review open purchase order ETAs during weekly inventory planning meeting.,429.0,261.0,12.0,125.0,340.0,88.61412467592037,7.786569043292686,0.0,5.0,8.0,2025-09-23,False,False,Policy_B_LT,8,ENGINEERING_RECOMMENDATION_PENDING_BUSINESS_APPROVAL,True
2025-07-29,SKU025,,,,FREEZE_REPLENISHMENT,Halt Inbound Replenishment,"FREEZE REPLENISHMENT: Severe overstock detected (608 excess units, 30.6 weeks of cover above safety buffer). Suspend all new purchase orders for 31 weeks. Evaluate immediate promotional markdowns, bundle offers, or stock transfers.",3 — MEDIUM,3,Projected inventory position at horizon h=8 exceeds required safety stock by 608 units (30.6 surplus weeks of demand). Evaluated against approved 8-week production forecast horizon.,EXCESS_INVENTORY,MEDIUM_CONFIDENCE,Escalate to merchandise planning for promotional markdown or supplier return assessment.,365.0,573.0,7.0,171.0,461.0,19.892694953965297,47.152987675660526,30.556867321142455,,,,False,False,Policy_B_LT,8,ENGINEERING_RECOMMENDATION_PENDING_BUSINESS_APPROVAL,True
2025-07-29,SKU028,,,,FREEZE_REPLENISHMENT,Halt Inbound Replenishment,"FREEZE REPLENISHMENT: Severe overstock detected (424 excess units, 11.6 weeks of cover above safety buffer). Suspend all new purchase orders for 12 weeks. Evaluate immediate promotional markdowns, bundle offers, or stock transfers.",3 — MEDIUM,3,Projected inventory position at horizon h=8 exceeds required safety stock by 424 units (11.6 surplus weeks of demand). Evaluated against approved 8-week production forecast horizon.,EXCESS_INVENTORY,MEDIUM_CONFIDENCE,Escalate to merchandise planning for promotional markdown or supplier return assessment.,823.0,18.0,6.0,125.0,268.0,36.48006806248475,23.0536850578101,11.627156363129643,,,,False,False,Policy_B_LT,8,ENGINEERING_RECOMMENDATION_PENDING_BUSINESS_APPROVAL,True
2025-07-29,SKU030,,,,REVIEW_PIPELINE,Review Replenishment Pipeline,"Prepare replenishment purchase order for week 4. Current pipeline is adequate through week 5, with Reorder Point breach projected in week 6.",3 — MEDIUM,3,"Inventory position remains above Reorder Point during immediate lead time, but declines to 147 units (below Reorder Point of 150 units) in week 6.",REORDER_POINT_BREACH_HORIZON,MEDIUM_CONFIDENCE,Review open purchase order ETAs during weekly inventory planning meeting.,286.0,63.0,13.0,43.0,150.0,33.29743676144331,10.481287268457967,1.189896573490366,6.0,,,False,False,Policy_B_LT,8,ENGINEERING_RECOMMENDATION_PENDING_BUSINESS_APPROVAL,True
2025-07-29,SKU032,,,,REVIEW_PIPELINE,Review Replenishment Pipeline,"Prepare replenishment purchase order for week 4. Current pipeline is adequate through week 5, with Reorder Point breach projected in week 6.",3 — MEDIUM,3,"Inventory position remains above Reorder Point during immediate lead time, but declines to 253 units (below Reorder Point of 259 units) in week 6.",REORDER_POINT_BREACH_HORIZON,MEDIUM_CONFIDENCE,Review open purchase order ETAs during weekly inventory planning meeting.,408.0,231.0,13.0,63.0,259.0,59.04813810840891,10.821679065084721,1.7547529600763685,6.0,,,False,False,Policy_B_LT,8,ENGINEERING_RECOMMENDATION_PENDING_BUSINESS_APPROVAL,True
2025-07-29,SKU033,,,,REVIEW_PIPELINE,Review Replenishment Pipeline,"Prepare replenishment purchase order for week 4. Current pipeline is adequate through week 4, with Reorder Point breach projected in week 5.",3 — MEDIUM,3,"Inventory position remains above Reorder Point during immediate lead time, but declines to 82 units (below Reorder Point of 166 units) in week 5.",REORDER_POINT_BREACH_HORIZON,MEDIUM_CONFIDENCE,Review open purchase order ETAs during weekly inventory planning meeting.,332.0,299.0,7.0,76.0,166.0,109.88349678077347,5.742445576326138,0.0,5.0,6.0,2025-09-09,False,False,Policy_B_LT,8,ENGINEERING_RECOMMENDATION_PENDING_BUSINESS_APPROVAL,True
2025-07-29,SKU036,,,,FREEZE_REPLENISHMENT,Halt Inbound Replenishment,"FREEZE REPLENISHMENT: Severe overstock detected (607 excess units, 18.7 weeks of cover above safety buffer). Suspend all new purchase orders for 19 weeks. Evaluate immediate promotional markdowns, bundle offers, or stock transfers.",3 — MEDIUM,3,Projected inventory position at horizon h=8 exceeds required safety stock by 607 units (18.7 surplus weeks of demand). Evaluated against approved 8-week production forecast horizon.,EXCESS_INVENTORY,MEDIUM_CONFIDENCE,Escalate to merchandise planning for promotional markdown or supplier return assessment.,687.0,362.0,4.0,183.0,276.0,32.39203698192699,32.38450241907557,18.734965772087172,,,,False,False,Policy_B_LT,8,ENGINEERING_RECOMMENDATION_PENDING_BUSINESS_APPROVAL,True
2025-07-29,SKU038,,,,REVIEW_PIPELINE,Review Replenishment Pipeline,"Prepare replenishment purchase order for week 3. Current pipeline is adequate through week 4, with Reorder Point breach projected in week 5.",3 — MEDIUM,3,"Inventory position remains above Reorder Point during immediate lead time, but declines to 167 units (below Reorder Point of 177 units) in week 5.",REORDER_POINT_BREACH_HORIZON,MEDIUM_CONFIDENCE,Review open purchase order ETAs during weekly inventory planning meeting.,346.0,93.0,9.0,60.0,177.0,52.77009455738902,8.319105805705439,0.0,5.0,,,False,False,Policy_B_LT,8,ENGINEERING_RECOMMENDATION_PENDING_BUSINESS_APPROVAL,True
2025-07-29,SKU039,,,,REVIEW_PIPELINE,Review Replenishment Pipeline,"Prepare replenishment purchase order for week 4. Current pipeline is adequate through week 4, with Reorder Point breach projected in week 5.",3 — MEDIUM,3,"Inventory position remains above Reorder Point during immediate lead time, but declines to 62 units (below Reorder Point of 65 units) in week 5.",REORDER_POINT_BREACH_HORIZON,MEDIUM_CONFIDENCE,Review open purchase order ETAs during weekly inventory planning meeting.,122.0,64.0,4.0,43.0,65.0,26.31230005842862,7.068937325394274,0.0,5.0,8.0,2025-09-23,False,False,Policy_B_LT,8,ENGINEERING_RECOMMENDATION_PENDING_BUSINESS_APPROVAL,True
2025-07-29,SKU040,,,,REVIEW_PIPELINE,Review Replenishment Pipeline,"Prepare replenishment purchase order for week 1. Current pipeline is adequate through week 1, with Reorder Point breach projected in week 2.",3 — MEDIUM,3,"Inventory position remains above Reorder Point during immediate lead time, but declines to -0 units (below Reorder Point of 54 units) in week 2.",REORDER_POINT_BREACH_HORIZON,MEDIUM_CONFIDENCE,Review open purchase order ETAs during weekly inventory planning meeting.,145.0,53.0,3.0,31.0,54.0,105.25068320259078,1.8812229429321763,0.0,2.0,2.0,2025-08-12,False,False,Policy_B_LT,8,ENGINEERING_RECOMMENDATION_PENDING_BUSINESS_APPROVAL,True
2025-07-29,SKU041,,,,REVIEW_PIPELINE,Review Replenishment Pipeline,"Prepare replenishment purchase order for week 2. Current pipeline is adequate through week 3, with Reorder Point breach projected in week 4.",3 — MEDIUM,3,"Inventory position remains above Reorder Point during immediate lead time, but declines to 393 units (below Reorder Point of 424 units) in week 4.",REORDER_POINT_BREACH_HORIZON,MEDIUM_CONFIDENCE,Review open purchase order ETAs during weekly inventory planning meeting.,620.0,70.0,14.0,145.0,424.0,74.21958017929047,9.29673811591474,0.0,4.0,,,False,False,Policy_B_LT,8,ENGINEERING_RECOMMENDATION_PENDING_BUSINESS_APPROVAL,True
2025-07-29,SKU044,,,,REVIEW_PIPELINE,Review Replenishment Pipeline,"Prepare replenishment purchase order for week 3. Current pipeline is adequate through week 3, with Reorder Point breach projected in week 4.",3 — MEDIUM,3,"Inventory position remains above Reorder Point during immediate lead time, but declines to 97 units (below Reorder Point of 101 units) in week 4.",REORDER_POINT_BREACH_HORIZON,MEDIUM_CONFIDENCE,Review open purchase order ETAs during weekly inventory planning meeting.,268.0,105.0,7.0,39.0,101.0,65.6424722202093,5.68229665008206,0.0,4.0,6.0,2025-09-09,False,False,Policy_B_LT,8,ENGINEERING_RECOMMENDATION_PENDING_BUSINESS_APPROVAL,True
2025-07-29,SKU045,,,,REVIEW_PIPELINE,Review Replenishment Pipeline,"Prepare replenishment purchase order for week 2. Current pipeline is adequate through week 2, with Reorder Point breach projected in week 3.",3 — MEDIUM,3,"Inventory position remains above Reorder Point during immediate lead time, but declines to 6 units (below Reorder Point of 168 units) in week 3.",REORDER_POINT_BREACH_HORIZON,MEDIUM_CONFIDENCE,Review open purchase order ETAs during weekly inventory planning meeting.,352.0,159.0,6.0,58.0,168.0,159.6760046804941,3.2002303728884782,0.0,3.0,4.0,2025-08-26,False,False,Policy_B_LT,8,ENGINEERING_RECOMMENDATION_PENDING_BUSINESS_APPROVAL,True
2025-07-29,SKU046,,,,REVIEW_PIPELINE,Review Replenishment Pipeline,"Prepare replenishment purchase order for week 3. Current pipeline is adequate through week 3, with Reorder Point breach projected in week 4.",3 — MEDIUM,3,"Inventory position remains above Reorder Point during immediate lead time, but declines to 164 units (below Reorder Point of 176 units) in week 4.",REORDER_POINT_BREACH_HORIZON,MEDIUM_CONFIDENCE,Review open purchase order ETAs during weekly inventory planning meeting.,125.0,316.0,3.0,126.0,176.0,65.3709856075842,6.74611214594929,0.0,4.0,7.0,2025-09-16,False,False,Policy_B_LT,8,ENGINEERING_RECOMMENDATION_PENDING_BUSINESS_APPROVAL,True
2025-07-29,SKU048,,,,REVIEW_PIPELINE,Review Replenishment Pipeline,"Prepare replenishment purchase order for week 1. Current pipeline is adequate through week 1, with Reorder Point breach projected in week 2.",3 — MEDIUM,3,"Inventory position remains above Reorder Point during immediate lead time, but declines to 28 units (below Reorder Point of 43 units) in week 2.",REORDER_POINT_BREACH_HORIZON,MEDIUM_CONFIDENCE,Review open purchase order ETAs during weekly inventory planning meeting.,55.0,78.0,5.0,22.0,43.0,58.842419832668874,2.2602741419916823,0.0,2.0,3.0,2025-08-19,False,False,Policy_B_LT,8,ENGINEERING_RECOMMENDATION_PENDING_BUSINESS_APPROVAL,True
2025-07-29,SKU049,,,,REVIEW_PIPELINE,Review Replenishment Pipeline,"Prepare replenishment purchase order for week 5. Current pipeline is adequate through week 5, with Reorder Point breach projected in week 6.",3 — MEDIUM,3,"Inventory position remains above Reorder Point during immediate lead time, but declines to 281 units (below Reorder Point of 372 units) in week 6.",REORDER_POINT_BREACH_HORIZON,MEDIUM_CONFIDENCE,Review open purchase order ETAs during weekly inventory planning meeting.,1119.0,127.0,5.0,195.0,372.0,155.92054724405534,7.991249530760643,0.0,6.0,8.0,2025-09-23,False,False,Policy_B_LT,8,ENGINEERING_RECOMMENDATION_PENDING_BUSINESS_APPROVAL,True
2025-07-29,SKU050,,,,REVIEW_PIPELINE,Review Replenishment Pipeline,"Prepare replenishment purchase order for week 4. Current pipeline is adequate through week 4, with Reorder Point breach projected in week 5.",3 — MEDIUM,3,"Inventory position remains above Reorder Point during immediate lead time, but declines to 211 units (below Reorder Point of 249 units) in week 5.",REORDER_POINT_BREACH_HORIZON,MEDIUM_CONFIDENCE,Review open purchase order ETAs during weekly inventory planning meeting.,202.0,220.0,7.0,106.0,249.0,40.241763200192125,10.486618041576897,0.0,5.0,,,False,False,Policy_B_LT,8,ENGINEERING_RECOMMENDATION_PENDING_BUSINESS_APPROVAL,True
2025-07-29,SKU001,,,,FREEZE_REPLENISHMENT,Halt Inbound Replenishment,Pause purchase orders for 5 weeks. Total pipeline provides 14.9 weeks of cover (495 units surplus above 8-week horizon).,4 — LOW,4,Projected inventory position at horizon h=8 exceeds required safety stock by 495 units (4.8 surplus weeks of demand). Evaluated against approved 8-week production forecast horizon.,EXCESS_INVENTORY,MEDIUM_CONFIDENCE,Monitor weekly demand consumption and confirm no automated replenishment POs are released.,1121.0,404.0,4.0,214.0,376.0,102.02984907428281,14.946606447390941,4.849181018052146,,,,False,False,Policy_B_LT,8,ENGINEERING_RECOMMENDATION_PENDING_BUSINESS_APPROVAL,True
2025-07-29,SKU002,,,,FREEZE_REPLENISHMENT,Halt Inbound Replenishment,Pause purchase orders for 5 weeks. Total pipeline provides 15.3 weeks of cover (285 units surplus above 8-week horizon).,4 — LOW,4,Projected inventory position at horizon h=8 exceeds required safety stock by 285 units (4.4 surplus weeks of demand). Evaluated against approved 8-week production forecast horizon.,EXCESS_INVENTORY,MEDIUM_CONFIDENCE,Monitor weekly demand consumption and confirm no automated replenishment POs are released.,774.0,228.0,7.0,193.0,363.0,65.44550701728977,15.310447510709725,4.36142917780855,,,,False,False,Policy_B_LT,8,ENGINEERING_RECOMMENDATION_PENDING_BUSINESS_APPROVAL,True
2025-07-29,SKU035,,,,FREEZE_REPLENISHMENT,Halt Inbound Replenishment,Elevated stock: pipeline holds 260 units (1.9 weeks) above 8-week horizon target. Defer upcoming order placements.,4 — LOW,4,Projected inventory position at horizon h=8 exceeds required safety stock by 260 units (1.9 surplus weeks of demand). Evaluated against approved 8-week production forecast horizon.,EXCESS_INVENTORY,MEDIUM_CONFIDENCE,Review inventory position at next monthly snapshot.,830.0,605.0,10.0,91.0,331.0,135.49514066028553,10.590785713842264,1.9191749124766566,,,,False,False,Policy_B_LT,8,ENGINEERING_RECOMMENDATION_PENDING_BUSINESS_APPROVAL,True
2025-08-19,SKU010,,,,EXPEDITE_PO,Expedite Inbound Shipment,Expedite existing inbound purchase order of 4 units immediately or arrange emergency split-shipment. Physical stock of 38 units will be depleted in week 1.,1 — CRITICAL,1,"Projected inventory position drops to -64 units (stockout) in week 1, which is within the supplier lead time of 4 days. Open orders exist but require delivery acceleration.",STOCKOUT_IMMINENT,MEDIUM_CONFIDENCE,Contact supplier within 24 hours to expedite shipment and obtain tracking confirmation.,38.0,4.0,4.0,14.0,27.0,107.36551870331164,0.39118704503315116,0.0,1.0,1.0,2025-08-26,False,False,Policy_B_LT,8,ENGINEERING_RECOMMENDATION_PENDING_BUSINESS_APPROVAL,True
2025-08-19,SKU012,,,,EXPEDITE_PO,Expedite Inbound Shipment,Expedite existing inbound purchase order of 112 units immediately or arrange emergency split-shipment. Physical stock of 55 units will be depleted in week 1.,1 — CRITICAL,1,"Projected inventory position drops to -116 units (stockout) in week 1, which is within the supplier lead time of 13 days. Open orders exist but require delivery acceleration.",STOCKOUT_IMMINENT,MEDIUM_CONFIDENCE,Contact supplier within 24 hours to expedite shipment and obtain tracking confirmation.,55.0,112.0,13.0,27.0,82.0,163.74400846357008,1.0198846453496606,0.0,1.0,1.0,2025-08-26,False,False,Policy_B_LT,8,ENGINEERING_RECOMMENDATION_PENDING_BUSINESS_APPROVAL,True
2025-08-19,SKU021,,,,EXPEDITE_PO,Expedite Inbound Shipment,Expedite existing inbound purchase order of 8 units immediately or arrange emergency split-shipment. Physical stock of 33 units will be depleted in week 1.,1 — CRITICAL,1,"Projected inventory position drops to -19 units (stockout) in week 1, which is within the supplier lead time of 6 days. Open orders exist but require delivery acceleration.",STOCKOUT_IMMINENT,MEDIUM_CONFIDENCE,Contact supplier within 24 hours to expedite shipment and obtain tracking confirmation.,33.0,8.0,6.0,48.0,86.0,55.92255305509936,0.7331567991826756,0.0,1.0,1.0,2025-08-26,False,False,Policy_B_LT,8,ENGINEERING_RECOMMENDATION_PENDING_BUSINESS_APPROVAL,True
2025-08-19,SKU026,,,,EXPEDITE_PO,Expedite Inbound Shipment,Expedite existing inbound purchase order of 90 units immediately or arrange emergency split-shipment. Physical stock of 96 units will be depleted in week 1.,1 — CRITICAL,1,"Projected inventory position drops to -36 units (stockout) in week 1, which is within the supplier lead time of 12 days. Open orders exist but require delivery acceleration.",STOCKOUT_IMMINENT,MEDIUM_CONFIDENCE,Contact supplier within 24 hours to expedite shipment and obtain tracking confirmation.,96.0,90.0,12.0,20.0,97.0,134.12755954890457,1.3867396128398362,0.0,1.0,1.0,2025-08-26,False,False,Policy_B_LT,8,ENGINEERING_RECOMMENDATION_PENDING_BUSINESS_APPROVAL,True
2025-08-19,SKU031,,,,EXPEDITE_PO,Expedite Inbound Shipment,Expedite existing inbound purchase order of 33 units immediately or arrange emergency split-shipment. Physical stock of 31 units will be depleted in week 1.,1 — CRITICAL,1,"Projected inventory position drops to -62 units (stockout) in week 1, which is within the supplier lead time of 5 days. Open orders exist but require delivery acceleration.",STOCKOUT_IMMINENT,MEDIUM_CONFIDENCE,Contact supplier within 24 hours to expedite shipment and obtain tracking confirmation.,31.0,33.0,5.0,18.0,49.0,122.69638148199279,0.5216127747776554,0.0,1.0,1.0,2025-08-26,False,False,Policy_B_LT,8,ENGINEERING_RECOMMENDATION_PENDING_BUSINESS_APPROVAL,True
2025-08-19,SKU034,,,,EXPEDITE_PO,Expedite Inbound Shipment,Expedite existing inbound purchase order of 83 units immediately or arrange emergency split-shipment. Physical stock of 104 units will be depleted in week 1.,1 — CRITICAL,1,"Projected inventory position drops to -12 units (stockout) in week 1, which is within the supplier lead time of 9 days. Open orders exist but require delivery acceleration.",STOCKOUT_IMMINENT,MEDIUM_CONFIDENCE,Contact supplier within 24 hours to expedite shipment and obtain tracking confirmation.,104.0,83.0,9.0,36.0,89.0,124.3602934449677,1.503695390384004,0.0,1.0,1.0,2025-08-26,False,False,Policy_B_LT,8,ENGINEERING_RECOMMENDATION_PENDING_BUSINESS_APPROVAL,True
2025-08-19,SKU040,,,,EXPEDITE_PO,Expedite Inbound Shipment,Expedite existing inbound purchase order of 83 units immediately or arrange emergency split-shipment. Physical stock of 52 units will be depleted in week 1.,1 — CRITICAL,1,"Projected inventory position drops to -46 units (stockout) in week 1, which is within the supplier lead time of 14 days. Open orders exist but require delivery acceleration.",STOCKOUT_IMMINENT,MEDIUM_CONFIDENCE,Contact supplier within 24 hours to expedite shipment and obtain tracking confirmation.,52.0,83.0,14.0,50.0,143.0,99.34439770039367,1.3589090389086433,0.0,1.0,1.0,2025-08-26,False,False,Policy_B_LT,8,ENGINEERING_RECOMMENDATION_PENDING_BUSINESS_APPROVAL,True
2025-08-19,SKU048,,,,EXPEDITE_PO,Expedite Inbound Shipment,Expedite existing inbound purchase order of 23 units immediately or arrange emergency split-shipment. Physical stock of 31 units will be depleted in week 1.,1 — CRITICAL,1,"Projected inventory position drops to -16 units (stockout) in week 1, which is within the supplier lead time of 13 days. Open orders exist but require delivery acceleration.",STOCKOUT_IMMINENT,MEDIUM_CONFIDENCE,Contact supplier within 24 hours to expedite shipment and obtain tracking confirmation.,31.0,23.0,13.0,15.0,58.0,53.14510264810553,1.0160860984229363,0.0,1.0,1.0,2025-08-26,False,False,Policy_B_LT,8,ENGINEERING_RECOMMENDATION_PENDING_BUSINESS_APPROVAL,True
2025-08-19,SKU009,,,,PLACE_PO,Issue Replenishment Purchase Order,Place replenishment purchase order for ~254 units. Target supplier delivery on or before week 1.,2 — HIGH,2,"Projected inventory position (62 units) breaches Reorder Point (107 units) in week 1, inside the supplier lead time window of 8 days.",REORDER_POINT_BREACH_LT,MEDIUM_CONFIDENCE,Create purchase order requisition and transmit to vendor within 48 hours.,129.0,49.0,8.0,30.0,107.0,63.578066775494364,2.799707651202264,0.0,1.0,3.0,2025-09-09,False,False,Policy_B_LT,8,ENGINEERING_RECOMMENDATION_PENDING_BUSINESS_APPROVAL,True
2025-08-19,SKU014,,,,PLACE_PO,Issue Replenishment Purchase Order,Place replenishment purchase order for ~547 units. Target supplier delivery on or before week 1.,2 — HIGH,2,"Projected inventory position (246 units) breaches Reorder Point (246 units) in week 1, inside the supplier lead time window of 8 days.",REORDER_POINT_BREACH_LT,MEDIUM_CONFIDENCE,Create purchase order requisition and transmit to vendor within 48 hours.,376.0,384.0,8.0,100.0,246.0,136.8555015199887,5.553302509282001,0.0,1.0,6.0,2025-09-30,False,False,Policy_B_LT,8,ENGINEERING_RECOMMENDATION_PENDING_BUSINESS_APPROVAL,True
2025-08-19,SKU015,,,,PLACE_PO,Issue Replenishment Purchase Order,Issue a calibrated replenishment order for ~193 units to protect week 1 Reorder Point breach. Note: Long-horizon inventory indicates 11.7 weeks of terminal surplus; do not exceed required batch size.,2 — HIGH,2,Inventory position breaches Reorder Point (241 units) in week 1 (lead time is 9 days). Reorder takes strict precedence over terminal surplus to prevent intermediate stockout.,REORDER_POINT_BREACH_LT,MEDIUM_CONFIDENCE,Create purchase order requisition and transmit to vendor within 48 hours.,109.0,481.0,9.0,79.0,241.0,25.965190169801687,22.72272978328455,11.680194778404076,1.0,,,False,False,Policy_B_LT,8,ENGINEERING_RECOMMENDATION_PENDING_BUSINESS_APPROVAL,True
2025-08-19,SKU016,,,,PLACE_PO,Issue Replenishment Purchase Order,Place replenishment purchase order for ~355 units. Target supplier delivery on or before week 1.,2 — HIGH,2,"Projected inventory position (146 units) breaches Reorder Point (152 units) in week 1, inside the supplier lead time window of 10 days.",REORDER_POINT_BREACH_LT,MEDIUM_CONFIDENCE,Create purchase order requisition and transmit to vendor within 48 hours.,236.0,119.0,10.0,46.0,152.0,88.81386888132485,3.997123472622944,0.0,1.0,4.0,2025-09-16,False,False,Policy_B_LT,8,ENGINEERING_RECOMMENDATION_PENDING_BUSINESS_APPROVAL,True
2025-08-19,SKU017,,,,PLACE_PO,Issue Replenishment Purchase Order,Place replenishment purchase order for ~353 units. Target supplier delivery on or before week 1.,2 — HIGH,2,"Projected inventory position (187 units) breaches Reorder Point (231 units) in week 1, inside the supplier lead time window of 13 days.",REORDER_POINT_BREACH_LT,MEDIUM_CONFIDENCE,Create purchase order requisition and transmit to vendor within 48 hours.,275.0,371.0,13.0,61.0,231.0,88.19726060124444,7.3244905294811975,0.0,1.0,8.0,2025-10-14,False,False,Policy_B_LT,8,ENGINEERING_RECOMMENDATION_PENDING_BUSINESS_APPROVAL,True
2025-08-19,SKU018,,,,PLACE_PO,Issue Replenishment Purchase Order,Place replenishment purchase order for ~640 units. Target supplier delivery on or before week 1.,2 — HIGH,2,"Projected inventory position (316 units) breaches Reorder Point (324 units) in week 1, inside the supplier lead time window of 11 days.",REORDER_POINT_BREACH_LT,MEDIUM_CONFIDENCE,Create purchase order requisition and transmit to vendor within 48 hours.,480.0,61.0,11.0,133.0,324.0,160.07929737209884,3.3795750536214815,0.0,1.0,4.0,2025-09-16,False,False,Policy_B_LT,8,ENGINEERING_RECOMMENDATION_PENDING_BUSINESS_APPROVAL,True
2025-08-19,SKU019,,,,PLACE_PO,Issue Replenishment Purchase Order,Place replenishment purchase order for ~421 units. Target supplier delivery on or before week 1.,2 — HIGH,2,"Projected inventory position (78 units) breaches Reorder Point (154 units) in week 1, inside the supplier lead time window of 11 days.",REORDER_POINT_BREACH_LT,MEDIUM_CONFIDENCE,Create purchase order requisition and transmit to vendor within 48 hours.,185.0,231.0,11.0,62.0,154.0,105.36296413663166,3.9482564239607303,0.0,1.0,4.0,2025-09-16,False,False,Policy_B_LT,8,ENGINEERING_RECOMMENDATION_PENDING_BUSINESS_APPROVAL,True
2025-08-19,SKU022,,,,PLACE_PO,Issue Replenishment Purchase Order,Place replenishment purchase order for ~325 units. Target supplier delivery on or before week 1.,2 — HIGH,2,"Projected inventory position (8 units) breaches Reorder Point (211 units) in week 1, inside the supplier lead time window of 13 days.",REORDER_POINT_BREACH_LT,MEDIUM_CONFIDENCE,Create purchase order requisition and transmit to vendor within 48 hours.,74.0,116.0,13.0,60.0,211.0,64.12774843566962,2.9628359740495234,0.0,1.0,3.0,2025-09-09,False,False,Policy_B_LT,8,ENGINEERING_RECOMMENDATION_PENDING_BUSINESS_APPROVAL,True
2025-08-19,SKU023,,,,PLACE_PO,Issue Replenishment Purchase Order,Place replenishment purchase order for ~372 units. Target supplier delivery on or before week 1.,2 — HIGH,2,"Projected inventory position (130 units) breaches Reorder Point (151 units) in week 1, inside the supplier lead time window of 13 days.",REORDER_POINT_BREACH_LT,MEDIUM_CONFIDENCE,Create purchase order requisition and transmit to vendor within 48 hours.,228.0,286.0,13.0,37.0,151.0,92.9560827560489,5.529492904180632,0.0,1.0,6.0,2025-09-30,False,False,Policy_B_LT,8,ENGINEERING_RECOMMENDATION_PENDING_BUSINESS_APPROVAL,True
2025-08-19,SKU027,,,,PLACE_PO,Issue Replenishment Purchase Order,Place replenishment purchase order for ~549 units. Target supplier delivery on or before week 1.,2 — HIGH,2,"Projected inventory position (120 units) breaches Reorder Point (340 units) in week 1, inside the supplier lead time window of 11 days.",REORDER_POINT_BREACH_LT,MEDIUM_CONFIDENCE,Create purchase order requisition and transmit to vendor within 48 hours.,263.0,604.0,11.0,127.0,340.0,137.18648216952903,6.319864656406886,0.0,1.0,7.0,2025-10-07,False,False,Policy_B_LT,8,ENGINEERING_RECOMMENDATION_PENDING_BUSINESS_APPROVAL,True
2025-08-19,SKU038,,,,PLACE_PO,Issue Replenishment Purchase Order,Place replenishment purchase order for ~197 units. Target supplier delivery on or before week 1.,2 — HIGH,2,"Projected inventory position (95 units) breaches Reorder Point (153 units) in week 1, inside the supplier lead time window of 11 days.",REORDER_POINT_BREACH_LT,MEDIUM_CONFIDENCE,Create purchase order requisition and transmit to vendor within 48 hours.,148.0,73.0,11.0,35.0,153.0,49.19424113652492,4.4923957539394905,0.0,1.0,5.0,2025-09-23,False,False,Policy_B_LT,8,ENGINEERING_RECOMMENDATION_PENDING_BUSINESS_APPROVAL,True
2025-08-19,SKU039,,,,PLACE_PO,Issue Replenishment Purchase Order,Issue a calibrated replenishment order for ~92 units to protect week 1 Reorder Point breach. Note: Long-horizon inventory indicates 3.6 weeks of terminal surplus; do not exceed required batch size.,2 — HIGH,2,Inventory position breaches Reorder Point (107 units) in week 1 (lead time is 11 days). Reorder takes strict precedence over terminal surplus to prevent intermediate stockout.,REORDER_POINT_BREACH_LT,MEDIUM_CONFIDENCE,Create purchase order requisition and transmit to vendor within 48 hours.,127.0,181.0,11.0,41.0,107.0,22.99165099166388,13.396167161360967,3.6129111431278513,1.0,,,False,False,Policy_B_LT,8,ENGINEERING_RECOMMENDATION_PENDING_BUSINESS_APPROVAL,True
2025-08-19,SKU041,,,,PLACE_PO,Issue Replenishment Purchase Order,Place replenishment purchase order for ~301 units. Target supplier delivery on or before week 1.,2 — HIGH,2,"Projected inventory position (74 units) breaches Reorder Point (271 units) in week 1, inside the supplier lead time window of 10 days.",REORDER_POINT_BREACH_LT,MEDIUM_CONFIDENCE,Create purchase order requisition and transmit to vendor within 48 hours.,145.0,50.0,10.0,97.0,271.0,70.46340114633085,2.76739409150922,0.0,1.0,3.0,2025-09-09,False,False,Policy_B_LT,8,ENGINEERING_RECOMMENDATION_PENDING_BUSINESS_APPROVAL,True
2025-08-19,SKU042,,,,PLACE_PO,Issue Replenishment Purchase Order,Place replenishment purchase order for ~570 units. Target supplier delivery on or before week 1.,2 — HIGH,2,"Projected inventory position (37 units) breaches Reorder Point (38 units) in week 1, inside the supplier lead time window of 3 days.",REORDER_POINT_BREACH_LT,MEDIUM_CONFIDENCE,Create purchase order requisition and transmit to vendor within 48 hours.,116.0,68.0,3.0,19.0,38.0,142.4918797348289,1.2913016541182267,0.0,1.0,2.0,2025-09-02,False,False,Policy_B_LT,8,ENGINEERING_RECOMMENDATION_PENDING_BUSINESS_APPROVAL,True
2025-08-19,SKU045,,,,PLACE_PO,Issue Replenishment Purchase Order,Place replenishment purchase order for ~604 units. Target supplier delivery on or before week 1.,2 — HIGH,2,"Projected inventory position (83 units) breaches Reorder Point (234 units) in week 1, inside the supplier lead time window of 10 days.",REORDER_POINT_BREACH_LT,MEDIUM_CONFIDENCE,Create purchase order requisition and transmit to vendor within 48 hours.,234.0,268.0,10.0,73.0,234.0,151.11488121129557,3.3219759429124736,0.0,1.0,4.0,2025-09-16,False,False,Policy_B_LT,8,ENGINEERING_RECOMMENDATION_PENDING_BUSINESS_APPROVAL,True
2025-08-19,SKU001,,,,FREEZE_REPLENISHMENT,Halt Inbound Replenishment,"FREEZE REPLENISHMENT: Severe overstock detected (755 excess units, 8.3 weeks of cover above safety buffer). Suspend all new purchase orders for 9 weeks. Evaluate immediate promotional markdowns, bundle offers, or stock transfers.",3 — MEDIUM,3,Projected inventory position at horizon h=8 exceeds required safety stock by 755 units (8.3 surplus weeks of demand). Evaluated against approved 8-week production forecast horizon.,EXCESS_INVENTORY,MEDIUM_CONFIDENCE,Escalate to merchandise planning for promotional markdown or supplier return assessment.,709.0,1015.0,9.0,238.0,533.0,91.42900454105539,18.856160675202943,8.25304800658444,,,,False,False,Policy_B_LT,8,ENGINEERING_RECOMMENDATION_PENDING_BUSINESS_APPROVAL,True
2025-08-19,SKU002,,,,REVIEW_PIPELINE,Review Replenishment Pipeline,"Prepare replenishment purchase order for week 4. Current pipeline is adequate through week 5, with Reorder Point breach projected in week 6.",3 — MEDIUM,3,"Inventory position remains above Reorder Point during immediate lead time, but declines to 314 units (below Reorder Point of 373 units) in week 6.",REORDER_POINT_BREACH_HORIZON,MEDIUM_CONFIDENCE,Review open purchase order ETAs during weekly inventory planning meeting.,644.0,76.0,14.0,87.0,373.0,65.20726227319686,11.041714908738816,1.7075076905995437,6.0,,,False,False,Policy_B_LT,8,ENGINEERING_RECOMMENDATION_PENDING_BUSINESS_APPROVAL,True
2025-08-19,SKU003,,,,REVIEW_PIPELINE,Review Replenishment Pipeline,"Prepare replenishment purchase order for week 5. Current pipeline is adequate through week 5, with Reorder Point breach projected in week 6.",3 — MEDIUM,3,"Inventory position remains above Reorder Point during immediate lead time, but declines to 123 units (below Reorder Point of 145 units) in week 6.",REORDER_POINT_BREACH_HORIZON,MEDIUM_CONFIDENCE,Review open purchase order ETAs during weekly inventory planning meeting.,143.0,206.0,4.0,97.0,145.0,36.188801717549865,9.643867258272644,0.0,6.0,,,False,False,Policy_B_LT,8,ENGINEERING_RECOMMENDATION_PENDING_BUSINESS_APPROVAL,True
2025-08-19,SKU004,,,,REVIEW_PIPELINE,Review Replenishment Pipeline,"Prepare replenishment purchase order for week 4. Current pipeline is adequate through week 4, with Reorder Point breach projected in week 5.",3 — MEDIUM,3,"Inventory position remains above Reorder Point during immediate lead time, but declines to 215 units (below Reorder Point of 244 units) in week 5.",REORDER_POINT_BREACH_HORIZON,MEDIUM_CONFIDENCE,Review open purchase order ETAs during weekly inventory planning meeting.,167.0,186.0,7.0,116.0,244.0,29.57843809575074,11.934369179916644,0.012593472068681872,5.0,,,False,False,Policy_B_LT,8,ENGINEERING_RECOMMENDATION_PENDING_BUSINESS_APPROVAL,True
2025-08-19,SKU005,,,,REVIEW_PIPELINE,Review Replenishment Pipeline,"Prepare replenishment purchase order for week 4. Current pipeline is adequate through week 4, with Reorder Point breach projected in week 5.",3 — MEDIUM,3,"Inventory position remains above Reorder Point during immediate lead time, but declines to 115 units (below Reorder Point of 186 units) in week 5.",REORDER_POINT_BREACH_HORIZON,MEDIUM_CONFIDENCE,Review open purchase order ETAs during weekly inventory planning meeting.,483.0,200.0,6.0,65.0,186.0,109.22510456336516,6.253141187004025,0.0,5.0,7.0,2025-10-07,False,False,Policy_B_LT,8,ENGINEERING_RECOMMENDATION_PENDING_BUSINESS_APPROVAL,True
2025-08-19,SKU006,,,,FREEZE_REPLENISHMENT,Halt Inbound Replenishment,"FREEZE REPLENISHMENT: Severe overstock detected (290 excess units, 6.9 weeks of cover above safety buffer). Suspend all new purchase orders for 7 weeks. Evaluate immediate promotional markdowns, bundle offers, or stock transfers.",3 — MEDIUM,3,Projected inventory position at horizon h=8 exceeds required safety stock by 290 units (6.9 surplus weeks of demand). Evaluated against approved 8-week production forecast horizon.,EXCESS_INVENTORY,MEDIUM_CONFIDENCE,Escalate to merchandise planning for promotional markdown or supplier return assessment.,345.0,403.0,10.0,125.0,301.0,41.68223786254308,17.94529368760633,6.946414394891369,,,,False,False,Policy_B_LT,8,ENGINEERING_RECOMMENDATION_PENDING_BUSINESS_APPROVAL,True
2025-08-19,SKU007,,,,REVIEW_PIPELINE,Review Replenishment Pipeline,"Prepare replenishment purchase order for week 2. Current pipeline is adequate through week 2, with Reorder Point breach projected in week 3.",3 — MEDIUM,3,"Inventory position remains above Reorder Point during immediate lead time, but declines to 124 units (below Reorder Point of 224 units) in week 3.",REORDER_POINT_BREACH_HORIZON,MEDIUM_CONFIDENCE,Review open purchase order ETAs during weekly inventory planning meeting.,478.0,98.0,7.0,89.0,224.0,157.38205025880416,3.6598836973645144,0.0,3.0,4.0,2025-09-16,False,False,Policy_B_LT,8,ENGINEERING_RECOMMENDATION_PENDING_BUSINESS_APPROVAL,True
2025-08-19,SKU008,,,,REVIEW_PIPELINE,Review Replenishment Pipeline,"Prepare replenishment purchase order for week 1. Current pipeline is adequate through week 1, with Reorder Point breach projected in week 2.",3 — MEDIUM,3,"Inventory position remains above Reorder Point during immediate lead time, but declines to 247 units (below Reorder Point of 257 units) in week 2.",REORDER_POINT_BREACH_HORIZON,MEDIUM_CONFIDENCE,Review open purchase order ETAs during weekly inventory planning meeting.,238.0,222.0,6.0,108.0,257.0,103.69540005306132,4.43606948586549,0.0,2.0,5.0,2025-09-23,False,False,Policy_B_LT,8,ENGINEERING_RECOMMENDATION_PENDING_BUSINESS_APPROVAL,True
2025-08-19,SKU011,,,,FREEZE_REPLENISHMENT,Halt Inbound Replenishment,"FREEZE REPLENISHMENT: Severe overstock detected (246 excess units, 12.2 weeks of cover above safety buffer). Suspend all new purchase orders for 13 weeks. Evaluate immediate promotional markdowns, bundle offers, or stock transfers.",3 — MEDIUM,3,Projected inventory position at horizon h=8 exceeds required safety stock by 246 units (12.2 surplus weeks of demand). Evaluated against approved 8-week production forecast horizon.,EXCESS_INVENTORY,MEDIUM_CONFIDENCE,Escalate to merchandise planning for promotional markdown or supplier return assessment.,145.0,441.0,4.0,178.0,276.0,20.200760160755898,29.008809338691357,12.197259744344835,,,,False,False,Policy_B_LT,8,ENGINEERING_RECOMMENDATION_PENDING_BUSINESS_APPROVAL,True
2025-08-19,SKU013,,,,REVIEW_PIPELINE,Review Replenishment Pipeline,"Prepare replenishment purchase order for week 2. Current pipeline is adequate through week 2, with Reorder Point breach projected in week 3.",3 — MEDIUM,3,"Inventory position remains above Reorder Point during immediate lead time, but declines to 87 units (below Reorder Point of 95 units) in week 3.",REORDER_POINT_BREACH_HORIZON,MEDIUM_CONFIDENCE,Review open purchase order ETAs during weekly inventory planning meeting.,272.0,91.0,7.0,36.0,95.0,95.21949018080201,3.812244733832732,0.0,3.0,4.0,2025-09-16,False,False,Policy_B_LT,8,ENGINEERING_RECOMMENDATION_PENDING_BUSINESS_APPROVAL,True
2025-08-19,SKU020,,,,REVIEW_PIPELINE,Review Replenishment Pipeline,"Prepare replenishment purchase order for week 6. Current pipeline is adequate through week 6, with Reorder Point breach projected in week 7.",3 — MEDIUM,3,"Inventory position remains above Reorder Point during immediate lead time, but declines to 224 units (below Reorder Point of 292 units) in week 7.",REORDER_POINT_BREACH_HORIZON,MEDIUM_CONFIDENCE,Review open purchase order ETAs during weekly inventory planning meeting.,636.0,223.0,5.0,117.0,292.0,88.30492335193088,9.727656934557738,0.4027024976040068,7.0,,,False,False,Policy_B_LT,8,ENGINEERING_RECOMMENDATION_PENDING_BUSINESS_APPROVAL,True
2025-08-19,SKU024,,,,REVIEW_PIPELINE,Review Replenishment Pipeline,"Prepare replenishment purchase order for week 4. Current pipeline is adequate through week 4, with Reorder Point breach projected in week 5.",3 — MEDIUM,3,"Inventory position remains above Reorder Point during immediate lead time, but declines to 79 units (below Reorder Point of 162 units) in week 5.",REORDER_POINT_BREACH_HORIZON,MEDIUM_CONFIDENCE,Review open purchase order ETAs during weekly inventory planning meeting.,182.0,318.0,5.0,91.0,162.0,83.87295015513207,5.961397555173582,0.0,5.0,6.0,2025-09-30,False,False,Policy_B_LT,8,ENGINEERING_RECOMMENDATION_PENDING_BUSINESS_APPROVAL,True
2025-08-19,SKU025,,,,FREEZE_REPLENISHMENT,Halt Inbound Replenishment,"FREEZE REPLENISHMENT: Severe overstock detected (771 excess units, 39.0 weeks of cover above safety buffer). Suspend all new purchase orders for 39 weeks. Evaluate immediate promotional markdowns, bundle offers, or stock transfers.",3 — MEDIUM,3,Projected inventory position at horizon h=8 exceeds required safety stock by 771 units (39.0 surplus weeks of demand). Evaluated against approved 8-week production forecast horizon.,EXCESS_INVENTORY,MEDIUM_CONFIDENCE,Escalate to merchandise planning for promotional markdown or supplier return assessment.,594.0,562.0,8.0,227.0,507.0,19.77064950676377,58.47051203879361,38.98884574743881,,,,False,False,Policy_B_LT,8,ENGINEERING_RECOMMENDATION_PENDING_BUSINESS_APPROVAL,True
2025-08-19,SKU028,,,,FREEZE_REPLENISHMENT,Halt Inbound Replenishment,"FREEZE REPLENISHMENT: Severe overstock detected (542 excess units, 15.8 weeks of cover above safety buffer). Suspend all new purchase orders for 16 weeks. Evaluate immediate promotional markdowns, bundle offers, or stock transfers.",3 — MEDIUM,3,Projected inventory position at horizon h=8 exceeds required safety stock by 542 units (15.8 surplus weeks of demand). Evaluated against approved 8-week production forecast horizon.,EXCESS_INVENTORY,MEDIUM_CONFIDENCE,Escalate to merchandise planning for promotional markdown or supplier return assessment.,584.0,303.0,6.0,72.0,193.0,34.179640855452455,25.95112112942236,15.844603968973198,,,,False,False,Policy_B_LT,8,ENGINEERING_RECOMMENDATION_PENDING_BUSINESS_APPROVAL,True
2025-08-19,SKU029,,,,REVIEW_PIPELINE,Review Replenishment Pipeline,"Prepare replenishment purchase order for week 7. Current pipeline is adequate through week 7, with Reorder Point breach projected in week 8.",3 — MEDIUM,3,"Inventory position remains above Reorder Point during immediate lead time, but declines to 331 units (below Reorder Point of 338 units) in week 8.",REORDER_POINT_BREACH_HORIZON,MEDIUM_CONFIDENCE,Review open purchase order ETAs during weekly inventory planning meeting.,773.0,394.0,6.0,169.0,338.0,104.49626455611931,11.167863319872714,1.5505806283058852,8.0,,,False,False,Policy_B_LT,8,ENGINEERING_RECOMMENDATION_PENDING_BUSINESS_APPROVAL,True
2025-08-19,SKU030,,,,REVIEW_PIPELINE,Review Replenishment Pipeline,"Prepare replenishment purchase order for week 2. Current pipeline is adequate through week 2, with Reorder Point breach projected in week 3.",3 — MEDIUM,3,"Inventory position remains above Reorder Point during immediate lead time, but declines to 40 units (below Reorder Point of 65 units) in week 3.",REORDER_POINT_BREACH_HORIZON,MEDIUM_CONFIDENCE,Review open purchase order ETAs during weekly inventory planning meeting.,83.0,56.0,6.0,24.0,65.0,31.409338866666513,4.425435396461503,0.0,3.0,5.0,2025-09-23,False,False,Policy_B_LT,8,ENGINEERING_RECOMMENDATION_PENDING_BUSINESS_APPROVAL,True
2025-08-19,SKU032,,,,REVIEW_PIPELINE,Review Replenishment Pipeline,"Prepare replenishment purchase order for week 3. Current pipeline is adequate through week 3, with Reorder Point breach projected in week 4.",3 — MEDIUM,3,"Inventory position remains above Reorder Point during immediate lead time, but declines to 89 units (below Reorder Point of 91 units) in week 4.",REORDER_POINT_BREACH_HORIZON,MEDIUM_CONFIDENCE,Review open purchase order ETAs during weekly inventory planning meeting.,175.0,140.0,3.0,57.0,91.0,59.38817597280831,5.304086122197575,0.0,4.0,6.0,2025-09-30,False,False,Policy_B_LT,8,ENGINEERING_RECOMMENDATION_PENDING_BUSINESS_APPROVAL,True
2025-08-19,SKU033,,,,REVIEW_PIPELINE,Review Replenishment Pipeline,"Prepare replenishment purchase order for week 2. Current pipeline is adequate through week 2, with Reorder Point breach projected in week 3.",3 — MEDIUM,3,"Inventory position remains above Reorder Point during immediate lead time, but declines to 89 units (below Reorder Point of 147 units) in week 3.",REORDER_POINT_BREACH_HORIZON,MEDIUM_CONFIDENCE,Review open purchase order ETAs during weekly inventory planning meeting.,214.0,218.0,5.0,81.0,147.0,108.12028387191648,3.9955499979242015,0.0,3.0,4.0,2025-09-16,False,False,Policy_B_LT,8,ENGINEERING_RECOMMENDATION_PENDING_BUSINESS_APPROVAL,True
2025-08-19,SKU035,,,,REVIEW_PIPELINE,Review Replenishment Pipeline,"Prepare replenishment purchase order for week 5. Current pipeline is adequate through week 6, with Reorder Point breach projected in week 7.",3 — MEDIUM,3,"Inventory position remains above Reorder Point during immediate lead time, but declines to 255 units (below Reorder Point of 383 units) in week 7.",REORDER_POINT_BREACH_HORIZON,MEDIUM_CONFIDENCE,Review open purchase order ETAs during weekly inventory planning meeting.,554.0,621.0,14.0,98.0,383.0,131.9802429301215,8.902847683210567,0.16031230197257887,7.0,,,False,False,Policy_B_LT,8,ENGINEERING_RECOMMENDATION_PENDING_BUSINESS_APPROVAL,True
2025-08-19,SKU036,,,,FREEZE_REPLENISHMENT,Halt Inbound Replenishment,"FREEZE REPLENISHMENT: Severe overstock detected (631 excess units, 22.0 weeks of cover above safety buffer). Suspend all new purchase orders for 22 weeks. Evaluate immediate promotional markdowns, bundle offers, or stock transfers.",3 — MEDIUM,3,Projected inventory position at horizon h=8 exceeds required safety stock by 631 units (22.0 surplus weeks of demand). Evaluated against approved 8-week production forecast horizon.,EXCESS_INVENTORY,MEDIUM_CONFIDENCE,Escalate to merchandise planning for promotional markdown or supplier return assessment.,555.0,373.0,13.0,67.0,335.0,28.737070918645795,32.29278316593761,21.961299898569262,,,,False,False,Policy_B_LT,8,ENGINEERING_RECOMMENDATION_PENDING_BUSINESS_APPROVAL,True
2025-08-19,SKU037,,,,REVIEW_PIPELINE,Review Replenishment Pipeline,"Prepare replenishment purchase order for week 3. Current pipeline is adequate through week 3, with Reorder Point breach projected in week 4.",3 — MEDIUM,3,"Inventory position remains above Reorder Point during immediate lead time, but declines to 616 units (below Reorder Point of 643 units) in week 4.",REORDER_POINT_BREACH_HORIZON,MEDIUM_CONFIDENCE,Review open purchase order ETAs during weekly inventory planning meeting.,640.0,585.0,7.0,304.0,643.0,150.29640508614102,8.150560881997825,0.0,4.0,,,False,False,Policy_B_LT,8,ENGINEERING_RECOMMENDATION_PENDING_BUSINESS_APPROVAL,True
2025-08-19,SKU043,,,,REVIEW_PIPELINE,Review Replenishment Pipeline,"Prepare replenishment purchase order for week 3. Current pipeline is adequate through week 3, with Reorder Point breach projected in week 4.",3 — MEDIUM,3,"Inventory position remains above Reorder Point during immediate lead time, but declines to 201 units (below Reorder Point of 264 units) in week 4.",REORDER_POINT_BREACH_HORIZON,MEDIUM_CONFIDENCE,Review open purchase order ETAs during weekly inventory planning meeting.,337.0,437.0,5.0,156.0,264.0,141.15036615464467,5.483513936846638,0.0,4.0,6.0,2025-09-30,False,False,Policy_B_LT,8,ENGINEERING_RECOMMENDATION_PENDING_BUSINESS_APPROVAL,True
2025-08-19,SKU044,,,,REVIEW_PIPELINE,Review Replenishment Pipeline,"Prepare replenishment purchase order for week 2. Current pipeline is adequate through week 3, with Reorder Point breach projected in week 4.",3 — MEDIUM,3,"Inventory position remains above Reorder Point during immediate lead time, but declines to 120 units (below Reorder Point of 155 units) in week 4.",REORDER_POINT_BREACH_HORIZON,MEDIUM_CONFIDENCE,Review open purchase order ETAs during weekly inventory planning meeting.,297.0,88.0,12.0,49.0,155.0,64.0143472460943,6.014276745179026,0.0,4.0,6.0,2025-09-30,False,False,Policy_B_LT,8,ENGINEERING_RECOMMENDATION_PENDING_BUSINESS_APPROVAL,True
2025-08-19,SKU046,,,,REVIEW_PIPELINE,Review Replenishment Pipeline,"Prepare replenishment purchase order for week 5. Current pipeline is adequate through week 5, with Reorder Point breach projected in week 6.",3 — MEDIUM,3,"Inventory position remains above Reorder Point during immediate lead time, but declines to 103 units (below Reorder Point of 135 units) in week 6.",REORDER_POINT_BREACH_HORIZON,MEDIUM_CONFIDENCE,Review open purchase order ETAs during weekly inventory planning meeting.,305.0,163.0,5.0,71.0,135.0,60.17942810515217,7.776743892983803,0.0,6.0,8.0,2025-10-14,False,False,Policy_B_LT,8,ENGINEERING_RECOMMENDATION_PENDING_BUSINESS_APPROVAL,True
2025-08-19,SKU047,,,,REVIEW_PIPELINE,Review Replenishment Pipeline,"Prepare replenishment purchase order for week 1. Current pipeline is adequate through week 1, with Reorder Point breach projected in week 2.",3 — MEDIUM,3,"Inventory position remains above Reorder Point during immediate lead time, but declines to 2 units (below Reorder Point of 55 units) in week 2.",REORDER_POINT_BREACH_HORIZON,MEDIUM_CONFIDENCE,Review open purchase order ETAs during weekly inventory planning meeting.,148.0,68.0,3.0,35.0,55.0,93.5593242856559,2.3086955966089224,0.0,2.0,3.0,2025-09-09,False,False,Policy_B_LT,8,ENGINEERING_RECOMMENDATION_PENDING_BUSINESS_APPROVAL,True
2025-08-19,SKU049,,,,REVIEW_PIPELINE,Review Replenishment Pipeline,"Prepare replenishment purchase order for week 3. Current pipeline is adequate through week 3, with Reorder Point breach projected in week 4.",3 — MEDIUM,3,"Inventory position remains above Reorder Point during immediate lead time, but declines to 391 units (below Reorder Point of 392 units) in week 4.",REORDER_POINT_BREACH_HORIZON,MEDIUM_CONFIDENCE,Review open purchase order ETAs during weekly inventory planning meeting.,674.0,344.0,5.0,239.0,392.0,153.74576881604708,6.6213204294292565,0.0,4.0,7.0,2025-10-07,False,False,Policy_B_LT,8,ENGINEERING_RECOMMENDATION_PENDING_BUSINESS_APPROVAL,True
2025-08-19,SKU050,,,,FREEZE_REPLENISHMENT,Halt Inbound Replenishment,Pause purchase orders for 5 weeks. Total pipeline provides 14.2 weeks of cover (201 units surplus above 8-week horizon).,4 — LOW,4,Projected inventory position at horizon h=8 exceeds required safety stock by 201 units (4.8 surplus weeks of demand). Evaluated against approved 8-week production forecast horizon.,EXCESS_INVENTORY,MEDIUM_CONFIDENCE,Monitor weekly demand consumption and confirm no automated replenishment POs are released.,499.0,98.0,9.0,59.0,207.0,42.174488012696955,14.155477117357501,4.75652711748465,,,,False,False,Policy_B_LT,8,ENGINEERING_RECOMMENDATION_PENDING_BUSINESS_APPROVAL,True
2025-09-16,SKU010,,,,EXPEDITE_PO,Expedite Inbound Shipment,Expedite existing inbound purchase order of 46 units immediately or arrange emergency split-shipment. Physical stock of 37 units will be depleted in week 1.,1 — CRITICAL,1,"Projected inventory position drops to -67 units (stockout) in week 1, which is within the supplier lead time of 9 days. Open orders exist but require delivery acceleration.",STOCKOUT_IMMINENT,MEDIUM_CONFIDENCE,Contact supplier within 24 hours to expedite shipment and obtain tracking confirmation.,37.0,46.0,9.0,19.0,48.0,100.66453156645622,0.8245207990185248,0.0,1.0,1.0,2025-09-23,False,False,Policy_B_LT,8,ENGINEERING_RECOMMENDATION_PENDING_BUSINESS_APPROVAL,True
2025-09-16,SKU012,,,,EXPEDITE_PO,Expedite Inbound Shipment,Expedite existing inbound purchase order of 17 units immediately or arrange emergency split-shipment. Physical stock of 43 units will be depleted in week 1.,1 — CRITICAL,1,"Projected inventory position drops to -124 units (stockout) in week 1, which is within the supplier lead time of 12 days. Open orders exist but require delivery acceleration.",STOCKOUT_IMMINENT,MEDIUM_CONFIDENCE,Contact supplier within 24 hours to expedite shipment and obtain tracking confirmation.,43.0,17.0,12.0,21.0,57.0,159.8716211324164,0.37530112958762063,0.0,1.0,1.0,2025-09-23,False,False,Policy_B_LT,8,ENGINEERING_RECOMMENDATION_PENDING_BUSINESS_APPROVAL,True
2025-09-16,SKU019,,,,EXPEDITE_PO,Expedite Inbound Shipment,Expedite existing inbound purchase order of 192 units immediately or arrange emergency split-shipment. Physical stock of 78 units will be depleted in week 1.,1 — CRITICAL,1,"Projected inventory position drops to -12 units (stockout) in week 1, which is within the supplier lead time of 11 days. Open orders exist but require delivery acceleration.",STOCKOUT_IMMINENT,MEDIUM_CONFIDENCE,Contact supplier within 24 hours to expedite shipment and obtain tracking confirmation.,78.0,192.0,11.0,44.0,118.0,89.16116995308809,3.028224059218377,0.0,1.0,1.0,2025-09-23,False,False,Policy_B_LT,8,ENGINEERING_RECOMMENDATION_PENDING_BUSINESS_APPROVAL,True
2025-09-16,SKU026,,,,EXPEDITE_PO,Expedite Inbound Shipment,Expedite existing inbound purchase order of 18 units immediately or arrange emergency split-shipment. Physical stock of 110 units will be depleted in week 1.,1 — CRITICAL,1,"Projected inventory position drops to -9 units (stockout) in week 1, which is within the supplier lead time of 3 days. Open orders exist but require delivery acceleration.",STOCKOUT_IMMINENT,MEDIUM_CONFIDENCE,Contact supplier within 24 hours to expedite shipment and obtain tracking confirmation.,110.0,18.0,3.0,25.0,41.0,135.08423924295658,0.947556877969937,0.0,1.0,1.0,2025-09-23,False,False,Policy_B_LT,8,ENGINEERING_RECOMMENDATION_PENDING_BUSINESS_APPROVAL,True
2025-09-16,SKU031,,,,EXPEDITE_PO,Expedite Inbound Shipment,Expedite existing inbound purchase order of 1 units immediately or arrange emergency split-shipment. Physical stock of 202 units will be depleted in week 2.,1 — CRITICAL,1,"Projected inventory position drops to -31 units (stockout) in week 2, which is within the supplier lead time of 8 days. Open orders exist but require delivery acceleration.",STOCKOUT_IMMINENT,MEDIUM_CONFIDENCE,Contact supplier within 24 hours to expedite shipment and obtain tracking confirmation.,202.0,1.0,8.0,23.0,72.0,112.63904229092218,1.8022170276953802,0.0,2.0,2.0,2025-09-30,False,False,Policy_B_LT,8,ENGINEERING_RECOMMENDATION_PENDING_BUSINESS_APPROVAL,True
2025-09-16,SKU034,,,,EXPEDITE_PO,Expedite Inbound Shipment,Expedite existing inbound purchase order of 61 units immediately or arrange emergency split-shipment. Physical stock of 94 units will be depleted in week 1.,1 — CRITICAL,1,"Projected inventory position drops to -26 units (stockout) in week 1, which is within the supplier lead time of 13 days. Open orders exist but require delivery acceleration.",STOCKOUT_IMMINENT,MEDIUM_CONFIDENCE,Contact supplier within 24 hours to expedite shipment and obtain tracking confirmation.,94.0,61.0,13.0,29.0,96.0,111.26266476525296,1.3930998356638864,0.0,1.0,1.0,2025-09-23,False,False,Policy_B_LT,8,ENGINEERING_RECOMMENDATION_PENDING_BUSINESS_APPROVAL,True
2025-09-16,SKU040,,,,EXPEDITE_PO,Expedite Inbound Shipment,Expedite existing inbound purchase order of 122 units immediately or arrange emergency split-shipment. Physical stock of 32 units will be depleted in week 1.,1 — CRITICAL,1,"Projected inventory position drops to -72 units (stockout) in week 1, which is within the supplier lead time of 11 days. Open orders exist but require delivery acceleration.",STOCKOUT_IMMINENT,MEDIUM_CONFIDENCE,Contact supplier within 24 hours to expedite shipment and obtain tracking confirmation.,32.0,122.0,11.0,29.0,84.0,96.42745906314042,1.5970554600962912,0.0,1.0,1.0,2025-09-23,False,False,Policy_B_LT,8,ENGINEERING_RECOMMENDATION_PENDING_BUSINESS_APPROVAL,True
2025-09-16,SKU045,,,,EXPEDITE_PO,Expedite Inbound Shipment,Expedite existing inbound purchase order of 279 units immediately or arrange emergency split-shipment. Physical stock of 104 units will be depleted in week 1.,1 — CRITICAL,1,"Projected inventory position drops to -58 units (stockout) in week 1, which is within the supplier lead time of 9 days. Open orders exist but require delivery acceleration.",STOCKOUT_IMMINENT,MEDIUM_CONFIDENCE,Contact supplier within 24 hours to expedite shipment and obtain tracking confirmation.,104.0,279.0,9.0,82.0,217.0,150.67154230830772,2.5419531394740504,0.0,1.0,1.0,2025-09-23,False,False,Policy_B_LT,8,ENGINEERING_RECOMMENDATION_PENDING_BUSINESS_APPROVAL,True
2025-09-16,SKU001,,,,PLACE_PO,Issue Replenishment Purchase Order,Place replenishment purchase order for ~597 units. Target supplier delivery on or before week 1.,2 — HIGH,2,"Projected inventory position (135 units) breaches Reorder Point (547 units) in week 1, inside the supplier lead time window of 13 days.",REORDER_POINT_BREACH_LT,MEDIUM_CONFIDENCE,Create purchase order requisition and transmit to vendor within 48 hours.,226.0,257.0,13.0,153.0,547.0,89.51382196093657,5.395814740328919,0.0,1.0,6.0,2025-10-28,False,False,Policy_B_LT,8,ENGINEERING_RECOMMENDATION_PENDING_BUSINESS_APPROVAL,True
2025-09-16,SKU002,,,,PLACE_PO,Issue Replenishment Purchase Order,Place replenishment purchase order for ~282 units. Target supplier delivery on or before week 1.,2 — HIGH,2,"Projected inventory position (53 units) breaches Reorder Point (240 units) in week 1, inside the supplier lead time window of 10 days.",REORDER_POINT_BREACH_LT,MEDIUM_CONFIDENCE,Create purchase order requisition and transmit to vendor within 48 hours.,120.0,34.0,10.0,57.0,240.0,65.05950650987674,2.3670637584166294,0.0,1.0,3.0,2025-10-07,False,False,Policy_B_LT,8,ENGINEERING_RECOMMENDATION_PENDING_BUSINESS_APPROVAL,True
2025-09-16,SKU003,,,,PLACE_PO,Issue Replenishment Purchase Order,Issue a calibrated replenishment order for ~143 units to protect week 1 Reorder Point breach. Note: Long-horizon inventory indicates 0.5 weeks of terminal surplus; do not exceed required batch size.,2 — HIGH,2,Inventory position breaches Reorder Point (141 units) in week 1 (lead time is 8 days). Reorder takes strict precedence over terminal surplus to prevent intermediate stockout.,REORDER_POINT_BREACH_LT,MEDIUM_CONFIDENCE,Create purchase order requisition and transmit to vendor within 48 hours.,73.0,281.0,8.0,59.0,141.0,34.69859262773585,10.202142887980848,0.5017857399840406,1.0,,,False,False,Policy_B_LT,8,ENGINEERING_RECOMMENDATION_PENDING_BUSINESS_APPROVAL,True
2025-09-16,SKU007,,,,PLACE_PO,Issue Replenishment Purchase Order,Place replenishment purchase order for ~584 units. Target supplier delivery on or before week 1.,2 — HIGH,2,"Projected inventory position (208 units) breaches Reorder Point (340 units) in week 1, inside the supplier lead time window of 14 days.",REORDER_POINT_BREACH_LT,MEDIUM_CONFIDENCE,Create purchase order requisition and transmit to vendor within 48 hours.,367.0,183.0,14.0,97.0,340.0,145.9912135247818,3.7673500118323098,0.0,1.0,4.0,2025-10-14,False,False,Policy_B_LT,8,ENGINEERING_RECOMMENDATION_PENDING_BUSINESS_APPROVAL,True
2025-09-16,SKU018,,,,PLACE_PO,Issue Replenishment Purchase Order,Place replenishment purchase order for ~611 units. Target supplier delivery on or before week 1.,2 — HIGH,2,"Projected inventory position (119 units) breaches Reorder Point (305 units) in week 1, inside the supplier lead time window of 11 days.",REORDER_POINT_BREACH_LT,MEDIUM_CONFIDENCE,Create purchase order requisition and transmit to vendor within 48 hours.,277.0,317.0,11.0,125.0,305.0,152.81764618934062,3.8869856643651985,0.0,1.0,4.0,2025-10-14,False,False,Policy_B_LT,8,ENGINEERING_RECOMMENDATION_PENDING_BUSINESS_APPROVAL,True
2025-09-16,SKU021,,,,PLACE_PO,Issue Replenishment Purchase Order,Place replenishment purchase order for ~200 units. Target supplier delivery on or before week 1.,2 — HIGH,2,"Projected inventory position (33 units) breaches Reorder Point (74 units) in week 1, inside the supplier lead time window of 9 days.",REORDER_POINT_BREACH_LT,MEDIUM_CONFIDENCE,Create purchase order requisition and transmit to vendor within 48 hours.,89.0,123.0,9.0,21.0,74.0,49.99057301203224,4.240799559328389,0.0,1.0,4.0,2025-10-14,False,False,Policy_B_LT,8,ENGINEERING_RECOMMENDATION_PENDING_BUSINESS_APPROVAL,True
2025-09-16,SKU030,,,,PLACE_PO,Issue Replenishment Purchase Order,Place replenishment purchase order for ~111 units. Target supplier delivery on or before week 1.,2 — HIGH,2,"Projected inventory position (54 units) breaches Reorder Point (82 units) in week 1, inside the supplier lead time window of 10 days.",REORDER_POINT_BREACH_LT,MEDIUM_CONFIDENCE,Create purchase order requisition and transmit to vendor within 48 hours.,86.0,137.0,10.0,19.0,82.0,27.673994005539377,8.058106826046256,0.0,1.0,,,False,False,Policy_B_LT,8,ENGINEERING_RECOMMENDATION_PENDING_BUSINESS_APPROVAL,True
2025-09-16,SKU039,,,,PLACE_PO,Issue Replenishment Purchase Order,Issue a calibrated replenishment order for ~102 units to protect week 1 Reorder Point breach. Note: Long-horizon inventory indicates 2.2 weeks of terminal surplus; do not exceed required batch size.,2 — HIGH,2,Inventory position breaches Reorder Point (107 units) in week 1 (lead time is 14 days). Reorder takes strict precedence over terminal surplus to prevent intermediate stockout.,REORDER_POINT_BREACH_LT,MEDIUM_CONFIDENCE,Create purchase order requisition and transmit to vendor within 48 hours.,67.0,150.0,14.0,32.0,107.0,18.169933038925688,11.942806808099844,2.1816555737256738,1.0,,,False,False,Policy_B_LT,8,ENGINEERING_RECOMMENDATION_PENDING_BUSINESS_APPROVAL,True
2025-09-16,SKU042,,,,PLACE_PO,Issue Replenishment Purchase Order,Place replenishment purchase order for ~555 units. Target supplier delivery on or before week 1.,2 — HIGH,2,"Projected inventory position (54 units) breaches Reorder Point (123 units) in week 1, inside the supplier lead time window of 13 days.",REORDER_POINT_BREACH_LT,MEDIUM_CONFIDENCE,Create purchase order requisition and transmit to vendor within 48 hours.,206.0,190.0,13.0,41.0,123.0,138.67389829254637,2.855620306891486,0.0,1.0,3.0,2025-10-07,False,False,Policy_B_LT,8,ENGINEERING_RECOMMENDATION_PENDING_BUSINESS_APPROVAL,True
2025-09-16,SKU049,,,,PLACE_PO,Issue Replenishment Purchase Order,Place replenishment purchase order for ~625 units. Target supplier delivery on or before week 1.,2 — HIGH,2,"Projected inventory position (187 units) breaches Reorder Point (408 units) in week 1, inside the supplier lead time window of 10 days.",REORDER_POINT_BREACH_LT,MEDIUM_CONFIDENCE,Create purchase order requisition and transmit to vendor within 48 hours.,349.0,247.0,10.0,136.0,408.0,156.36283964041914,3.8116473285506673,0.0,1.0,4.0,2025-10-14,False,False,Policy_B_LT,8,ENGINEERING_RECOMMENDATION_PENDING_BUSINESS_APPROVAL,True
2025-09-16,SKU004,,,,FREEZE_REPLENISHMENT,Halt Inbound Replenishment,"FREEZE REPLENISHMENT: Severe overstock detected (389 excess units, 13.5 weeks of cover above safety buffer). Suspend all new purchase orders for 14 weeks. Evaluate immediate promotional markdowns, bundle offers, or stock transfers.",3 — MEDIUM,3,Projected inventory position at horizon h=8 exceeds required safety stock by 389 units (13.5 surplus weeks of demand). Evaluated against approved 8-week production forecast horizon.,EXCESS_INVENTORY,MEDIUM_CONFIDENCE,Escalate to merchandise planning for promotional markdown or supplier return assessment.,424.0,246.0,10.0,50.0,215.0,28.87127591445615,23.20645620183776,13.474631112148373,,,,False,False,Policy_B_LT,8,ENGINEERING_RECOMMENDATION_PENDING_BUSINESS_APPROVAL,True
2025-09-16,SKU006,,,,REVIEW_PIPELINE,Review Replenishment Pipeline,"Prepare replenishment purchase order for week 6. Current pipeline is adequate through week 6, with Reorder Point breach projected in week 7.",3 — MEDIUM,3,"Inventory position remains above Reorder Point during immediate lead time, but declines to 145 units (below Reorder Point of 154 units) in week 7.",REORDER_POINT_BREACH_HORIZON,MEDIUM_CONFIDENCE,Review open purchase order ETAs during weekly inventory planning meeting.,193.0,243.0,3.0,106.0,154.0,41.14141701377706,10.597593171231713,0.021114097491893476,7.0,,,False,False,Policy_B_LT,8,ENGINEERING_RECOMMENDATION_PENDING_BUSINESS_APPROVAL,True
2025-09-16,SKU008,,,,REVIEW_PIPELINE,Review Replenishment Pipeline,"Prepare replenishment purchase order for week 2. Current pipeline is adequate through week 3, with Reorder Point breach projected in week 4.",3 — MEDIUM,3,"Inventory position remains above Reorder Point during immediate lead time, but declines to 408 units (below Reorder Point of 420 units) in week 4.",REORDER_POINT_BREACH_HORIZON,MEDIUM_CONFIDENCE,Review open purchase order ETAs during weekly inventory planning meeting.,759.0,25.0,11.0,157.0,420.0,88.63205558291045,8.845558131804928,0.0,4.0,,,False,False,Policy_B_LT,8,ENGINEERING_RECOMMENDATION_PENDING_BUSINESS_APPROVAL,True
2025-09-16,SKU009,,,,REVIEW_PIPELINE,Review Replenishment Pipeline,"Prepare replenishment purchase order for week 2. Current pipeline is adequate through week 2, with Reorder Point breach projected in week 3.",3 — MEDIUM,3,"Inventory position remains above Reorder Point during immediate lead time, but declines to 21 units (below Reorder Point of 68 units) in week 3.",REORDER_POINT_BREACH_HORIZON,MEDIUM_CONFIDENCE,Review open purchase order ETAs during weekly inventory planning meeting.,129.0,97.0,3.0,38.0,68.0,66.8598608878468,3.3802044604774264,0.0,3.0,4.0,2025-10-14,False,False,Policy_B_LT,8,ENGINEERING_RECOMMENDATION_PENDING_BUSINESS_APPROVAL,True
2025-09-16,SKU011,,,,FREEZE_REPLENISHMENT,Halt Inbound Replenishment,"FREEZE REPLENISHMENT: Severe overstock detected (1251 excess units, 71.6 weeks of cover above safety buffer). Suspend all new purchase orders for 72 weeks. Evaluate immediate promotional markdowns, bundle offers, or stock transfers.",3 — MEDIUM,3,Projected inventory position at horizon h=8 exceeds required safety stock by 1251 units (71.6 surplus weeks of demand). Evaluated against approved 8-week production forecast horizon.,EXCESS_INVENTORY,MEDIUM_CONFIDENCE,Escalate to merchandise planning for promotional markdown or supplier return assessment.,592.0,979.0,14.0,180.0,515.0,17.475780130078483,89.89584375097907,71.59587438422145,,,,False,False,Policy_B_LT,8,ENGINEERING_RECOMMENDATION_PENDING_BUSINESS_APPROVAL,True
2025-09-16,SKU013,,,,REVIEW_PIPELINE,Review Replenishment Pipeline,"Prepare replenishment purchase order for week 3. Current pipeline is adequate through week 3, with Reorder Point breach projected in week 4.",3 — MEDIUM,3,"Inventory position remains above Reorder Point during immediate lead time, but declines to 81 units (below Reorder Point of 133 units) in week 4.",REORDER_POINT_BREACH_HORIZON,MEDIUM_CONFIDENCE,Review open purchase order ETAs during weekly inventory planning meeting.,202.0,226.0,7.0,69.0,133.0,85.46323582846372,5.008001345269139,0.0,4.0,5.0,2025-10-21,False,False,Policy_B_LT,8,ENGINEERING_RECOMMENDATION_PENDING_BUSINESS_APPROVAL,True
2025-09-16,SKU014,,,,REVIEW_PIPELINE,Review Replenishment Pipeline,"Prepare replenishment purchase order for week 2. Current pipeline is adequate through week 2, with Reorder Point breach projected in week 3.",3 — MEDIUM,3,"Inventory position remains above Reorder Point during immediate lead time, but declines to 187 units (below Reorder Point of 230 units) in week 3.",REORDER_POINT_BREACH_HORIZON,MEDIUM_CONFIDENCE,Review open purchase order ETAs during weekly inventory planning meeting.,346.0,269.0,7.0,117.0,230.0,132.05741330376168,4.657065321924502,0.0,3.0,5.0,2025-10-21,False,False,Policy_B_LT,8,ENGINEERING_RECOMMENDATION_PENDING_BUSINESS_APPROVAL,True
2025-09-16,SKU015,,,,REVIEW_PIPELINE,Review Replenishment Pipeline,"Prepare replenishment purchase order for week 5. Current pipeline is adequate through week 5, with Reorder Point breach projected in week 6.",3 — MEDIUM,3,"Inventory position remains above Reorder Point during immediate lead time, but declines to 176 units (below Reorder Point of 182 units) in week 6.",REORDER_POINT_BREACH_HORIZON,MEDIUM_CONFIDENCE,Review open purchase order ETAs during weekly inventory planning meeting.,268.0,69.0,6.0,76.0,182.0,26.333284142430024,12.797492260260926,1.9114109196679572,6.0,,,False,False,Policy_B_LT,8,ENGINEERING_RECOMMENDATION_PENDING_BUSINESS_APPROVAL,True
2025-09-16,SKU016,,,,REVIEW_PIPELINE,Review Replenishment Pipeline,"Prepare replenishment purchase order for week 2. Current pipeline is adequate through week 3, with Reorder Point breach projected in week 4.",3 — MEDIUM,3,"Inventory position remains above Reorder Point during immediate lead time, but declines to 80 units (below Reorder Point of 131 units) in week 4.",REORDER_POINT_BREACH_HORIZON,MEDIUM_CONFIDENCE,Review open purchase order ETAs during weekly inventory planning meeting.,312.0,96.0,9.0,51.0,131.0,82.546853217781,4.942647527987351,0.0,4.0,5.0,2025-10-21,False,False,Policy_B_LT,8,ENGINEERING_RECOMMENDATION_PENDING_BUSINESS_APPROVAL,True
2025-09-16,SKU017,,,,REVIEW_PIPELINE,Review Replenishment Pipeline,"Prepare replenishment purchase order for week 3. Current pipeline is adequate through week 3, with Reorder Point breach projected in week 4.",3 — MEDIUM,3,"Inventory position remains above Reorder Point during immediate lead time, but declines to 128 units (below Reorder Point of 134 units) in week 4.",REORDER_POINT_BREACH_HORIZON,MEDIUM_CONFIDENCE,Review open purchase order ETAs during weekly inventory planning meeting.,239.0,206.0,6.0,71.0,134.0,80.40357597180956,5.53457970769885,0.0,4.0,6.0,2025-10-28,False,False,Policy_B_LT,8,ENGINEERING_RECOMMENDATION_PENDING_BUSINESS_APPROVAL,True
2025-09-16,SKU022,,,,REVIEW_PIPELINE,Review Replenishment Pipeline,"Prepare replenishment purchase order for week 3. Current pipeline is adequate through week 4, with Reorder Point breach projected in week 5.",3 — MEDIUM,3,"Inventory position remains above Reorder Point during immediate lead time, but declines to 103 units (below Reorder Point of 133 units) in week 5.",REORDER_POINT_BREACH_HORIZON,MEDIUM_CONFIDENCE,Review open purchase order ETAs during weekly inventory planning meeting.,332.0,76.0,8.0,43.0,133.0,60.42218903998165,6.752486238623768,0.0,5.0,7.0,2025-11-04,False,False,Policy_B_LT,8,ENGINEERING_RECOMMENDATION_PENDING_BUSINESS_APPROVAL,True
2025-09-16,SKU023,,,,REVIEW_PIPELINE,Review Replenishment Pipeline,"Prepare replenishment purchase order for week 2. Current pipeline is adequate through week 2, with Reorder Point breach projected in week 3.",3 — MEDIUM,3,"Inventory position remains above Reorder Point during immediate lead time, but declines to 78 units (below Reorder Point of 112 units) in week 3.",REORDER_POINT_BREACH_HORIZON,MEDIUM_CONFIDENCE,Review open purchase order ETAs during weekly inventory planning meeting.,276.0,63.0,5.0,67.0,112.0,82.49643924402044,4.109268267897655,0.0,3.0,5.0,2025-10-21,False,False,Policy_B_LT,8,ENGINEERING_RECOMMENDATION_PENDING_BUSINESS_APPROVAL,True
2025-09-16,SKU024,,,,REVIEW_PIPELINE,Review Replenishment Pipeline,"Prepare replenishment purchase order for week 1. Current pipeline is adequate through week 1, with Reorder Point breach projected in week 2.",3 — MEDIUM,3,"Inventory position remains above Reorder Point during immediate lead time, but declines to 12 units (below Reorder Point of 87 units) in week 2.",REORDER_POINT_BREACH_HORIZON,MEDIUM_CONFIDENCE,Review open purchase order ETAs during weekly inventory planning meeting.,75.0,99.0,3.0,46.0,87.0,78.09547615333534,2.228041988736485,0.0,2.0,3.0,2025-10-07,False,False,Policy_B_LT,8,ENGINEERING_RECOMMENDATION_PENDING_BUSINESS_APPROVAL,True
2025-09-16,SKU025,,,,FREEZE_REPLENISHMENT,Halt Inbound Replenishment,"FREEZE REPLENISHMENT: Severe overstock detected (497 excess units, 26.0 weeks of cover above safety buffer). Suspend all new purchase orders for 27 weeks. Evaluate immediate promotional markdowns, bundle offers, or stock transfers.",3 — MEDIUM,3,Projected inventory position at horizon h=8 exceeds required safety stock by 497 units (26.0 surplus weeks of demand). Evaluated against approved 8-week production forecast horizon.,EXCESS_INVENTORY,MEDIUM_CONFIDENCE,Escalate to merchandise planning for promotional markdown or supplier return assessment.,322.0,488.0,4.0,160.0,296.0,19.093930384981068,42.42185781912827,26.042231583251084,,,,False,False,Policy_B_LT,8,ENGINEERING_RECOMMENDATION_PENDING_BUSINESS_APPROVAL,True
2025-09-16,SKU027,,,,REVIEW_PIPELINE,Review Replenishment Pipeline,"Prepare replenishment purchase order for week 1. Current pipeline is adequate through week 1, with Reorder Point breach projected in week 2.",3 — MEDIUM,3,"Inventory position remains above Reorder Point during immediate lead time, but declines to 95 units (below Reorder Point of 206 units) in week 2.",REORDER_POINT_BREACH_HORIZON,MEDIUM_CONFIDENCE,Review open purchase order ETAs during weekly inventory planning meeting.,368.0,36.0,6.0,102.0,206.0,144.01232623634408,2.8053154237435227,0.0,2.0,3.0,2025-10-07,False,False,Policy_B_LT,8,ENGINEERING_RECOMMENDATION_PENDING_BUSINESS_APPROVAL,True
2025-09-16,SKU029,,,,FREEZE_REPLENISHMENT,Halt Inbound Replenishment,"FREEZE REPLENISHMENT: Severe overstock detected (814 excess units, 8.8 weeks of cover above safety buffer). Suspend all new purchase orders for 9 weeks. Evaluate immediate promotional markdowns, bundle offers, or stock transfers.",3 — MEDIUM,3,Projected inventory position at horizon h=8 exceeds required safety stock by 814 units (8.8 surplus weeks of demand). Evaluated against approved 8-week production forecast horizon.,EXCESS_INVENTORY,MEDIUM_CONFIDENCE,Escalate to merchandise planning for promotional markdown or supplier return assessment.,664.0,989.0,14.0,102.0,501.0,92.17611682493335,17.933061805364193,8.826484488880741,,,,False,False,Policy_B_LT,8,ENGINEERING_RECOMMENDATION_PENDING_BUSINESS_APPROVAL,True
2025-09-16,SKU032,,,,REVIEW_PIPELINE,Review Replenishment Pipeline,"Prepare replenishment purchase order for week 3. Current pipeline is adequate through week 3, with Reorder Point breach projected in week 4.",3 — MEDIUM,3,"Inventory position remains above Reorder Point during immediate lead time, but declines to 26 units (below Reorder Point of 75 units) in week 4.",REORDER_POINT_BREACH_HORIZON,MEDIUM_CONFIDENCE,Review open purchase order ETAs during weekly inventory planning meeting.,126.0,113.0,3.0,42.0,75.0,55.4855147615971,4.3074305253705205,0.0,4.0,5.0,2025-10-21,False,False,Policy_B_LT,8,ENGINEERING_RECOMMENDATION_PENDING_BUSINESS_APPROVAL,True
2025-09-16,SKU033,,,,REVIEW_PIPELINE,Review Replenishment Pipeline,"Prepare replenishment purchase order for week 1. Current pipeline is adequate through week 2, with Reorder Point breach projected in week 3.",3 — MEDIUM,3,"Inventory position remains above Reorder Point during immediate lead time, but declines to 126 units (below Reorder Point of 131 units) in week 3.",REORDER_POINT_BREACH_HORIZON,MEDIUM_CONFIDENCE,Review open purchase order ETAs during weekly inventory planning meeting.,371.0,95.0,8.0,40.0,131.0,104.84548171321069,4.4446359765380645,0.0,3.0,5.0,2025-10-21,False,False,Policy_B_LT,8,ENGINEERING_RECOMMENDATION_PENDING_BUSINESS_APPROVAL,True
2025-09-16,SKU035,,,,REVIEW_PIPELINE,Review Replenishment Pipeline,"Prepare replenishment purchase order for week 1. Current pipeline is adequate through week 2, with Reorder Point breach projected in week 3.",3 — MEDIUM,3,"Inventory position remains above Reorder Point during immediate lead time, but declines to 287 units (below Reorder Point of 292 units) in week 3.",REORDER_POINT_BREACH_HORIZON,MEDIUM_CONFIDENCE,Review open purchase order ETAs during weekly inventory planning meeting.,491.0,201.0,8.0,140.0,292.0,121.76608305324335,5.683027511835267,0.0,3.0,6.0,2025-10-28,False,False,Policy_B_LT,8,ENGINEERING_RECOMMENDATION_PENDING_BUSINESS_APPROVAL,True
2025-09-16,SKU036,,,,FREEZE_REPLENISHMENT,Halt Inbound Replenishment,"FREEZE REPLENISHMENT: Severe overstock detected (360 excess units, 10.7 weeks of cover above safety buffer). Suspend all new purchase orders for 11 weeks. Evaluate immediate promotional markdowns, bundle offers, or stock transfers.",3 — MEDIUM,3,Projected inventory position at horizon h=8 exceeds required safety stock by 360 units (10.7 surplus weeks of demand). Evaluated against approved 8-week production forecast horizon.,EXCESS_INVENTORY,MEDIUM_CONFIDENCE,Escalate to merchandise planning for promotional markdown or supplier return assessment.,300.0,447.0,8.0,119.0,261.0,33.54873085804268,22.266117998944235,10.719038960290467,,,,False,False,Policy_B_LT,8,ENGINEERING_RECOMMENDATION_PENDING_BUSINESS_APPROVAL,True
2025-09-16,SKU037,,,,REVIEW_PIPELINE,Review Replenishment Pipeline,"Prepare replenishment purchase order for week 2. Current pipeline is adequate through week 3, with Reorder Point breach projected in week 4.",3 — MEDIUM,3,"Inventory position remains above Reorder Point during immediate lead time, but declines to 757 units (below Reorder Point of 816 units) in week 4.",REORDER_POINT_BREACH_HORIZON,MEDIUM_CONFIDENCE,Review open purchase order ETAs during weekly inventory planning meeting.,1077.0,263.0,14.0,239.0,816.0,144.05767138719784,9.301830212140189,0.0,4.0,,,False,False,Policy_B_LT,8,ENGINEERING_RECOMMENDATION_PENDING_BUSINESS_APPROVAL,True
2025-09-16,SKU038,,,,REVIEW_PIPELINE,Review Replenishment Pipeline,"Prepare replenishment purchase order for week 2. Current pipeline is adequate through week 2, with Reorder Point breach projected in week 3.",3 — MEDIUM,3,"Inventory position remains above Reorder Point during immediate lead time, but declines to 122 units (below Reorder Point of 144 units) in week 3.",REORDER_POINT_BREACH_HORIZON,MEDIUM_CONFIDENCE,Review open purchase order ETAs during weekly inventory planning meeting.,132.0,118.0,7.0,73.0,144.0,43.42182853418319,5.757472875726346,0.0,3.0,6.0,2025-10-28,False,False,Policy_B_LT,8,ENGINEERING_RECOMMENDATION_PENDING_BUSINESS_APPROVAL,True
2025-09-16,SKU041,,,,REVIEW_PIPELINE,Review Replenishment Pipeline,"Prepare replenishment purchase order for week 5. Current pipeline is adequate through week 5, with Reorder Point breach projected in week 6.",3 — MEDIUM,3,"Inventory position remains above Reorder Point during immediate lead time, but declines to 112 units (below Reorder Point of 143 units) in week 6.",REORDER_POINT_BREACH_HORIZON,MEDIUM_CONFIDENCE,Review open purchase order ETAs during weekly inventory planning meeting.,324.0,195.0,3.0,96.0,143.0,70.3431383343625,7.378118353676999,0.0,6.0,8.0,2025-11-11,False,False,Policy_B_LT,8,ENGINEERING_RECOMMENDATION_PENDING_BUSINESS_APPROVAL,True
2025-09-16,SKU043,,,,REVIEW_PIPELINE,Review Replenishment Pipeline,"Prepare replenishment purchase order for week 3. Current pipeline is adequate through week 4, with Reorder Point breach projected in week 5.",3 — MEDIUM,3,"Inventory position remains above Reorder Point during immediate lead time, but declines to 258 units (below Reorder Point of 320 units) in week 5.",REORDER_POINT_BREACH_HORIZON,MEDIUM_CONFIDENCE,Review open purchase order ETAs during weekly inventory planning meeting.,617.0,326.0,12.0,66.0,320.0,131.10650027679392,7.192625827164365,0.0,5.0,8.0,2025-11-11,False,False,Policy_B_LT,8,ENGINEERING_RECOMMENDATION_PENDING_BUSINESS_APPROVAL,True
2025-09-16,SKU044,,,,REVIEW_PIPELINE,Review Replenishment Pipeline,"Prepare replenishment purchase order for week 1. Current pipeline is adequate through week 1, with Reorder Point breach projected in week 2.",3 — MEDIUM,3,"Inventory position remains above Reorder Point during immediate lead time, but declines to 60 units (below Reorder Point of 78 units) in week 2.",REORDER_POINT_BREACH_HORIZON,MEDIUM_CONFIDENCE,Review open purchase order ETAs during weekly inventory planning meeting.,87.0,101.0,6.0,35.0,78.0,60.88105227296779,3.0879886759689787,0.0,2.0,3.0,2025-10-07,False,False,Policy_B_LT,8,ENGINEERING_RECOMMENDATION_PENDING_BUSINESS_APPROVAL,True
2025-09-16,SKU046,,,,REVIEW_PIPELINE,Review Replenishment Pipeline,"Prepare replenishment purchase order for week 3. Current pipeline is adequate through week 3, with Reorder Point breach projected in week 4.",3 — MEDIUM,3,"Inventory position remains above Reorder Point during immediate lead time, but declines to 120 units (below Reorder Point of 122 units) in week 4.",REORDER_POINT_BREACH_HORIZON,MEDIUM_CONFIDENCE,Review open purchase order ETAs during weekly inventory planning meeting.,323.0,23.0,5.0,62.0,122.0,58.1730551139943,5.947770824860204,0.0,4.0,6.0,2025-10-28,False,False,Policy_B_LT,8,ENGINEERING_RECOMMENDATION_PENDING_BUSINESS_APPROVAL,True
2025-09-16,SKU047,,,,REVIEW_PIPELINE,Review Replenishment Pipeline,"Prepare replenishment purchase order for week 1. Current pipeline is adequate through week 1, with Reorder Point breach projected in week 2.",3 — MEDIUM,3,"Inventory position remains above Reorder Point during immediate lead time, but declines to -3 units (below Reorder Point of 49 units) in week 2.",REORDER_POINT_BREACH_HORIZON,MEDIUM_CONFIDENCE,Review open purchase order ETAs during weekly inventory planning meeting.,176.0,21.0,5.0,20.0,49.0,91.88894413618921,2.1438923022994474,0.0,2.0,2.0,2025-09-30,False,False,Policy_B_LT,8,ENGINEERING_RECOMMENDATION_PENDING_BUSINESS_APPROVAL,True
2025-09-16,SKU048,,,,REVIEW_PIPELINE,Review Replenishment Pipeline,"Prepare replenishment purchase order for week 1. Current pipeline is adequate through week 1, with Reorder Point breach projected in week 2.",3 — MEDIUM,3,"Inventory position remains above Reorder Point during immediate lead time, but declines to 19 units (below Reorder Point of 30 units) in week 2.",REORDER_POINT_BREACH_HORIZON,MEDIUM_CONFIDENCE,Review open purchase order ETAs during weekly inventory planning meeting.,99.0,22.0,5.0,15.0,30.0,53.89215215171555,2.245224864269003,0.0,2.0,3.0,2025-10-07,False,False,Policy_B_LT,8,ENGINEERING_RECOMMENDATION_PENDING_BUSINESS_APPROVAL,True
2025-09-16,SKU050,,,,REVIEW_PIPELINE,Review Replenishment Pipeline,"Prepare replenishment purchase order for week 2. Current pipeline is adequate through week 3, with Reorder Point breach projected in week 4.",3 — MEDIUM,3,"Inventory position remains above Reorder Point during immediate lead time, but declines to 325 units (below Reorder Point of 355 units) in week 4.",REORDER_POINT_BREACH_HORIZON,MEDIUM_CONFIDENCE,Review open purchase order ETAs during weekly inventory planning meeting.,405.0,45.0,14.0,113.0,355.0,32.75158173033003,13.739794422913981,2.2895793789378036,4.0,,,False,False,Policy_B_LT,8,ENGINEERING_RECOMMENDATION_PENDING_BUSINESS_APPROVAL,True
2025-09-16,SKU005,,,,FREEZE_REPLENISHMENT,Halt Inbound Replenishment,Elevated stock: pipeline holds 165 units (1.8 weeks) above 8-week horizon target. Defer upcoming order placements.,4 — LOW,4,Projected inventory position at horizon h=8 exceeds required safety stock by 165 units (1.8 surplus weeks of demand). Evaluated against approved 8-week production forecast horizon.,EXCESS_INVENTORY,MEDIUM_CONFIDENCE,Review inventory position at next monthly snapshot.,673.0,340.0,5.0,100.0,198.0,93.5369945842819,10.829939581683183,1.7608438677954052,,,,False,False,Policy_B_LT,8,ENGINEERING_RECOMMENDATION_PENDING_BUSINESS_APPROVAL,True
2025-09-16,SKU020,,,,FREEZE_REPLENISHMENT,Halt Inbound Replenishment,Pause purchase orders for 4 weeks. Total pipeline provides 14.7 weeks of cover (327 units surplus above 8-week horizon).,4 — LOW,4,Projected inventory position at horizon h=8 exceeds required safety stock by 327 units (3.8 surplus weeks of demand). Evaluated against approved 8-week production forecast horizon.,EXCESS_INVENTORY,MEDIUM_CONFIDENCE,Monitor weekly demand consumption and confirm no automated replenishment POs are released.,851.0,406.0,5.0,246.0,413.0,85.4714619372048,14.706663154112281,3.8285095058134573,,,,False,False,Policy_B_LT,8,ENGINEERING_RECOMMENDATION_PENDING_BUSINESS_APPROVAL,True
2025-09-16,SKU028,,,,FREEZE_REPLENISHMENT,Halt Inbound Replenishment,Pause purchase orders for 3 weeks. Total pipeline provides 13.7 weeks of cover (90 units surplus above 8-week horizon).,4 — LOW,4,Projected inventory position at horizon h=8 exceeds required safety stock by 90 units (2.7 surplus weeks of demand). Evaluated against approved 8-week production forecast horizon.,EXCESS_INVENTORY,MEDIUM_CONFIDENCE,Monitor weekly demand consumption and confirm no automated replenishment POs are released.,149.0,313.0,3.0,103.0,159.0,33.6153251351371,13.743731412464761,2.679652764231276,,,,False,False,Policy_B_LT,8,ENGINEERING_RECOMMENDATION_PENDING_BUSINESS_APPROVAL,True
