origin_date,SKU,inventory_data_available,snapshot_date,days_since_snapshot,Current_Stock,On_Order,Lead_Time_Days,Safety_Stock,Reorder_Point,avg_weekly_demand,forecast_cum_8w,ip_h1,ip_h2,ip_h3,ip_h4,ip_h5,ip_h6,ip_h7,ip_h8,sb_h1,sb_h8,weeks_of_cover,days_of_supply,stock_weeks_of_cover,stock_days_of_supply,lead_time_demand,is_stockout_risk,earliest_stockout_week,estimated_stockout_date,is_safety_stock_breach,earliest_ss_breach_week,is_reorder_point_breach,earliest_rp_breach_week,stockout_score,excess_inventory_units,excess_weeks_of_cover,overstock_score,overstock_tier,action_tier,recommendation,excess_inventory_value,inventory_value_at_risk,capital_at_risk,valuation_basis_confirmed,arrival_timing_confirmed,on_order_policy,overstock_threshold_weeks,overstock_threshold_status,Product_Name,Category,Subcategory
2025-03-04,SKU001,True,2025-03-01,3,549.0,571.0,9.0,221.0,544.0,118.55449781601743,948.4359825281394,427.96459883172383,865.9645988317238,742.2906715245949,627.2906715245949,507.42734449822774,387.56401747186055,279.56401747186055,171.56401747186055,427.96459883172383,-399.43598252813945,9.447132083829562,66.12992458680694,4.630781708948597,32.41547196264018,159.0354011682762,False,,,True,8.0,True,1.0,0.0,0.0,0.0,0.0,HEALTHY,REORDER,REORDER: Projected inventory breaches Reorder Point (544 units) in week 1 (within lead time of 9 days). Place PO now.,,,,False,False,Policy_B_LT,8,ENGINEERING_RECOMMENDATION_PENDING_BUSINESS_APPROVAL,Product 001,Furniture,Chair
2025-03-04,SKU002,True,2025-03-01,3,230.0,341.0,10.0,96.0,322.0,95.01893512353124,760.1514809882499,142.0865637505196,384.0865637505196,296.37773959280474,200.37773959280474,102.6131293022774,4.848519011750113,-92.15148098824989,-189.1514809882499,142.0865637505196,-530.1514809882499,6.009328553910441,42.065299877373086,2.420570170576885,16.943991194038198,130.34200767805183,True,7.0,2025-04-22,True,6.0,True,1.0,0.0,0.0,0.0,0.0,HEALTHY,REORDER,REORDER: Projected inventory breaches Reorder Point (322 units) in week 1 (within lead time of 10 days). Place PO now.,,,,False,False,Policy_B_LT,8,ENGINEERING_RECOMMENDATION_PENDING_BUSINESS_APPROVAL,Product 002,Home Decor,Table
2025-03-04,SKU003,True,2025-03-01,3,443.0,138.0,3.0,98.0,136.0,47.20981869406886,377.67854955255086,535.9240619891972,488.9240619891972,441.1132366412968,391.1132366412968,345.21734354437297,299.32145044744914,251.32145044744914,203.32145044744914,397.9240619891972,65.32145044744914,12.306761942150674,86.14733359505472,9.38364120546084,65.68548843822589,19.31825914748691,False,,,False,,False,,0.0,105.32145044744914,2.2309225784144147,0.18127616256015341,HIGH,OVERSTOCK,OVERSTOCK (HIGH): 105 excess units (2.2 weeks of cover above safety buffer). Defer future orders or review promotional clearance.,,,,False,False,Policy_B_LT,8,ENGINEERING_RECOMMENDATION_PENDING_BUSINESS_APPROVAL,Product 003,Kitchen,Cushion
2025-03-04,SKU004,True,2025-03-01,3,376.0,176.0,13.0,114.0,374.0,35.88408417109827,287.0726733687862,340.34999508824507,481.34999508824507,445.19105191197553,407.19105191197553,365.0591892715947,322.9273266312138,293.9273266312138,264.9273266312138,340.34999508824507,88.92732663121382,15.382864374300832,107.68005062010582,10.478182979596218,73.34728085717353,65.65000491175492,False,,,False,,True,1.0,0.0,150.92732663121382,4.205968470912616,0.273419069984083,HIGH,REORDER,REORDER: Projected inventory breaches Reorder Point (374 units) in week 1 (within lead time of 13 days). Place PO now.,,,,False,False,Policy_B_LT,8,ENGINEERING_RECOMMENDATION_PENDING_BUSINESS_APPROVAL,Product 004,Lighting,Cookware
2025-03-04,SKU005,True,2025-03-01,3,320.0,349.0,4.0,183.0,279.0,142.72810820478907,1141.8248656383125,521.8556763538749,370.85567635387486,226.21822518199986,83.21822518199986,-63.803320228156394,-210.82486563831264,-341.82486563831264,-472.82486563831253,172.85567635387488,-821.8248656383125,4.687233709004997,32.810635963034976,2.242025092498653,15.694175647490571,84.08247065492863,True,5.0,2025-04-08,True,4.0,True,3.0,0.0,0.0,0.0,0.0,HEALTHY,MONITOR,MONITOR: Reorder Point breach projected in week 3. Review replenishment pipeline.,,,,False,False,Policy_B_LT,8,ENGINEERING_RECOMMENDATION_PENDING_BUSINESS_APPROVAL,Product 005,Storage,Lamp
2025-03-04,SKU006,True,2025-03-01,3,255.0,628.0,13.0,111.0,346.0,56.703028980671746,453.62423184537397,196.36702868319045,771.3670286831905,710.2780890164424,655.2780890164424,595.3269285855342,535.375768154626,482.37576815462603,429.37576815462603,196.36702868319045,-198.62423184537397,15.572360346058172,109.0065224224072,4.497114256222915,31.479799793560403,104.06154274538098,False,,,False,,True,1.0,0.0,318.37576815462603,5.614792963937608,0.36056145883876106,HIGH,REORDER,REORDER: Projected inventory breaches Reorder Point (346 units) in week 1 (within lead time of 13 days). Place PO now.,,,,False,False,Policy_B_LT,8,ENGINEERING_RECOMMENDATION_PENDING_BUSINESS_APPROVAL,Product 006,Furniture,Shelf
2025-03-04,SKU007,True,2025-03-01,3,167.0,363.0,5.0,141.0,237.0,200.10758450636243,1600.8606760508994,321.35462546277245,111.35462546277245,-89.68611550402443,-303.68611550402443,-497.27339577746193,-690.8606760508994,-880.8606760508994,-1070.8606760508994,-41.64537453722755,-1433.8606760508994,2.6485752716841606,18.540026901789126,0.8345510761721789,5.8418575332052525,149.03241038373397,True,3.0,2025-03-25,True,2.0,True,2.0,0.0,0.0,0.0,0.0,HEALTHY,MONITOR,MONITOR: Reorder Point breach projected in week 2. Review replenishment pipeline.,,,,False,False,Policy_B_LT,8,ENGINEERING_RECOMMENDATION_PENDING_BUSINESS_APPROVAL,Product 007,Home Decor,Cabinet
2025-03-04,SKU008,True,2025-03-01,3,694.0,59.0,4.0,184.0,290.0,132.79820814708464,1062.385665176677,614.4703681485182,466.4703681485182,333.30682444734634,194.30682444734634,72.46057963533462,-49.385665176677094,-179.3856651766771,-309.3856651766771,555.4703681485182,-368.3856651766771,5.670257230925829,39.691800616480805,5.225974127838679,36.58181889487075,79.15978962941817,True,6.0,2025-04-15,True,5.0,True,4.0,0.0,0.0,0.0,0.0,HEALTHY,MONITOR,MONITOR: Reorder Point breach projected in week 4. Review replenishment pipeline.,,,,False,False,Policy_B_LT,8,ENGINEERING_RECOMMENDATION_PENDING_BUSINESS_APPROVAL,Product 008,Kitchen,Rug
2025-03-04,SKU009,True,2025-03-01,3,333.0,87.0,3.0,51.0,89.0,93.41289064251258,747.3031251401006,331.2612822085322,238.2612822085322,147.19660020169624,57.19660020169624,-44.053262469202195,-145.30312514010063,-236.30312514010063,-327.30312514010063,244.2612822085322,-414.30312514010063,4.496167468013845,31.473172276096918,3.5648184924966917,24.953729447476842,38.030879053486196,True,5.0,2025-04-08,True,5.0,True,4.0,0.0,0.0,0.0,0.0,HEALTHY,MONITOR,MONITOR: Reorder Point breach projected in week 4. Review replenishment pipeline.,,,,False,False,Policy_B_LT,8,ENGINEERING_RECOMMENDATION_PENDING_BUSINESS_APPROVAL,Product 009,Lighting,Organizer
2025-03-04,SKU010,True,2025-03-01,3,43.0,6.0,12.0,10.0,46.0,150.4100465450145,1203.280372360116,-102.43558476245974,-237.4355847624597,-381.14072392261596,-518.140723922616,-667.210548141366,-816.280372360116,-985.280372360116,-1154.280372360116,-102.43558476245974,-1160.280372360116,0.325776110875249,2.280432776126743,0.28588515852317764,2.0011961096622435,246.14987047674543,True,1.0,2025-03-11,True,1.0,True,1.0,0.8170589156763729,0.0,0.0,0.0,HEALTHY,CRITICAL REORDER,CRITICAL REORDER: Stockout projected in week 1 (within lead time of 12 days). Expedite replenishment immediately.,,,,False,False,Policy_B_LT,8,ENGINEERING_RECOMMENDATION_PENDING_BUSINESS_APPROVAL,Product 010,Storage,Sofa
2025-03-04,SKU011,True,2025-03-01,3,610.0,289.0,11.0,160.0,456.0,20.435059714736838,163.4804777178947,590.5694890942391,854.5694890942391,835.0023675885018,811.0023675885018,787.2609449353035,763.5195222821053,749.5195222821053,735.5195222821053,590.5694890942391,446.5195222821053,43.993020453553264,307.95114317487287,29.85065903967463,208.9546132777224,33.71622519147519,False,,,False,,False,,0.0,575.5195222821053,28.163339393966474,0.6401774441402729,CRITICAL,OVERSTOCK,OVERSTOCK (CRITICAL): 576 excess units (28.2 weeks of cover above safety buffer). Defer future orders or review promotional clearance.,,,,False,False,Policy_B_LT,8,ENGINEERING_RECOMMENDATION_PENDING_BUSINESS_APPROVAL,Product 011,Furniture,Chair
2025-03-04,SKU012,True,2025-03-01,3,59.0,57.0,13.0,25.0,77.0,212.93535269949754,1703.4828215959803,-152.07846368582415,-298.07846368582415,-505.8468963030116,-709.8468963030116,-907.664858949496,-1105.4828215959803,-1346.4828215959803,-1587.4828215959803,-152.07846368582415,-1644.4828215959803,0.5447662801381018,3.8133639609667127,0.27707940110472423,1.9395558077330697,385.07846368582415,True,1.0,2025-03-11,True,1.0,True,1.0,0.7241060239775572,0.0,0.0,0.0,HEALTHY,CRITICAL REORDER,CRITICAL REORDER: Stockout projected in week 1 (within lead time of 13 days). Expedite replenishment immediately.,,,,False,False,Policy_B_LT,8,ENGINEERING_RECOMMENDATION_PENDING_BUSINESS_APPROVAL,Product 012,Home Decor,Table
2025-03-04,SKU013,True,2025-03-01,3,83.0,75.0,8.0,41.0,128.0,121.20661080561955,969.6528864449564,-32.769303376108724,-101.76930337610872,-224.92424874964388,-359.9242487496439,-471.78856759730013,-583.6528864449564,-697.6528864449564,-811.6528864449564,-32.769303376108724,-886.6528864449564,1.3035592609167699,9.124914826417388,0.6847811307347589,4.793467915143312,136.34073194753728,True,1.0,2025-03-11,True,1.0,True,1.0,0.11988424812451604,0.0,0.0,0.0,HEALTHY,CRITICAL REORDER,CRITICAL REORDER: Stockout projected in week 1 (within lead time of 8 days). Expedite replenishment immediately.,,,,False,False,Policy_B_LT,8,ENGINEERING_RECOMMENDATION_PENDING_BUSINESS_APPROVAL,Product 013,Kitchen,Cushion
2025-03-04,SKU014,True,2025-03-01,3,650.0,677.0,14.0,93.0,371.0,187.64048030479512,1501.123842438361,468.17100314269373,955.1710031426937,775.6216714776547,572.6216714776547,387.24891451964686,201.87615756163905,13.876157561639047,-174.12384243836095,468.17100314269373,-851.123842438361,7.072034764803833,49.50424335362683,3.464071286452518,24.248499005167623,371.82899685730627,True,8.0,2025-04-29,True,7.0,True,6.0,0.0,0.0,0.0,0.0,HEALTHY,MONITOR,MONITOR: Reorder Point breach projected in week 6. Review replenishment pipeline.,,,,False,False,Policy_B_LT,8,ENGINEERING_RECOMMENDATION_PENDING_BUSINESS_APPROVAL,Product 014,Lighting,Cookware
2025-03-04,SKU015,True,2025-03-01,3,403.0,396.0,9.0,126.0,298.0,36.84021949581758,294.7217559665406,370.67891694605703,728.678916946057,695.0804519802367,652.0804519802367,612.179348006848,572.2782440334594,538.2782440334594,504.2782440334594,370.67891694605703,108.27824403345937,21.688252972833386,151.8177708098337,10.939131349251381,76.57391944475967,43.17822591108581,False,,,False,,False,,0.0,378.2782440334594,10.268077910784566,0.4734396045475086,CRITICAL,OVERSTOCK,OVERSTOCK (CRITICAL): 378 excess units (10.3 weeks of cover above safety buffer). Defer future orders or review promotional clearance.,,,,False,False,Policy_B_LT,8,ENGINEERING_RECOMMENDATION_PENDING_BUSINESS_APPROVAL,Product 015,Storage,Lamp
2025-03-04,SKU016,True,2025-03-01,3,124.0,104.0,13.0,65.0,217.0,112.62160220870187,900.972817669615,8.273009051576409,-22.726990948423577,-139.33406950066967,-255.33406950066967,-366.1534435851423,-476.972817669615,-574.972817669615,-672.972817669615,8.273009051576409,-776.972817669615,2.0244783907219466,14.171348735053627,1.1010321072347429,7.7072247506432,231.4412766627093,True,2.0,2025-03-18,True,1.0,True,1.0,0.16835186089049337,0.0,0.0,0.0,HEALTHY,CRITICAL REORDER,CRITICAL REORDER: Stockout projected in week 2 (within lead time of 13 days). Expedite replenishment immediately.,,,,False,False,Policy_B_LT,8,ENGINEERING_RECOMMENDATION_PENDING_BUSINESS_APPROVAL,Product 016,Furniture,Shelf
2025-03-04,SKU017,True,2025-03-01,3,247.0,48.0,9.0,96.0,220.0,113.51730807676626,908.13846461413,133.347504929327,65.34750492932699,-47.20632044909098,-155.20632044909098,-269.1723925316105,-383.13846461413004,-498.13846461413004,-613.13846461413,133.347504929327,-661.13846461413,2.598722652941222,18.191058570588552,2.1758796450050233,15.231157515035163,146.79535221353018,True,3.0,2025-03-25,True,2.0,True,1.0,0.0,0.0,0.0,0.0,HEALTHY,REORDER,REORDER: Projected inventory breaches Reorder Point (220 units) in week 1 (within lead time of 9 days). Place PO now.,,,,False,False,Policy_B_LT,8,ENGINEERING_RECOMMENDATION_PENDING_BUSINESS_APPROVAL,Product 017,Home Decor,Cabinet
2025-03-04,SKU018,True,2025-03-01,3,586.0,251.0,5.0,76.0,166.0,211.8160038827344,1694.5280310618753,621.4364617359763,396.43646173597625,181.13163690687475,-41.868363093125254,-236.69819707750025,-431.52803106187525,-644.5280310618753,-857.5280310618753,370.43646173597625,-1108.5280310618753,3.9515427760755037,27.660799432528528,2.766552051111404,19.365864357779827,153.9739559028741,True,4.0,2025-04-01,True,4.0,True,4.0,0.0,0.0,0.0,0.0,HEALTHY,MONITOR,MONITOR: Reorder Point breach projected in week 4. Review replenishment pipeline.,,,,False,False,Policy_B_LT,8,ENGINEERING_RECOMMENDATION_PENDING_BUSINESS_APPROVAL,Product 018,Kitchen,Rug
2025-03-04,SKU019,True,2025-03-01,3,299.0,88.0,6.0,29.0,80.0,136.65364955618145,1093.2291964494516,245.35077486402486,110.35077486402486,-27.024667640857956,-169.02466764085796,-301.62693204515483,-434.2291964494517,-570.2291964494517,-706.2291964494516,157.35077486402486,-794.2291964494516,2.831977054816201,19.82383938371341,2.1880132800776333,15.316092960543433,121.41362154512154,True,3.0,2025-03-25,True,3.0,True,3.0,0.0,0.0,0.0,0.0,HEALTHY,MONITOR,MONITOR: Reorder Point breach projected in week 3. Review replenishment pipeline.,,,,False,False,Policy_B_LT,8,ENGINEERING_RECOMMENDATION_PENDING_BUSINESS_APPROVAL,Product 019,Lighting,Organizer
2025-03-04,SKU020,True,2025-03-01,3,487.0,36.0,3.0,153.0,274.0,110.93329667872182,887.4663734297745,411.9333458085067,294.9333458085067,185.7972068924911,67.79720689249109,-43.33458326864172,-154.46637342977453,-259.46637342977453,-364.46637342977453,375.9333458085067,-400.46637342977453,4.7145448270115,33.0018137890805,4.3900254890145325,30.730178423101727,47.599994653497106,True,5.0,2025-04-08,True,4.0,True,3.0,0.0,0.0,0.0,0.0,HEALTHY,MONITOR,MONITOR: Reorder Point breach projected in week 3. Review replenishment pipeline.,,,,False,False,Policy_B_LT,8,ENGINEERING_RECOMMENDATION_PENDING_BUSINESS_APPROVAL,Product 020,Storage,Sofa
2025-03-04,SKU021,True,2025-03-01,3,131.0,179.0,8.0,42.0,95.0,69.54949326075739,556.3959460860591,59.9010815018315,163.9010815018315,91.558674275269,28.558674275269027,-48.918635905395035,-126.3959460860591,-186.3959460860591,-246.3959460860591,59.9010815018315,-425.3959460860591,4.457257493418926,31.200802453932486,1.8835507472189656,13.18485523053276,81.81320421245421,True,5.0,2025-04-08,True,4.0,True,1.0,0.0,0.0,0.0,0.0,HEALTHY,REORDER,REORDER: Projected inventory breaches Reorder Point (95 units) in week 1 (within lead time of 8 days). Place PO now.,,,,False,False,Policy_B_LT,8,ENGINEERING_RECOMMENDATION_PENDING_BUSINESS_APPROVAL,Product 021,Furniture,Chair
2025-03-04,SKU022,True,2025-03-01,3,289.0,297.0,9.0,92.0,212.0,90.48291458769435,723.8633167015548,200.82433588633586,400.82433588633586,311.2354839576249,233.23548395762492,136.68608362803508,40.13668329844518,-48.86331670155482,-137.86331670155482,200.82433588633586,-434.8633167015548,6.476360787782314,45.3345255144762,3.1939731530189226,22.357812071132457,115.88994982794986,True,7.0,2025-04-22,True,6.0,True,1.0,0.0,0.0,0.0,0.0,HEALTHY,REORDER,REORDER: Projected inventory breaches Reorder Point (212 units) in week 1 (within lead time of 9 days). Place PO now.,,,,False,False,Policy_B_LT,8,ENGINEERING_RECOMMENDATION_PENDING_BUSINESS_APPROVAL,Product 022,Home Decor,Table
2025-03-04,SKU023,True,2025-03-01,3,130.0,3.0,7.0,82.0,157.0,120.45771081386509,963.6616865109207,10.648791699528502,-121.35120830047151,-239.5476423214676,-338.5476423214676,-463.60466441619417,-588.6616865109207,-709.6616865109207,-830.6616865109207,7.648791699528502,-833.6616865109207,1.1041219287781057,7.728853501446739,1.0792169228658175,7.554518460060723,122.3512083004715,True,2.0,2025-03-18,True,1.0,True,1.0,0.34307268680777925,0.0,0.0,0.0,HEALTHY,REORDER,REORDER: Projected inventory breaches Reorder Point (157 units) in week 1 (within lead time of 7 days). Place PO now.,,,,False,False,Policy_B_LT,8,ENGINEERING_RECOMMENDATION_PENDING_BUSINESS_APPROVAL,Product 023,Kitchen,Cushion
2025-03-04,SKU024,True,2025-03-01,3,310.0,427.0,13.0,81.0,287.0,112.1559102141109,897.2472817128872,203.43999703467136,514.4399970346714,408.0151542001987,301.0151542001987,191.38393624365574,81.75271828711277,-39.24728171288723,-160.24728171288723,203.43999703467136,-587.2472817128872,6.571209654426881,45.99846758098817,2.764009488293532,19.348066418054724,205.98857439390005,True,7.0,2025-04-22,True,7.0,True,1.0,0.0,0.0,0.0,0.0,HEALTHY,REORDER,REORDER: Projected inventory breaches Reorder Point (287 units) in week 1 (within lead time of 13 days). Place PO now.,,,,False,False,Policy_B_LT,8,ENGINEERING_RECOMMENDATION_PENDING_BUSINESS_APPROVAL,Product 024,Lighting,Cookware
2025-03-04,SKU025,True,2025-03-01,3,298.0,870.0,6.0,225.0,463.0,25.47109009506483,203.76872076051865,1149.3009012792763,1129.3009012792763,1105.6985796545205,1078.6985796545205,1053.464929447001,1028.2312792394814,996.2312792394814,964.2312792394814,279.3009012792763,94.23127923948135,45.855909411050554,320.99136587735387,11.699538531244063,81.89676971870844,16.027798903477468,False,,,False,,False,,0.0,739.2312792394814,29.022365217997155,0.632903492499556,CRITICAL,OVERSTOCK,OVERSTOCK (CRITICAL): 739 excess units (29.0 weeks of cover above safety buffer). Defer future orders or review promotional clearance.,,,,False,False,Policy_B_LT,8,ENGINEERING_RECOMMENDATION_PENDING_BUSINESS_APPROVAL,Product 025,Storage,Lamp
2025-03-04,SKU026,True,2025-03-01,3,40.0,20.0,10.0,38.0,101.0,185.28531948993586,1482.2825559194869,-141.18120704253374,-333.18120704253374,-514.0353330190962,-724.0353330190962,-905.1589444692916,-1086.2825559194869,-1254.2825559194869,-1422.2825559194869,-141.18120704253374,-1442.2825559194869,0.3238248997015601,2.2667742979109207,0.21588326646770675,1.5111828652739472,272.03834989967663,True,1.0,2025-03-11,True,1.0,True,1.0,0.8017795659411179,0.0,0.0,0.0,HEALTHY,CRITICAL REORDER,CRITICAL REORDER: Stockout projected in week 1 (within lead time of 10 days). Expedite replenishment immediately.,,,,False,False,Policy_B_LT,8,ENGINEERING_RECOMMENDATION_PENDING_BUSINESS_APPROVAL,Product 026,Furniture,Shelf
2025-03-04,SKU027,True,2025-03-01,3,232.0,96.0,7.0,79.0,220.0,199.47091758928067,1595.7673407142454,120.27259153673117,-96.72740846326883,-291.206214005261,-483.206214005261,-677.4867773597532,-871.7673407142454,-1069.7673407142454,-1267.7673407142454,24.27259153673117,-1363.7673407142454,1.6443499832660635,11.510449882862444,1.1630768174320936,8.141537722024655,207.72740846326883,True,2.0,2025-03-18,True,2.0,True,1.0,0.0,0.0,0.0,0.0,HEALTHY,REORDER,REORDER: Projected inventory breaches Reorder Point (220 units) in week 1 (within lead time of 7 days). Place PO now.,,,,False,False,Policy_B_LT,8,ENGINEERING_RECOMMENDATION_PENDING_BUSINESS_APPROVAL,Product 027,Home Decor,Cabinet
2025-03-04,SKU028,True,2025-03-01,3,162.0,596.0,10.0,167.0,407.0,49.54032015644091,396.3225612515273,115.58494378387311,666.5849437838731,619.136499417418,571.136499417418,518.4069690829454,465.6774387484727,413.6774387484727,361.6774387484727,115.58494378387311,-234.3225612515273,15.300668175061233,107.10467722542863,3.270063646912823,22.89044552838976,65.70077050184116,False,,,True,1.0,True,1.0,0.0,194.6774387484727,3.9296766378115944,0.2568303941272727,HIGH,REORDER,REORDER: Projected inventory breaches Reorder Point (407 units) in week 1 (within lead time of 10 days). Place PO now.,,,,False,False,Policy_B_LT,8,ENGINEERING_RECOMMENDATION_PENDING_BUSINESS_APPROVAL,Product 028,Kitchen,Rug
2025-03-04,SKU029,True,2025-03-01,3,533.0,427.0,4.0,113.0,240.0,130.77761160068587,1046.220892805487,828.3883982711733,689.3883982711733,562.5631648117006,421.56316481170063,287.6711360031069,153.77910719451313,33.77910719451313,-86.22089280548698,401.3883982711733,-513.220892805487,7.340706014201021,51.38494209940715,4.075621151634525,28.529348061441677,75.20662955932956,True,8.0,2025-04-29,True,7.0,True,6.0,0.0,0.0,0.0,0.0,HEALTHY,MONITOR,MONITOR: Reorder Point breach projected in week 6. Review replenishment pipeline.,,,,False,False,Policy_B_LT,8,ENGINEERING_RECOMMENDATION_PENDING_BUSINESS_APPROVAL,Product 029,Lighting,Organizer
2025-03-04,SKU030,True,2025-03-01,3,79.0,80.0,12.0,29.0,123.0,40.59308830307708,324.74470642461665,41.32018157587166,81.32018157587166,39.94940063104744,-2.050599368952561,-44.89765289678459,-87.74470642461662,-126.74470642461665,-165.74470642461665,41.32018157587166,-245.74470642461665,3.9169229700600856,27.4184607904206,1.9461441171996652,13.623008820397656,66.25124699555691,True,4.0,2025-04-01,True,4.0,True,1.0,0.0,0.0,0.0,0.0,HEALTHY,REORDER,REORDER: Projected inventory breaches Reorder Point (123 units) in week 1 (within lead time of 12 days). Place PO now.,,,,False,False,Policy_B_LT,8,ENGINEERING_RECOMMENDATION_PENDING_BUSINESS_APPROVAL,Product 030,Storage,Sofa
2025-03-04,SKU031,True,2025-03-01,3,203.0,19.0,8.0,26.0,88.0,158.0299362297551,1264.2394898380408,40.33300466879518,-109.66699533120482,-267.65669564858763,-421.65669564858763,-575.9480927433142,-730.2394898380408,-886.2394898380408,-1042.2394898380408,40.33300466879518,-1061.2394898380408,1.4047971244969732,9.833579871478813,1.284566739967953,8.99196717977567,186.80985247406196,True,2.0,2025-03-18,True,2.0,True,1.0,0.0,0.0,0.0,0.0,HEALTHY,CRITICAL REORDER,CRITICAL REORDER: Stockout projected in week 2 (within lead time of 8 days). Expedite replenishment immediately.,,,,False,False,Policy_B_LT,8,ENGINEERING_RECOMMENDATION_PENDING_BUSINESS_APPROVAL,Product 031,Furniture,Chair
2025-03-04,SKU032,True,2025-03-01,3,339.0,138.0,12.0,81.0,236.0,77.94869436124546,623.5895548899637,264.46246995134493,327.46246995134493,250.61260880632543,167.6126088063254,85.51152695818087,3.410445110036335,-71.58955488996367,-146.58955488996367,264.46246995134493,-284.58955488996367,6.119409746485182,42.835868225396275,4.3490144739171415,30.44310131741999,128.1089586200836,True,7.0,2025-04-22,True,6.0,True,4.0,0.0,0.0,0.0,0.0,HEALTHY,MONITOR,MONITOR: Reorder Point breach projected in week 4. Review replenishment pipeline.,,,,False,False,Policy_B_LT,8,ENGINEERING_RECOMMENDATION_PENDING_BUSINESS_APPROVAL,Product 032,Home Decor,Table
2025-03-04,SKU033,True,2025-03-01,3,209.0,20.0,14.0,92.0,267.0,153.9076173145948,1231.2609385167584,63.61435140023377,-75.38564859976623,-218.6803415929303,-375.6803415929303,-523.9706400548444,-672.2609385167584,-837.2609385167584,-1002.2609385167584,63.61435140023377,-1022.2609385167584,1.4879055630619804,10.415338941433863,1.3579574789517639,9.505702352662347,304.3856485997662,True,2.0,2025-03-18,True,1.0,True,1.0,0.4272354323556804,0.0,0.0,0.0,HEALTHY,CRITICAL REORDER,CRITICAL REORDER: Stockout projected in week 2 (within lead time of 14 days). Expedite replenishment immediately.,,,,False,False,Policy_B_LT,8,ENGINEERING_RECOMMENDATION_PENDING_BUSINESS_APPROVAL,Product 033,Kitchen,Cushion
2025-03-04,SKU034,True,2025-03-01,3,174.0,4.0,4.0,37.0,62.0,171.62510594041987,1373.000847523359,7.990317637773984,-158.00968236222604,-326.29061192765573,-497.29061192765573,-676.1457297255073,-855.000847523359,-1025.000847523359,-1195.000847523359,3.990317637773984,-1199.000847523359,1.0371442978849097,7.260010085194368,1.0138376844492938,7.096863791145056,97.148389921272,True,2.0,2025-03-18,True,1.0,True,1.0,0.0,0.0,0.0,0.0,HEALTHY,REORDER,REORDER: Projected inventory breaches Reorder Point (62 units) in week 1 (within lead time of 4 days). Place PO now.,,,,False,False,Policy_B_LT,8,ENGINEERING_RECOMMENDATION_PENDING_BUSINESS_APPROVAL,Product 034,Lighting,Cookware
2025-03-04,SKU035,True,2025-03-01,3,495.0,388.0,9.0,128.0,330.0,178.82683881763546,1430.6147105410837,319.34007766692423,527.3400776669242,354.8138478085258,163.8138478085258,-18.900431366278895,-201.6147105410837,-374.6147105410837,-547.6147105410837,319.34007766692423,-935.6147105410837,4.937737566901063,34.56416296830744,2.768040878387346,19.376286148711422,227.0884937616472,True,5.0,2025-04-08,True,5.0,True,1.0,0.0,0.0,0.0,0.0,HEALTHY,REORDER,REORDER: Projected inventory breaches Reorder Point (330 units) in week 1 (within lead time of 9 days). Place PO now.,,,,False,False,Policy_B_LT,8,ENGINEERING_RECOMMENDATION_PENDING_BUSINESS_APPROVAL,Product 035,Storage,Lamp
2025-03-04,SKU036,True,2025-03-01,3,472.0,56.0,13.0,113.0,419.0,39.67167319684055,317.3733855747244,437.9801949001291,464.9801949001291,430.8807114101389,381.8807114101389,341.25366291770723,300.6266144252756,255.6266144252756,210.6266144252756,437.9801949001291,154.6266144252756,13.30924454283037,93.1647117998126,11.897658000408969,83.28360600286278,58.87694795701374,False,,,False,,True,4.0,0.0,97.62661442527559,2.4608645554443256,0.18489889095696135,HIGH,MONITOR,MONITOR: Reorder Point breach projected in week 4. Review replenishment pipeline.,,,,False,False,Policy_B_LT,8,ENGINEERING_RECOMMENDATION_PENDING_BUSINESS_APPROVAL,Product 036,Furniture,Shelf
2025-03-04,SKU037,True,2025-03-01,3,1199.0,1019.0,6.0,333.0,645.0,202.8370450301246,1622.696360240997,2006.453496326386,1782.453496326386,1575.0232442511906,1374.0232442511906,1182.6634420050968,991.3036397590031,793.3036397590031,595.3036397590031,987.4534963263859,-423.6963602409969,10.934886177574667,76.54420324302266,5.911149020248884,41.37804314174219,181.3255745773835,False,,,False,,True,8.0,0.0,262.3036397590031,1.2931742311669288,0.11826133442696261,MONITOR,MONITOR,MONITOR: Reorder Point breach projected in week 8. Review replenishment pipeline.,,,,False,False,Policy_B_LT,8,ENGINEERING_RECOMMENDATION_PENDING_BUSINESS_APPROVAL,Product 037,Home Decor,Cabinet
2025-03-04,SKU038,True,2025-03-01,3,290.0,202.0,11.0,45.0,170.0,64.37935008169414,515.0348006535531,227.68527304639804,358.68527304639804,295.09633337965,224.09633337965,160.53076636304843,96.96519934644687,36.965199346446866,-23.034800653553134,227.68527304639804,-225.03480065355313,7.64220203179555,53.495414222568854,4.504549978090873,31.531849846636113,102.88615552503052,True,8.0,2025-04-29,True,7.0,True,5.0,0.0,0.0,0.0,0.0,HEALTHY,MONITOR,MONITOR: Reorder Point breach projected in week 5. Review replenishment pipeline.,,,,False,False,Policy_B_LT,8,ENGINEERING_RECOMMENDATION_PENDING_BUSINESS_APPROVAL,Product 038,Kitchen,Rug
2025-03-04,SKU039,True,2025-03-01,3,154.0,181.0,13.0,32.0,107.0,28.75542693954838,230.04341551638703,123.90245965145965,273.90245965145965,242.62813904904266,214.62813904904266,184.79236176632782,154.95658448361297,129.95658448361297,104.95658448361297,123.90245965145965,-76.04341551638703,11.649974827508556,81.54982379255989,5.355510816227814,37.4885757135947,56.66896891996892,False,,,False,,True,8.0,0.0,72.95658448361297,2.5371414111495296,0.21778084920481483,HIGH,MONITOR,MONITOR: Reorder Point breach projected in week 8. Review replenishment pipeline.,,,,False,False,Policy_B_LT,8,ENGINEERING_RECOMMENDATION_PENDING_BUSINESS_APPROVAL,Product 039,Lighting,Organizer
2025-03-04,SKU040,True,2025-03-01,3,64.0,146.0,13.0,24.0,103.0,143.01164074595619,1144.0931259676495,-73.01721349206346,-69.01721349206343,-199.55449071374312,-372.5544907137431,-506.32380834069625,-640.0931259676494,-787.0931259676494,-934.0931259676495,-73.01721349206346,-1080.0931259676495,1.4684119341938113,10.278883539356679,0.44751601804001867,3.1326121262801307,258.7314992063492,True,1.0,2025-03-11,True,1.0,True,1.0,0.27484446845938726,0.0,0.0,0.0,HEALTHY,CRITICAL REORDER,CRITICAL REORDER: Stockout projected in week 1 (within lead time of 13 days). Expedite replenishment immediately.,,,,False,False,Policy_B_LT,8,ENGINEERING_RECOMMENDATION_PENDING_BUSINESS_APPROVAL,Product 040,Storage,Sofa
2025-03-04,SKU041,True,2025-03-01,3,110.0,436.0,11.0,80.0,278.0,106.87922380494938,855.033790439595,14.173187404643272,347.1731874046433,252.2376481590378,143.2376481590378,36.1019288597214,-71.03379043959501,-190.033790439595,-309.033790439595,14.173187404643272,-745.033790439595,5.108570034120286,35.75999023884201,1.0291990911231348,7.204393637861943,154.6839554524996,True,6.0,2025-04-15,True,1.0,True,1.0,0.0,0.0,0.0,0.0,HEALTHY,REORDER,REORDER: Projected inventory breaches Reorder Point (278 units) in week 1 (within lead time of 11 days). Place PO now.,,,,False,False,Policy_B_LT,8,ENGINEERING_RECOMMENDATION_PENDING_BUSINESS_APPROVAL,Product 041,Furniture,Chair
2025-03-04,SKU042,True,2025-03-01,3,215.0,42.0,3.0,61.0,86.0,185.11275127153596,1480.9020101722876,84.24705293806386,-94.75294706193614,-270.40823575822515,-456.40823575822515,-640.1551229652564,-823.9020101722876,-1023.9020101722876,-1223.9020101722876,42.24705293806386,-1265.9020101722876,1.3883430408476558,9.718401285933592,1.1614542948725526,8.130180064107869,74.03697731225834,True,2.0,2025-03-18,True,2.0,True,1.0,0.0,0.0,0.0,0.0,HEALTHY,REORDER,REORDER: Projected inventory breaches Reorder Point (86 units) in week 1 (within lead time of 3 days). Place PO now.,,,,False,False,Policy_B_LT,8,ENGINEERING_RECOMMENDATION_PENDING_BUSINESS_APPROVAL,Product 042,Home Decor,Table
2025-03-04,SKU043,True,2025-03-01,3,428.0,7.0,8.0,80.0,281.0,176.92678290500677,1415.4142632400542,251.48492194060992,88.48492194060992,-85.19261407013232,-257.1926140701323,-443.80343865509326,-630.4142632400542,-805.4142632400542,-980.4142632400542,251.48492194060992,-987.4142632400542,2.458644151312888,17.210509059190215,2.4190797626710716,16.9335583386975,200.80079234510436,True,3.0,2025-03-25,True,3.0,True,1.0,0.0,0.0,0.0,0.0,HEALTHY,REORDER,REORDER: Projected inventory breaches Reorder Point (281 units) in week 1 (within lead time of 8 days). Place PO now.,,,,False,False,Policy_B_LT,8,ENGINEERING_RECOMMENDATION_PENDING_BUSINESS_APPROVAL,Product 043,Kitchen,Cushion
2025-03-04,SKU044,True,2025-03-01,3,170.0,125.0,8.0,47.0,119.0,87.55282905714365,700.4226324571492,86.22080778943278,122.2208077894328,31.12309813367108,-50.87690186632892,-143.14976716173908,-235.42263245714923,-320.42263245714923,-405.42263245714923,86.22080778943278,-530.4226324571492,3.3693942637474397,23.58575984623208,1.9416848299561518,13.591793809693062,96.49347792485293,True,4.0,2025-04-01,True,3.0,True,1.0,0.0,0.0,0.0,0.0,HEALTHY,REORDER,REORDER: Projected inventory breaches Reorder Point (119 units) in week 1 (within lead time of 8 days). Place PO now.,,,,False,False,Policy_B_LT,8,ENGINEERING_RECOMMENDATION_PENDING_BUSINESS_APPROVAL,Product 044,Lighting,Cookware
2025-03-04,SKU045,True,2025-03-01,3,376.0,215.0,9.0,87.0,241.0,210.12335463909812,1680.986837112785,160.79903630030086,171.79903630030083,-50.54555293309761,-277.5455529330976,-469.76619502294125,-661.986837112785,-875.986837112785,-1089.986837112785,160.79903630030086,-1304.986837112785,2.812633564770012,19.688434953390086,1.7894250767403121,12.525975537182186,273.48667798541345,True,3.0,2025-03-25,True,3.0,True,1.0,0.0,0.0,0.0,0.0,HEALTHY,REORDER,REORDER: Projected inventory breaches Reorder Point (241 units) in week 1 (within lead time of 9 days). Place PO now.,,,,False,False,Policy_B_LT,8,ENGINEERING_RECOMMENDATION_PENDING_BUSINESS_APPROVAL,Product 045,Storage,Lamp
2025-03-04,SKU046,True,2025-03-01,3,326.0,226.0,9.0,100.0,223.0,85.8987896769309,687.1903174154472,245.01577541902537,377.0157754190254,295.4997155435371,211.4997155435371,120.1546990640449,28.809682584552775,-53.190317415447225,-135.19031741544723,245.01577541902537,-361.1903174154472,6.426167377632399,44.98317164342679,3.795164067224931,26.566148470574518,107.84136743811747,True,7.0,2025-04-22,True,6.0,True,4.0,0.0,0.0,0.0,0.0,HEALTHY,MONITOR,MONITOR: Reorder Point breach projected in week 4. Review replenishment pipeline.,,,,False,False,Policy_B_LT,8,ENGINEERING_RECOMMENDATION_PENDING_BUSINESS_APPROVAL,Product 046,Furniture,Shelf
2025-03-04,SKU047,True,2025-03-01,3,148.0,116.0,3.0,57.0,79.0,123.80379114321855,990.4303291457484,138.25022810522813,14.250228105228132,-108.5180671828578,-245.5180671828578,-362.97419816430306,-480.4303291457484,-603.4303291457484,-726.4303291457484,22.250228105228146,-842.4303291457484,2.132406427640005,14.926844993480037,1.195439967010306,8.368079769072143,53.892759383473646,True,3.0,2025-03-25,True,2.0,True,2.0,0.0,0.0,0.0,0.0,HEALTHY,MONITOR,MONITOR: Reorder Point breach projected in week 2. Review replenishment pipeline.,,,,False,False,Policy_B_LT,8,ENGINEERING_RECOMMENDATION_PENDING_BUSINESS_APPROVAL,Product 047,Home Decor,Cabinet
2025-03-04,SKU048,True,2025-03-01,3,109.0,55.0,7.0,26.0,53.0,70.94993029096803,567.5994423277442,97.87055889295888,31.870558892958883,-32.63496478868174,-106.63496478868171,-178.11720355821296,-249.5994423277442,-326.5994423277442,-403.5994423277442,42.87055889295888,-458.5994423277442,2.311489233709329,16.180424635965302,1.5362946736238834,10.754062715367184,66.12944110704112,True,3.0,2025-03-25,True,3.0,True,2.0,0.0,0.0,0.0,0.0,HEALTHY,MONITOR,MONITOR: Reorder Point breach projected in week 2. Review replenishment pipeline.,,,,False,False,Policy_B_LT,8,ENGINEERING_RECOMMENDATION_PENDING_BUSINESS_APPROVAL,Product 048,Kitchen,Rug
2025-03-04,SKU049,True,2025-03-01,3,182.0,497.0,12.0,126.0,495.0,211.5982716341006,1692.7861730728048,-28.34224912260953,269.65775087739047,60.412008079538964,-173.58799192046104,-371.6870824966329,-569.7861730728048,-791.7861730728048,-1013.7861730728048,-28.34224912260953,-1510.7861730728048,3.2089108987342705,22.462376291139893,0.8601204470834126,6.020843129583889,352.48510626546664,True,1.0,2025-03-11,True,1.0,True,1.0,0.0,0.0,0.0,0.0,HEALTHY,CRITICAL REORDER,CRITICAL REORDER: Stockout projected in week 1 (within lead time of 12 days). Expedite replenishment immediately.,,,,False,False,Policy_B_LT,8,ENGINEERING_RECOMMENDATION_PENDING_BUSINESS_APPROVAL,Product 049,Lighting,Organizer
2025-03-04,SKU050,True,2025-03-01,3,552.0,272.0,6.0,76.0,198.0,55.792522406996525,446.3401792559722,769.109687992563,718.109687992563,657.7088319744965,605.7088319744965,552.6843263592622,499.6598207440278,438.6598207440278,377.6598207440278,497.10968799256295,105.6598207440278,14.769004240193096,103.38302968135167,9.89379895702256,69.25659269915792,47.04883886351744,False,,,False,,False,,0.0,301.6598207440278,5.406814528718975,0.36609201546605313,HIGH,OVERSTOCK,OVERSTOCK (HIGH): 302 excess units (5.4 weeks of cover above safety buffer). Defer future orders or review promotional clearance.,,,,False,False,Policy_B_LT,8,ENGINEERING_RECOMMENDATION_PENDING_BUSINESS_APPROVAL,Product 050,Storage,Sofa
2025-03-25,SKU001,True,2025-03-01,24,549.0,571.0,9.0,221.0,544.0,117.87580193317689,943.0064154654151,420.34098138517083,867.3409813851708,738.3936699838036,627.3936699838036,505.1936272591943,382.9935845345849,279.9935845345849,176.9935845345849,420.34098138517083,-394.0064154654151,9.50152602681695,66.51068218771866,4.657444454216523,32.60211117951566,164.08759004340064,False,,,True,8.0,True,1.0,0.0,0.0,0.0,0.0,HEALTHY,REORDER,REORDER: Projected inventory breaches Reorder Point (544 units) in week 1 (within lead time of 9 days). Place PO now.,,,,False,False,Policy_B_LT,8,ENGINEERING_RECOMMENDATION_PENDING_BUSINESS_APPROVAL,Product 001,Furniture,Chair
2025-03-25,SKU002,True,2025-03-01,24,230.0,341.0,10.0,96.0,322.0,87.80429581120214,702.4343664896171,138.92871639612503,399.928716396125,307.1038872945625,223.10388729456253,129.83476040247268,36.565633510382895,-47.434366489617105,-131.4343664896171,138.92871639612503,-472.4343664896171,6.503098677857073,45.52169074499951,2.6194618141981207,18.336232699386844,125.35699788958925,True,7.0,2025-05-13,True,6.0,True,1.0,0.0,0.0,0.0,0.0,HEALTHY,REORDER,REORDER: Projected inventory breaches Reorder Point (322 units) in week 1 (within lead time of 10 days). Place PO now.,,,,False,False,Policy_B_LT,8,ENGINEERING_RECOMMENDATION_PENDING_BUSINESS_APPROVAL,Product 002,Home Decor,Table
2025-03-25,SKU003,True,2025-03-01,24,443.0,138.0,3.0,98.0,136.0,52.257430366625925,418.0594429330074,526.6784492178715,475.6784492178715,425.73016888339885,380.73016888339885,326.8353629751957,272.9405570669926,217.9405570669926,162.9405570669926,388.6784492178715,24.940557066992596,11.118036151487734,77.82625306041415,8.477263365075846,59.340843555530924,23.28066462091221,False,,,False,,False,,0.0,64.9405570669926,1.242704752441611,0.11177376431496144,MONITOR,OVERSTOCK,OVERSTOCK (MONITOR): 65 excess units (1.2 weeks of cover above safety buffer). Defer future orders or review promotional clearance.,,,,False,False,Policy_B_LT,8,ENGINEERING_RECOMMENDATION_PENDING_BUSINESS_APPROVAL,Product 003,Kitchen,Cushion
2025-03-25,SKU004,True,2025-03-01,24,376.0,176.0,13.0,114.0,374.0,38.88687883217396,311.0950306573917,334.2434703191708,475.2434703191708,432.439934857745,398.439934857745,358.67245210017666,318.9049693426083,279.9049693426083,240.9049693426083,334.2434703191708,64.9049693426083,14.19501941470525,99.36513590293674,9.669071195523866,67.68349836866706,71.7565296808292,False,,,False,,True,1.0,0.0,126.9049693426083,3.2634393181900347,0.2299003067800875,HIGH,REORDER,REORDER: Projected inventory breaches Reorder Point (374 units) in week 1 (within lead time of 13 days). Place PO now.,,,,False,False,Policy_B_LT,8,ENGINEERING_RECOMMENDATION_PENDING_BUSINESS_APPROVAL,Product 004,Lighting,Cookware
2025-03-25,SKU005,True,2025-03-01,24,320.0,349.0,4.0,183.0,279.0,137.23167408051296,1097.8533926441037,524.4152688549196,396.41526885491965,248.14117522698996,126.14117522698996,-13.356108708556917,-152.8533926441038,-290.8533926441038,-428.8533926441037,175.41526885491967,-777.8533926441037,4.874967856236323,34.124774993654256,2.3318231898290334,16.322762328803233,82.61984636861733,True,5.0,2025-04-29,True,4.0,True,3.0,0.0,0.0,0.0,0.0,HEALTHY,MONITOR,MONITOR: Reorder Point breach projected in week 3. Review replenishment pipeline.,,,,False,False,Policy_B_LT,8,ENGINEERING_RECOMMENDATION_PENDING_BUSINESS_APPROVAL,Product 005,Storage,Lamp
2025-03-25,SKU006,True,2025-03-01,24,255.0,628.0,13.0,111.0,346.0,60.56000971079808,484.4800776863846,197.55702405922085,759.5570240592208,700.4521504019942,638.4521504019942,574.4860363578048,510.5199223136154,454.5199223136154,398.5199223136154,197.55702405922085,-229.48007768638462,14.580578903747398,102.06405232623179,4.210699456914594,29.47489619840216,114.01440451220773,False,,,False,,True,1.0,0.0,287.5199223136154,4.74768619897281,0.3256171260629846,HIGH,REORDER,REORDER: Projected inventory breaches Reorder Point (346 units) in week 1 (within lead time of 13 days). Place PO now.,,,,False,False,Policy_B_LT,8,ENGINEERING_RECOMMENDATION_PENDING_BUSINESS_APPROVAL,Product 006,Furniture,Shelf
2025-03-25,SKU007,True,2025-03-01,24,167.0,363.0,5.0,141.0,237.0,205.89775255346495,1647.1820204277196,322.65472578810073,112.65472578810073,-86.02873063279776,-301.02873063279776,-507.1053755302587,-713.1820204277196,-915.1820204277196,-1117.1820204277196,-40.345274211899266,-1480.1820204277196,2.574093176963533,18.018652238744732,0.8110821897224717,5.677575328057302,148.10376729421375,True,3.0,2025-04-15,True,2.0,True,2.0,0.0,0.0,0.0,0.0,HEALTHY,MONITOR,MONITOR: Reorder Point breach projected in week 2. Review replenishment pipeline.,,,,False,False,Policy_B_LT,8,ENGINEERING_RECOMMENDATION_PENDING_BUSINESS_APPROVAL,Product 007,Home Decor,Cabinet
2025-03-25,SKU008,True,2025-03-01,24,694.0,59.0,4.0,184.0,290.0,137.5700096164917,1100.5600769319335,606.8147094450195,485.8147094450195,342.7418639860351,205.74186398603513,65.09089352705075,-75.56007693193362,-211.56007693193362,-347.5600769319335,547.8147094450195,-406.5600769319335,5.473576705411028,38.315036937877196,5.044704161427959,35.312929129995716,83.53445174570315,True,6.0,2025-05-06,True,5.0,True,4.0,0.0,0.0,0.0,0.0,HEALTHY,MONITOR,MONITOR: Reorder Point breach projected in week 4. Review replenishment pipeline.,,,,False,False,Policy_B_LT,8,ENGINEERING_RECOMMENDATION_PENDING_BUSINESS_APPROVAL,Product 008,Kitchen,Rug
2025-03-25,SKU009,True,2025-03-01,24,333.0,87.0,3.0,51.0,89.0,95.47100626672673,763.7680501338139,327.6637735966549,235.6637735966549,141.23516947067833,34.23516947067833,-59.766440331567765,-153.76805013381386,-248.76805013381386,-343.76805013381386,240.6637735966549,-430.76805013381386,4.39924136576716,30.794689560370117,3.4879699400011055,24.41578958000774,39.57266845857648,True,5.0,2025-04-29,True,4.0,True,4.0,0.0,0.0,0.0,0.0,HEALTHY,MONITOR,MONITOR: Reorder Point breach projected in week 4. Review replenishment pipeline.,,,,False,False,Policy_B_LT,8,ENGINEERING_RECOMMENDATION_PENDING_BUSINESS_APPROVAL,Product 009,Lighting,Organizer
2025-03-25,SKU010,True,2025-03-01,24,43.0,6.0,12.0,10.0,46.0,139.3544446538034,1114.8355572304272,-106.88910032124738,-219.88910032124738,-374.0833904823802,-515.0833904823802,-672.4594738564036,-829.8355572304271,-947.8355572304271,-1065.8355572304272,-106.88910032124738,-1071.8355572304272,0.3516213646556457,2.4613495525895197,0.30856568735087275,2.159959811456109,234.88910032124738,True,1.0,2025-04-01,True,1.0,True,1.0,0.8031285158461083,0.0,0.0,0.0,HEALTHY,CRITICAL REORDER,CRITICAL REORDER: Stockout projected in week 1 (within lead time of 12 days). Expedite replenishment immediately.,,,,False,False,Policy_B_LT,8,ENGINEERING_RECOMMENDATION_PENDING_BUSINESS_APPROVAL,Product 010,Storage,Sofa
2025-03-25,SKU011,True,2025-03-01,24,610.0,289.0,11.0,160.0,456.0,22.074853897440068,176.59883117952054,591.0894985171348,859.0894985171348,838.1945228549033,817.1945228549033,792.7978458376914,768.4011688204795,745.4011688204795,722.4011688204795,591.0894985171348,433.4011688204795,40.725071349362516,285.0754994455376,27.633251972314945,193.4327638062046,30.910501482865264,False,,,False,,False,,0.0,562.4011688204795,25.477005258263517,0.6255852823364622,CRITICAL,OVERSTOCK,OVERSTOCK (CRITICAL): 562 excess units (25.5 weeks of cover above safety buffer). Defer future orders or review promotional clearance.,,,,False,False,Policy_B_LT,8,ENGINEERING_RECOMMENDATION_PENDING_BUSINESS_APPROVAL,Product 011,Furniture,Chair
2025-03-25,SKU012,True,2025-03-01,24,59.0,57.0,13.0,25.0,77.0,214.23106210194697,1713.8484968155758,-161.86863841713836,-319.86863841713836,-525.3869794815914,-733.3869794815914,-942.6177381485836,-1151.8484968155758,-1374.8484968155758,-1597.8484968155758,-161.86863841713836,-1654.8484968155758,0.5414714321156594,3.790300024809616,0.2754035732312406,1.9278250126186842,405.15435270285263,True,1.0,2025-04-01,True,1.0,True,1.0,0.7256760285272297,0.0,0.0,0.0,HEALTHY,CRITICAL REORDER,CRITICAL REORDER: Stockout projected in week 1 (within lead time of 13 days). Expedite replenishment immediately.,,,,False,False,Policy_B_LT,8,ENGINEERING_RECOMMENDATION_PENDING_BUSINESS_APPROVAL,Product 012,Home Decor,Table
2025-03-25,SKU013,True,2025-03-01,24,83.0,75.0,8.0,41.0,128.0,118.097848292912,944.782786343296,-42.727778408725754,-74.72777840872575,-203.88242623587416,-316.88242623587416,-434.8326062895851,-552.782786343296,-669.782786343296,-786.782786343296,-42.727778408725754,-861.782786343296,1.337873655480333,9.36511558836233,0.702807046866251,4.919649328063756,141.01349269444003,True,1.0,2025-04-01,True,1.0,True,1.0,0.10211442125823034,0.0,0.0,0.0,HEALTHY,CRITICAL REORDER,CRITICAL REORDER: Stockout projected in week 1 (within lead time of 8 days). Expedite replenishment immediately.,,,,False,False,Policy_B_LT,8,ENGINEERING_RECOMMENDATION_PENDING_BUSINESS_APPROVAL,Product 013,Kitchen,Cushion
2025-03-25,SKU014,True,2025-03-01,24,650.0,677.0,14.0,93.0,371.0,188.25405141084914,1506.0324112867931,461.59283285383185,960.5928328538319,778.8512251878162,596.8512251878162,407.90940695051154,218.96758871320685,19.96758871320685,-179.03241128679315,461.59283285383185,-856.0324112867931,7.048985081887722,49.34289557321406,3.452780936870399,24.169466558092793,366.40716714616815,True,8.0,2025-05-20,True,7.0,True,6.0,0.0,0.0,0.0,0.0,HEALTHY,MONITOR,MONITOR: Reorder Point breach projected in week 6. Review replenishment pipeline.,,,,False,False,Policy_B_LT,8,ENGINEERING_RECOMMENDATION_PENDING_BUSINESS_APPROVAL,Product 014,Lighting,Cookware
2025-03-25,SKU015,True,2025-03-01,24,403.0,396.0,9.0,126.0,298.0,32.788985893387476,262.3118871470998,369.83456289562486,733.8345628956248,700.2301202991893,668.2301202991893,630.4591165760447,592.6881128529002,564.6881128529002,536.6881128529002,369.83456289562486,140.6881128529002,24.36793875229711,170.57557126607978,12.290712537141097,86.03498775998767,42.30829424723231,False,,,False,,False,,0.0,410.6881128529002,12.525184956565653,0.5140026443715897,CRITICAL,OVERSTOCK,OVERSTOCK (CRITICAL): 411 excess units (12.5 weeks of cover above safety buffer). Defer future orders or review promotional clearance.,,,,False,False,Policy_B_LT,8,ENGINEERING_RECOMMENDATION_PENDING_BUSINESS_APPROVAL,Product 015,Storage,Lamp
2025-03-25,SKU016,True,2025-03-01,24,124.0,104.0,13.0,65.0,217.0,121.84342015199914,974.7473612159931,-6.227662119313436,-12.227662119313436,-141.5159311622822,-239.5159311622822,-364.13164618913765,-488.7473612159931,-617.7473612159931,-746.7473612159931,-6.227662119313436,-850.7473612159931,1.8712541039604025,13.098778727722816,1.0176996003995171,7.12389720279662,224.5133764050277,True,1.0,2025-04-01,True,1.0,True,1.0,0.21724972172722712,0.0,0.0,0.0,HEALTHY,CRITICAL REORDER,CRITICAL REORDER: Stockout projected in week 1 (within lead time of 13 days). Expedite replenishment immediately.,,,,False,False,Policy_B_LT,8,ENGINEERING_RECOMMENDATION_PENDING_BUSINESS_APPROVAL,Product 016,Furniture,Shelf
2025-03-25,SKU017,True,2025-03-01,24,247.0,48.0,9.0,96.0,220.0,124.69597158198661,997.5677726558929,114.91309282262273,31.91309282262273,-102.39205244104915,-227.39205244104915,-356.979912548471,-486.5677726558929,-594.5677726558929,-702.5677726558929,114.91309282262273,-750.5677726558929,2.3657540516939624,16.560278361857737,1.9808177992149447,13.865724594504613,169.51547860594872,True,3.0,2025-04-15,True,2.0,True,1.0,0.0,0.0,0.0,0.0,HEALTHY,REORDER,REORDER: Projected inventory breaches Reorder Point (220 units) in week 1 (within lead time of 9 days). Place PO now.,,,,False,False,Policy_B_LT,8,ENGINEERING_RECOMMENDATION_PENDING_BUSINESS_APPROVAL,Product 017,Home Decor,Cabinet
2025-03-25,SKU018,True,2025-03-01,24,586.0,251.0,5.0,76.0,166.0,206.5010774121305,1652.008619297044,625.1575183982684,425.1575183982684,217.05275155256527,16.05275155256527,-188.47793387223942,-393.0086192970441,-604.0086192970441,-815.0086192970441,374.1575183982684,-1066.008619297044,4.053247617345516,28.37273332141861,2.8377575911164548,19.864303137815185,151.31605828695118,True,5.0,2025-04-29,True,4.0,True,4.0,0.0,0.0,0.0,0.0,HEALTHY,MONITOR,MONITOR: Reorder Point breach projected in week 4. Review replenishment pipeline.,,,,False,False,Policy_B_LT,8,ENGINEERING_RECOMMENDATION_PENDING_BUSINESS_APPROVAL,Product 018,Kitchen,Rug
2025-03-25,SKU019,True,2025-03-01,24,299.0,88.0,6.0,29.0,80.0,138.04772466114545,1104.3817972891636,243.69419148036766,94.69419148036764,-47.905539964944865,-180.90553996494486,-315.14366862705424,-449.3817972891636,-583.3817972891636,-717.3817972891636,155.69419148036766,-805.3817972891636,2.8033783312976546,19.623648319083582,2.165917625472865,15.161423378310054,122.83355015968485,True,3.0,2025-04-15,True,3.0,True,3.0,0.0,0.0,0.0,0.0,HEALTHY,MONITOR,MONITOR: Reorder Point breach projected in week 3. Review replenishment pipeline.,,,,False,False,Policy_B_LT,8,ENGINEERING_RECOMMENDATION_PENDING_BUSINESS_APPROVAL,Product 019,Lighting,Organizer
2025-03-25,SKU020,True,2025-03-01,24,487.0,36.0,3.0,153.0,274.0,113.45844345134212,907.667547610737,408.77181396152866,309.77181396152866,195.38950500156773,90.38950500156773,-22.139021304584617,-134.66754761073696,-259.66754761073696,-384.66754761073696,372.77181396152866,-420.66754761073696,4.609617266821523,32.26732086775066,4.292320475988684,30.046243331920788,48.954936873630565,True,5.0,2025-04-29,True,4.0,True,3.0,0.0,0.0,0.0,0.0,HEALTHY,MONITOR,MONITOR: Reorder Point breach projected in week 3. Review replenishment pipeline.,,,,False,False,Policy_B_LT,8,ENGINEERING_RECOMMENDATION_PENDING_BUSINESS_APPROVAL,Product 020,Storage,Sofa
2025-03-25,SKU021,True,2025-03-01,24,131.0,179.0,8.0,42.0,95.0,71.82197775684494,574.5758220547596,54.78816872893189,178.7881687289319,108.00778085051394,42.00778085051394,-36.28402060212278,-114.5758220547595,-189.5758220547595,-264.57582205475956,54.78816872893189,-443.57582205475956,4.316227562676046,30.21359293873232,1.823954228098587,12.767679596690108,84.06897412821095,True,5.0,2025-04-29,True,5.0,True,1.0,0.0,0.0,0.0,0.0,HEALTHY,REORDER,REORDER: Projected inventory breaches Reorder Point (95 units) in week 1 (within lead time of 8 days). Place PO now.,,,,False,False,Policy_B_LT,8,ENGINEERING_RECOMMENDATION_PENDING_BUSINESS_APPROVAL,Product 021,Furniture,Chair
2025-03-25,SKU022,True,2025-03-01,24,289.0,297.0,9.0,92.0,212.0,87.72464206000798,701.7971364800638,199.48556310489707,412.4855631048971,317.3957651312643,224.39576513126428,132.29931432560022,40.20286351993616,-37.79713648006384,-115.79713648006384,199.48556310489707,-412.79713648006384,6.679993058269159,46.75995140788411,3.294399306893834,23.06079514825684,113.51443689510293,True,7.0,2025-05-13,True,6.0,True,1.0,0.0,0.0,0.0,0.0,HEALTHY,REORDER,REORDER: Projected inventory breaches Reorder Point (212 units) in week 1 (within lead time of 9 days). Place PO now.,,,,False,False,Policy_B_LT,8,ENGINEERING_RECOMMENDATION_PENDING_BUSINESS_APPROVAL,Product 022,Home Decor,Table
2025-03-25,SKU023,True,2025-03-01,24,130.0,3.0,7.0,82.0,157.0,132.12948321615983,1057.0358657292786,-8.064536993927078,-132.06453699392705,-273.477851813263,-403.477851813263,-545.7568587712708,-688.0358657292786,-806.0358657292786,-924.0358657292786,-11.064536993927078,-927.0358657292786,1.006588361375909,7.046118529631363,0.9838833607433698,6.8871835252035885,141.06453699392708,True,1.0,2025-04-01,True,1.0,True,1.0,0.37888048856056455,0.0,0.0,0.0,HEALTHY,CRITICAL REORDER,CRITICAL REORDER: Stockout projected in week 1 (within lead time of 7 days). Expedite replenishment immediately.,,,,False,False,Policy_B_LT,8,ENGINEERING_RECOMMENDATION_PENDING_BUSINESS_APPROVAL,Product 023,Kitchen,Cushion
2025-03-25,SKU024,True,2025-03-01,24,310.0,427.0,13.0,81.0,287.0,114.32860241200078,914.6288192960062,180.5680953768454,512.5680953768453,388.8659164217673,281.8659164217673,161.1185485628805,40.37118070399379,-68.62881929600621,-177.6288192960062,180.5680953768454,-604.6288192960062,6.446330878288065,45.124316148016455,2.7114824589814117,18.980377212869882,210.86047605172604,True,7.0,2025-05-13,True,6.0,True,1.0,0.0,0.0,0.0,0.0,HEALTHY,REORDER,REORDER: Projected inventory breaches Reorder Point (287 units) in week 1 (within lead time of 13 days). Place PO now.,,,,False,False,Policy_B_LT,8,ENGINEERING_RECOMMENDATION_PENDING_BUSINESS_APPROVAL,Product 024,Lighting,Cookware
2025-03-25,SKU025,True,2025-03-01,24,298.0,870.0,6.0,225.0,463.0,21.81297482995437,174.50379863963497,1144.7873886467419,1121.7873886467419,1098.9594581963024,1080.9594581963024,1054.2278297783337,1027.496201360365,1010.496201360365,993.496201360365,274.787388646742,123.49620136036503,53.5461123072521,374.8227861507647,13.661593722226991,95.63115605558893,19.89652401707831,False,,,False,,False,,0.0,768.496201360365,35.23115060422836,0.6579590765071619,CRITICAL,OVERSTOCK,OVERSTOCK (CRITICAL): 768 excess units (35.2 weeks of cover above safety buffer). Defer future orders or review promotional clearance.,,,,False,False,Policy_B_LT,8,ENGINEERING_RECOMMENDATION_PENDING_BUSINESS_APPROVAL,Product 025,Storage,Lamp
2025-03-25,SKU026,True,2025-03-01,24,40.0,20.0,10.0,38.0,101.0,191.03400876373593,1528.2720701098874,-161.14368265871556,-309.14368265871553,-512.307867229028,-700.307867229028,-895.2899686694577,-1090.2720701098874,-1279.2720701098874,-1468.2720701098874,-161.14368265871556,-1488.2720701098874,0.3140802016786753,2.198561411750727,0.20938680111911684,1.4657076078338178,273.14368265871553,True,1.0,2025-04-01,True,1.0,True,1.0,0.8070154557250502,0.0,0.0,0.0,HEALTHY,CRITICAL REORDER,CRITICAL REORDER: Stockout projected in week 1 (within lead time of 10 days). Expedite replenishment immediately.,,,,False,False,Policy_B_LT,8,ENGINEERING_RECOMMENDATION_PENDING_BUSINESS_APPROVAL,Product 026,Furniture,Shelf
2025-03-25,SKU027,True,2025-03-01,24,232.0,96.0,7.0,79.0,220.0,198.4057391090897,1587.2459128727176,115.65740743978245,-77.34259256021755,-281.5533469547488,-466.5533469547488,-670.8996299137332,-875.2459128727176,-1067.2459128727176,-1259.2459128727176,19.657407439782446,-1355.2459128727176,1.6531779850362862,11.572245895254003,1.1693210138061536,8.185247096643074,212.34259256021755,True,2.0,2025-04-08,True,2.0,True,1.0,0.0,0.0,0.0,0.0,HEALTHY,REORDER,REORDER: Projected inventory breaches Reorder Point (220 units) in week 1 (within lead time of 7 days). Place PO now.,,,,False,False,Policy_B_LT,8,ENGINEERING_RECOMMENDATION_PENDING_BUSINESS_APPROVAL,Product 027,Home Decor,Cabinet
2025-03-25,SKU028,True,2025-03-01,24,162.0,596.0,10.0,167.0,407.0,53.986030267563955,431.88824214051164,109.36668644835555,657.3666864483555,604.7823968975742,554.7823968975742,502.44707737853133,450.11175785948836,388.11175785948836,326.11175785948836,109.36668644835555,-269.88824214051164,14.040669340627991,98.28468538439594,3.0007762970735286,21.0054340795147,73.20474212307302,False,,,True,1.0,True,1.0,0.0,159.11175785948836,2.947276491175651,0.20990997079088175,HIGH,REORDER,REORDER: Projected inventory breaches Reorder Point (407 units) in week 1 (within lead time of 10 days). Place PO now.,,,,False,False,Policy_B_LT,8,ENGINEERING_RECOMMENDATION_PENDING_BUSINESS_APPROVAL,Product 028,Kitchen,Rug
2025-03-25,SKU029,True,2025-03-01,24,533.0,427.0,4.0,113.0,240.0,132.98273179174663,1063.861854333973,820.3990709589957,704.3990709589957,569.7824938105582,423.7824938105582,279.9603197382926,136.13814566602696,16.138145666026958,-103.86185433397304,393.3990709589957,-530.861854333973,7.218982397679854,50.53287678375898,4.008039185378502,28.056274297649516,79.77195945200246,True,8.0,2025-05-20,True,7.0,True,6.0,0.0,0.0,0.0,0.0,HEALTHY,MONITOR,MONITOR: Reorder Point breach projected in week 6. Review replenishment pipeline.,,,,False,False,Policy_B_LT,8,ENGINEERING_RECOMMENDATION_PENDING_BUSINESS_APPROVAL,Product 029,Lighting,Organizer
2025-03-25,SKU030,True,2025-03-01,24,79.0,80.0,12.0,29.0,123.0,40.02550652112728,320.2040521690182,36.627219956225936,77.62721995622593,35.18322352678257,-5.8167764732174305,-43.51041432111782,-81.20405216901821,-121.20405216901821,-161.2040521690182,36.627219956225936,-241.2040521690182,3.972466904724181,27.807268333069267,1.973741418070505,13.816189926493536,70.22992290091692,True,4.0,2025-04-22,True,4.0,True,1.0,0.0,0.0,0.0,0.0,HEALTHY,REORDER,REORDER: Projected inventory breaches Reorder Point (123 units) in week 1 (within lead time of 12 days). Place PO now.,,,,False,False,Policy_B_LT,8,ENGINEERING_RECOMMENDATION_PENDING_BUSINESS_APPROVAL,Product 030,Storage,Sofa
2025-03-25,SKU031,True,2025-03-01,24,203.0,19.0,8.0,26.0,88.0,159.77567682272155,1278.2054145817724,30.459090423110524,-106.54090957688948,-278.6965034489598,-420.6965034489598,-586.450959015366,-752.2054145817723,-904.2054145817724,-1056.2054145817724,30.459090423110524,-1075.2054145817724,1.389448033734942,9.726136236144594,1.2705313101269966,8.893719170888977,194.82662386260375,True,2.0,2025-04-08,True,2.0,True,1.0,0.0,0.0,0.0,0.0,HEALTHY,CRITICAL REORDER,CRITICAL REORDER: Stockout projected in week 2 (within lead time of 8 days). Expedite replenishment immediately.,,,,False,False,Policy_B_LT,8,ENGINEERING_RECOMMENDATION_PENDING_BUSINESS_APPROVAL,Product 031,Furniture,Chair
2025-03-25,SKU032,True,2025-03-01,24,339.0,138.0,12.0,81.0,236.0,78.68724682973416,629.4979746378733,256.46894430743924,321.46894430743924,240.59014486896268,170.59014486896268,83.04608511554471,-4.497974637873256,-78.49797463787331,-152.4979746378733,256.46894430743924,-290.4979746378733,6.06197343557015,42.433814048991046,4.308194957354886,30.157364701484205,134.67391283541792,True,6.0,2025-05-06,True,6.0,True,4.0,0.0,0.0,0.0,0.0,HEALTHY,MONITOR,MONITOR: Reorder Point breach projected in week 4. Review replenishment pipeline.,,,,False,False,Policy_B_LT,8,ENGINEERING_RECOMMENDATION_PENDING_BUSINESS_APPROVAL,Product 032,Home Decor,Table
2025-03-25,SKU033,True,2025-03-01,24,209.0,20.0,14.0,92.0,267.0,157.93874143275542,1263.5099314620434,42.01393328405047,-95.9860667159495,-257.45841779016826,-433.45841779016826,-589.9841746261058,-746.5099314620433,-890.5099314620434,-1034.5099314620434,42.01393328405047,-1054.5099314620434,1.449929244228528,10.149504709599697,1.3232978691867354,9.263085084307148,324.9860667159495,True,2.0,2025-04-08,True,1.0,True,1.0,0.4385568960777666,0.0,0.0,0.0,HEALTHY,CRITICAL REORDER,CRITICAL REORDER: Stockout projected in week 2 (within lead time of 14 days). Expedite replenishment immediately.,,,,False,False,Policy_B_LT,8,ENGINEERING_RECOMMENDATION_PENDING_BUSINESS_APPROVAL,Product 033,Kitchen,Cushion
2025-03-25,SKU034,True,2025-03-01,24,174.0,4.0,4.0,37.0,62.0,173.4005204607736,1387.2041636861888,-3.3800364889231673,-180.38003648892317,-362.1503917135326,-535.1503917135326,-713.1772776998607,-891.2041636861888,-1050.2041636861888,-1209.2041636861888,-7.380036488923167,-1213.2041636861888,1.0265251772428612,7.185676240700028,1.0034571957317857,7.0242003701225,103.64573513652752,True,1.0,2025-04-01,True,1.0,True,1.0,0.0,0.0,0.0,0.0,HEALTHY,CRITICAL REORDER,CRITICAL REORDER: Stockout projected in week 1 (within lead time of 4 days). Expedite replenishment immediately.,,,,False,False,Policy_B_LT,8,ENGINEERING_RECOMMENDATION_PENDING_BUSINESS_APPROVAL,Product 034,Lighting,Cookware
2025-03-25,SKU035,True,2025-03-01,24,495.0,388.0,9.0,128.0,330.0,176.4875903347926,1411.9007226783408,309.69939023669826,533.6993902366983,350.6389196556436,156.63891965564358,-28.13090151134861,-212.9007226783408,-370.9007226783408,-528.9007226783408,309.69939023669826,-916.9007226783408,5.003184633689942,35.0222924358296,2.804729777663105,19.633108443641735,232.15775262044463,True,5.0,2025-04-29,True,5.0,True,1.0,0.0,0.0,0.0,0.0,HEALTHY,REORDER,REORDER: Projected inventory breaches Reorder Point (330 units) in week 1 (within lead time of 9 days). Place PO now.,,,,False,False,Policy_B_LT,8,ENGINEERING_RECOMMENDATION_PENDING_BUSINESS_APPROVAL,Product 035,Storage,Lamp
2025-03-25,SKU036,True,2025-03-01,24,472.0,56.0,13.0,113.0,419.0,41.9139408575071,335.3115268600568,434.7829021560565,444.7829021560565,408.2923778640643,364.2923778640643,323.49042550200375,282.6884731399432,237.6884731399432,192.6884731399432,434.7829021560565,136.6884731399432,12.59724066021416,88.18068462149913,11.261169681100537,78.82818776770375,76.64566927251492,False,,,False,,True,3.0,0.0,79.6884731399432,1.9012402916455993,0.15092513852261968,MONITOR,MONITOR,MONITOR: Reorder Point breach projected in week 3. Review replenishment pipeline.,,,,False,False,Policy_B_LT,8,ENGINEERING_RECOMMENDATION_PENDING_BUSINESS_APPROVAL,Product 036,Furniture,Shelf
2025-03-25,SKU037,True,2025-03-01,24,1199.0,1019.0,6.0,333.0,645.0,205.0929486113506,1640.7435888908049,1999.0645623543123,1809.0645623543123,1596.2082238533358,1373.2082238533358,1170.2323174812655,967.2564111091951,772.2564111091951,577.2564111091951,980.0645623543123,-441.74358889080486,10.814608766501724,75.70226136551207,5.846129806598543,40.9229086461898,187.65894655344653,False,,,False,,True,8.0,0.0,244.25641110919514,1.1909547001153071,0.1101246217805208,MONITOR,MONITOR,MONITOR: Reorder Point breach projected in week 8. Review replenishment pipeline.,,,,False,False,Policy_B_LT,8,ENGINEERING_RECOMMENDATION_PENDING_BUSINESS_APPROVAL,Product 037,Home Decor,Cabinet
2025-03-25,SKU038,True,2025-03-01,24,290.0,202.0,11.0,45.0,170.0,60.589371554224556,484.71497243379645,228.42660624051996,382.42660624051996,319.7574778225512,251.7574778225512,188.52125269437738,125.28502756620355,66.28502756620355,7.285027566203553,228.42660624051996,-194.71497243379645,8.120236064169832,56.84165244918883,4.7863180053033565,33.504226037123495,89.00196518805147,False,,,True,8.0,True,6.0,0.0,0.0,0.0,0.0,HEALTHY,MONITOR,MONITOR: Reorder Point breach projected in week 6. Review replenishment pipeline.,,,,False,False,Policy_B_LT,8,ENGINEERING_RECOMMENDATION_PENDING_BUSINESS_APPROVAL,Product 038,Kitchen,Rug
2025-03-25,SKU039,True,2025-03-01,24,154.0,181.0,13.0,32.0,107.0,24.70868539428529,197.66948315428232,127.93718722535635,279.93718722535635,253.21183779908682,221.21183779908682,195.27117732240225,169.33051684571768,153.33051684571768,137.33051684571768,127.93718722535635,-43.66948315428232,13.557985568810551,94.90589898167386,6.232626201781566,43.62838341247097,50.91995563178651,False,,,False,,False,,0.0,105.33051684571768,4.262894409998797,0.31441945327079907,HIGH,OVERSTOCK,OVERSTOCK (HIGH): 105 excess units (4.3 weeks of cover above safety buffer). Defer future orders or review promotional clearance.,,,,False,False,Policy_B_LT,8,ENGINEERING_RECOMMENDATION_PENDING_BUSINESS_APPROVAL,Product 039,Lighting,Organizer
2025-03-25,SKU040,True,2025-03-01,24,64.0,146.0,13.0,24.0,103.0,129.1242213897987,1032.9937711183895,-72.52976660178803,-38.529766601788026,-173.4278836672177,-297.4278836672177,-434.2108273928036,-570.9937711183895,-696.9937711183895,-822.9937711183895,-72.52976660178803,-968.9937711183895,1.6263408812050408,11.384386168435286,0.49564674474820297,3.469527213237421,232.52976660178803,True,1.0,2025-04-01,True,1.0,True,1.0,0.20394879438074176,0.0,0.0,0.0,HEALTHY,CRITICAL REORDER,CRITICAL REORDER: Stockout projected in week 1 (within lead time of 13 days). Expedite replenishment immediately.,,,,False,False,Policy_B_LT,8,ENGINEERING_RECOMMENDATION_PENDING_BUSINESS_APPROVAL,Product 040,Storage,Sofa
2025-03-25,SKU041,True,2025-03-01,24,110.0,436.0,11.0,80.0,278.0,98.30298019548856,786.4238415639085,7.655763538630595,354.6557635386306,251.98546019390403,168.98546019390403,63.28080931499778,-42.42384156390847,-141.42384156390847,-240.42384156390847,7.655763538630595,-676.4238415639085,5.554256838543514,38.8797978698046,1.118989472966642,7.832926310766495,153.20137931851227,True,6.0,2025-05-06,True,1.0,True,1.0,0.0,0.0,0.0,0.0,HEALTHY,REORDER,REORDER: Projected inventory breaches Reorder Point (278 units) in week 1 (within lead time of 11 days). Place PO now.,,,,False,False,Policy_B_LT,8,ENGINEERING_RECOMMENDATION_PENDING_BUSINESS_APPROVAL,Product 041,Furniture,Chair
2025-03-25,SKU042,True,2025-03-01,24,215.0,42.0,3.0,61.0,86.0,188.01837408107673,1504.1469926486138,63.65140823029236,-134.34859176970764,-324.8545732150201,-508.8545732150201,-706.000782931817,-903.1469926486138,-1075.1469926486138,-1247.1469926486138,21.65140823029236,-1289.1469926486138,1.366887684547135,9.568213791829944,1.143505261391572,8.004536829741003,82.86368218701756,True,2.0,2025-04-08,True,2.0,True,1.0,0.0,0.0,0.0,0.0,HEALTHY,REORDER,REORDER: Projected inventory breaches Reorder Point (86 units) in week 1 (within lead time of 3 days). Place PO now.,,,,False,False,Policy_B_LT,8,ENGINEERING_RECOMMENDATION_PENDING_BUSINESS_APPROVAL,Product 042,Home Decor,Table
2025-03-25,SKU043,True,2025-03-01,24,428.0,7.0,8.0,80.0,281.0,191.55594964412256,1532.4475971529805,223.4293101956522,47.42931019565219,-151.20898020962125,-313.20898020962125,-514.3282886813009,-715.4475971529805,-906.4475971529805,-1097.4475971529805,223.4293101956522,-1104.4475971529805,2.2708769986427146,15.896138990499002,2.234334150388694,15.640339052720858,230.71354694720495,True,3.0,2025-04-15,True,2.0,True,1.0,0.0,0.0,0.0,0.0,HEALTHY,REORDER,REORDER: Projected inventory breaches Reorder Point (281 units) in week 1 (within lead time of 8 days). Place PO now.,,,,False,False,Policy_B_LT,8,ENGINEERING_RECOMMENDATION_PENDING_BUSINESS_APPROVAL,Product 043,Kitchen,Cushion
2025-03-25,SKU044,True,2025-03-01,24,170.0,125.0,8.0,47.0,119.0,82.80112219156877,662.4089775325501,86.31462476237175,133.31462476237175,51.365436529949875,-23.634563470050125,-112.52177050130013,-201.40897753255013,-284.4089775325501,-367.4089775325501,86.31462476237175,-492.4089775325501,3.5627536462306355,24.939275523614448,2.0531122707091796,14.371785894964257,94.82823238048539,True,4.0,2025-04-22,True,4.0,True,1.0,0.0,0.0,0.0,0.0,HEALTHY,REORDER,REORDER: Projected inventory breaches Reorder Point (119 units) in week 1 (within lead time of 8 days). Place PO now.,,,,False,False,Policy_B_LT,8,ENGINEERING_RECOMMENDATION_PENDING_BUSINESS_APPROVAL,Product 044,Lighting,Cookware
2025-03-25,SKU045,True,2025-03-01,24,376.0,215.0,9.0,87.0,241.0,207.3920988384005,1659.136790707204,158.49696783771776,186.49696783771776,-17.891185238454113,-241.8911852384541,-447.013987972829,-652.136790707204,-860.136790707204,-1068.136790707204,158.49696783771776,-1283.136790707204,2.849674617838291,19.94772232486804,1.8129909582186081,12.690936707530257,270.9316035908537,True,3.0,2025-04-15,True,3.0,True,1.0,0.0,0.0,0.0,0.0,HEALTHY,REORDER,REORDER: Projected inventory breaches Reorder Point (241 units) in week 1 (within lead time of 9 days). Place PO now.,,,,False,False,Policy_B_LT,8,ENGINEERING_RECOMMENDATION_PENDING_BUSINESS_APPROVAL,Product 045,Storage,Lamp
2025-03-25,SKU046,True,2025-03-01,24,326.0,226.0,9.0,100.0,223.0,76.99588390166633,615.9670712133307,244.25285371342713,403.25285371342716,321.7794497827631,257.7794497827631,175.90618928471622,94.03292878666934,15.032928786669345,-63.967071213330655,244.25285371342713,-289.96707121333066,7.16921440508398,50.18450083558786,4.233992565321336,29.637947957249352,100.89000342943002,True,8.0,2025-05-20,True,6.0,True,5.0,0.0,0.0,0.0,0.0,HEALTHY,MONITOR,MONITOR: Reorder Point breach projected in week 5. Review replenishment pipeline.,,,,False,False,Policy_B_LT,8,ENGINEERING_RECOMMENDATION_PENDING_BUSINESS_APPROVAL,Product 046,Furniture,Shelf
2025-03-25,SKU047,True,2025-03-01,24,148.0,116.0,3.0,57.0,79.0,127.14125156823354,1017.1300125458683,127.75102993460038,7.75102993460041,-127.61981967477459,-229.6198196747746,-367.37491611032146,-505.13001254586834,-629.1300125458683,-753.1300125458683,11.751029934600382,-869.1300125458683,2.0764307157879265,14.535015010515485,1.164059643699292,8.148417505895043,58.39241574231412,True,3.0,2025-04-15,True,2.0,True,2.0,0.0,0.0,0.0,0.0,HEALTHY,MONITOR,MONITOR: Reorder Point breach projected in week 2. Review replenishment pipeline.,,,,False,False,Policy_B_LT,8,ENGINEERING_RECOMMENDATION_PENDING_BUSINESS_APPROVAL,Product 047,Home Decor,Cabinet
2025-03-25,SKU048,True,2025-03-01,24,109.0,55.0,7.0,26.0,53.0,70.19219725162286,561.5375780129829,96.52346477266164,30.52346477266164,-34.539988901654766,-91.53998890165477,-170.5387834573188,-249.53757801298286,-323.53757801298286,-397.53757801298286,41.52346477266164,-452.53757801298286,2.336442032325869,16.355094226281082,1.552879155631218,10.870154089418527,67.47653522733836,True,3.0,2025-04-15,True,3.0,True,2.0,0.0,0.0,0.0,0.0,HEALTHY,MONITOR,MONITOR: Reorder Point breach projected in week 2. Review replenishment pipeline.,,,,False,False,Policy_B_LT,8,ENGINEERING_RECOMMENDATION_PENDING_BUSINESS_APPROVAL,Product 048,Kitchen,Rug
2025-03-25,SKU049,True,2025-03-01,24,182.0,497.0,12.0,126.0,495.0,205.13171266539143,1641.0537013231315,-29.44885818348314,255.55114181651686,59.81156356944655,-136.18843643055345,-344.1210688768425,-552.0537013231315,-757.0537013231315,-962.0537013231315,-29.44885818348314,-1459.0537013231315,3.3100684003334835,23.170478802334383,0.8872348289553668,6.210643802687567,362.8774296120546,True,1.0,2025-04-01,True,1.0,True,1.0,0.0,0.0,0.0,0.0,HEALTHY,CRITICAL REORDER,CRITICAL REORDER: Stockout projected in week 1 (within lead time of 12 days). Expedite replenishment immediately.,,,,False,False,Policy_B_LT,8,ENGINEERING_RECOMMENDATION_PENDING_BUSINESS_APPROVAL,Product 049,Lighting,Organizer
2025-03-25,SKU050,True,2025-03-01,24,552.0,272.0,6.0,76.0,198.0,50.75476355924281,406.0381084739425,770.2975543678544,725.2975543678544,674.2645343483232,635.2645343483232,578.6132129371904,521.9618915260576,469.9618915260575,417.9618915260575,498.2975543678544,145.9618915260575,16.2349293389614,113.64450537272981,10.8758264503722,76.1307851526054,46.03066768469623,False,,,False,,False,,0.0,341.9618915260575,6.737532943620299,0.41500229554133194,CRITICAL,OVERSTOCK,OVERSTOCK (CRITICAL): 342 excess units (6.7 weeks of cover above safety buffer). Defer future orders or review promotional clearance.,,,,False,False,Policy_B_LT,8,ENGINEERING_RECOMMENDATION_PENDING_BUSINESS_APPROVAL,Product 050,Storage,Sofa
2025-04-22,SKU001,True,2025-04-01,21,1244.0,1262.0,14.0,164.0,752.0,118.73506335884004,949.8805068707203,1124.0492111468577,2277.049211146858,2153.972581508186,2040.972581508186,1917.546037318733,1794.1194931292798,1675.1194931292798,1556.1194931292798,1124.0492111468577,294.1194931292797,21.10581263115504,147.74068841808528,10.477107307724209,73.33975115406946,228.95078885314217,False,,,False,,False,,0.0,1392.1194931292798,11.724586265828055,0.5555145623021867,CRITICAL,OVERSTOCK,OVERSTOCK (CRITICAL): 1392 excess units (11.7 weeks of cover above safety buffer). Defer future orders or review promotional clearance.,,,,False,False,Policy_B_LT,8,ENGINEERING_RECOMMENDATION_PENDING_BUSINESS_APPROVAL,Product 001,Furniture,Chair
2025-04-22,SKU002,True,2025-04-01,21,706.0,579.0,9.0,84.0,317.0,85.75041761139005,686.0033408911204,619.8099067895437,1119.8099067895437,1032.7062996118093,936.7062996118093,849.8514793603445,762.9966591088796,680.9966591088796,598.9966591088796,619.8099067895437,19.996659108879612,14.985349760317856,104.89744832222499,8.233196055085141,57.632372385595986,108.76152178188487,False,,,False,,False,,0.0,514.9966591088796,6.0057626942737325,0.40077561020146274,CRITICAL,OVERSTOCK,OVERSTOCK (CRITICAL): 515 excess units (6.0 weeks of cover above safety buffer). Defer future orders or review promotional clearance.,,,,False,False,Policy_B_LT,8,ENGINEERING_RECOMMENDATION_PENDING_BUSINESS_APPROVAL,Product 002,Home Decor,Table
2025-04-22,SKU003,True,2025-04-01,21,337.0,47.0,4.0,105.0,160.0,45.063139123912286,360.5051129912983,336.537069931065,292.537069931065,239.96637596133843,197.96637596133843,150.73063148502007,103.49488700870171,63.49488700870171,23.49488700870171,289.537069931065,-23.50511299129829,8.52137706039734,59.64963942278138,7.478396013942456,52.34877209759719,27.121674325105726,False,,,True,6.0,True,5.0,0.0,0.0,0.0,0.0,HEALTHY,MONITOR,MONITOR: Reorder Point breach projected in week 5. Review replenishment pipeline.,,,,False,False,Policy_B_LT,8,ENGINEERING_RECOMMENDATION_PENDING_BUSINESS_APPROVAL,Product 003,Kitchen,Cushion
2025-04-22,SKU004,True,2025-04-01,21,498.0,377.0,5.0,90.0,206.0,43.696986494502575,349.5758919560206,833.9616789973486,791.9616789973486,751.2852759516943,695.2852759516943,655.3546919978369,615.4241080439795,570.4241080439795,525.4241080439795,456.96167899734854,148.4241080439794,20.024264147141633,140.16984902999144,11.396666908887466,79.77666836221226,29.31308643046532,False,,,False,,False,,0.0,435.42410804397946,9.964625549149922,0.4976275520502622,CRITICAL,OVERSTOCK,OVERSTOCK (CRITICAL): 435 excess units (10.0 weeks of cover above safety buffer). Defer future orders or review promotional clearance.,,,,False,False,Policy_B_LT,8,ENGINEERING_RECOMMENDATION_PENDING_BUSINESS_APPROVAL,Product 004,Lighting,Cookware
2025-04-22,SKU005,True,2025-04-01,21,696.0,333.0,11.0,95.0,386.0,130.38997918910223,1043.1198335128179,556.2463621658931,763.2463621658931,626.0174650711665,490.0174650711665,357.9488157791743,225.88016648718212,105.88016648718212,-14.119833512817877,556.2463621658931,-347.1198335128179,7.891710746480447,55.24197522536313,5.337833507823509,37.36483455476456,211.7536378341069,True,8.0,2025-06-17,True,8.0,True,5.0,0.0,0.0,0.0,0.0,HEALTHY,MONITOR,MONITOR: Reorder Point breach projected in week 5. Review replenishment pipeline.,,,,False,False,Policy_B_LT,8,ENGINEERING_RECOMMENDATION_PENDING_BUSINESS_APPROVAL,Product 005,Storage,Lamp
2025-04-22,SKU006,True,2025-04-01,21,460.0,692.0,13.0,113.0,404.0,52.76794479817167,422.14355838537335,402.5403977608668,1040.5403977608669,979.8085747933376,926.8085747933376,870.3325082039821,813.8564416146266,771.8564416146266,729.8564416146266,402.5403977608668,37.85644161462665,21.83143581593337,152.8200507115336,8.717413607056727,61.02189524939709,103.74531652484745,False,,,False,,True,1.0,0.0,616.8564416146266,11.68998421246074,0.5354656611238079,CRITICAL,REORDER,REORDER: Projected inventory breaches Reorder Point (404 units) in week 1 (within lead time of 13 days). Place PO now.,,,,False,False,Policy_B_LT,8,ENGINEERING_RECOMMENDATION_PENDING_BUSINESS_APPROVAL,Product 006,Furniture,Shelf
2025-04-22,SKU007,True,2025-04-01,21,335.0,202.0,9.0,85.0,291.0,185.42278975040026,1483.382318003202,139.02272655246207,159.02272655246207,-31.57467029812392,-215.57467029812392,-402.978494150663,-590.382318003202,-768.382318003202,-946.382318003202,139.02272655246207,-1148.382318003202,2.8960841368143684,20.272588957700577,1.8066819103031906,12.646773372122334,247.97727344753793,True,3.0,2025-05-13,True,3.0,True,1.0,0.0,0.0,0.0,0.0,HEALTHY,REORDER,REORDER: Projected inventory breaches Reorder Point (291 units) in week 1 (within lead time of 9 days). Place PO now.,,,,False,False,Policy_B_LT,8,ENGINEERING_RECOMMENDATION_PENDING_BUSINESS_APPROVAL,Product 007,Home Decor,Cabinet
2025-04-22,SKU008,True,2025-04-01,21,256.0,427.0,3.0,151.0,244.0,138.727039833655,1109.81631866924,541.1028250075177,402.1028250075177,258.7456930495099,127.7456930495099,-12.535312809865104,-152.8163186692401,-289.8163186692401,-426.81631866924,114.10282500751768,-853.81631866924,4.923337229850594,34.463360608954154,1.8453504111885095,12.917452878319567,60.813074996778134,True,5.0,2025-05-27,True,4.0,True,4.0,0.0,0.0,0.0,0.0,HEALTHY,MONITOR,MONITOR: Reorder Point breach projected in week 4. Review replenishment pipeline.,,,,False,False,Policy_B_LT,8,ENGINEERING_RECOMMENDATION_PENDING_BUSINESS_APPROVAL,Product 008,Kitchen,Rug
2025-04-22,SKU009,True,2025-04-01,21,278.0,384.0,14.0,36.0,195.0,83.55208904931703,668.4167123945363,193.06847895067864,499.06847895067864,413.9742788164013,340.9742788164013,248.27878321093254,155.5832876054638,74.58328760546374,-6.416712394536262,193.06847895067864,-390.41671239453626,7.923201053767205,55.462407376370436,3.327265699316137,23.29085989521296,162.93152104932136,True,8.0,2025-06-17,True,8.0,True,1.0,0.0,0.0,0.0,0.0,HEALTHY,REORDER,REORDER: Projected inventory breaches Reorder Point (195 units) in week 1 (within lead time of 14 days). Place PO now.,,,,False,False,Policy_B_LT,8,ENGINEERING_RECOMMENDATION_PENDING_BUSINESS_APPROVAL,Product 009,Lighting,Organizer
2025-04-22,SKU010,True,2025-04-01,21,89.0,73.0,14.0,25.0,82.0,140.7701339264173,1126.1610714113383,-53.99964868184611,-124.99964868184611,-269.6758114015727,-390.6758114015727,-528.4184414064555,-666.1610714113383,-815.1610714113383,-964.1610714113383,-53.99964868184611,-1037.1610714113383,1.150812288668276,8.055686020677932,0.6322363808115837,4.425654665681086,286.9996486818461,True,1.0,2025-04-29,True,1.0,True,1.0,0.47152130734819553,0.0,0.0,0.0,HEALTHY,CRITICAL REORDER,CRITICAL REORDER: Stockout projected in week 1 (within lead time of 14 days). Expedite replenishment immediately.,,,,False,False,Policy_B_LT,8,ENGINEERING_RECOMMENDATION_PENDING_BUSINESS_APPROVAL,Product 010,Storage,Sofa
2025-04-22,SKU011,True,2025-04-01,21,853.0,577.0,6.0,198.0,386.0,24.17719408062628,193.41755264501023,1409.9007571389252,1391.9007571389252,1371.7577326943451,1340.7577326943451,1315.6700900246674,1290.5824473549897,1263.5824473549897,1236.5824473549897,832.9007571389253,659.5824473549898,59.14664849987248,414.02653949910734,35.28118263663722,246.96827845646052,17.227922452349745,False,,,False,,False,,0.0,1038.5824473549897,42.95711255373628,0.726281431716776,CRITICAL,OVERSTOCK,OVERSTOCK (CRITICAL): 1039 excess units (43.0 weeks of cover above safety buffer). Defer future orders or review promotional clearance.,,,,False,False,Policy_B_LT,8,ENGINEERING_RECOMMENDATION_PENDING_BUSINESS_APPROVAL,Product 011,Furniture,Chair
2025-04-22,SKU012,True,2025-04-01,21,103.0,60.0,6.0,22.0,46.0,199.0437763187751,1592.3502105502007,-40.18979490078655,-248.18979490078652,-446.51396787441934,-653.5139678744193,-853.43208921231,-1053.3502105502007,-1241.3502105502007,-1429.3502105502007,-100.18979490078655,-1489.3502105502007,0.8189153311628804,5.7324073181401625,0.5174741049679551,3.6223187347756856,174.16268134353132,True,1.0,2025-04-29,True,1.0,True,1.0,0.15372572747325786,0.0,0.0,0.0,HEALTHY,CRITICAL REORDER,CRITICAL REORDER: Stockout projected in week 1 (within lead time of 6 days). Expedite replenishment immediately.,,,,False,False,Policy_B_LT,8,ENGINEERING_RECOMMENDATION_PENDING_BUSINESS_APPROVAL,Product 012,Home Decor,Table
2025-04-22,SKU013,True,2025-04-01,21,165.0,89.0,14.0,65.0,214.0,112.17157301020022,897.3725840816018,49.324376367617006,23.324376367616992,-95.22646591753926,-212.22646591753926,-326.7995249995705,-441.37258408160176,-542.3725840816018,-643.3725840816018,49.324376367617006,-732.3725840816018,2.2643883221366856,15.8507182549568,1.4709609179234375,10.296726425464062,230.675623632383,True,3.0,2025-05-13,True,1.0,True,1.0,0.1221495878043316,0.0,0.0,0.0,HEALTHY,REORDER,REORDER: Projected inventory breaches Reorder Point (214 units) in week 1 (within lead time of 14 days). Place PO now.,,,,False,False,Policy_B_LT,8,ENGINEERING_RECOMMENDATION_PENDING_BUSINESS_APPROVAL,Product 013,Kitchen,Cushion
2025-04-22,SKU014,True,2025-04-01,21,375.0,298.0,8.0,101.0,294.0,168.02847937170793,1344.2278349736634,195.76300975289908,319.76300975289905,142.1366059443053,-5.863394055694698,-180.54561451467907,-355.22783497366345,-513.2278349736634,-671.2278349736634,195.76300975289908,-969.2278349736634,4.005273406725345,28.036913847077415,2.231764528264494,15.622351697851458,204.09413310424378,True,4.0,2025-05-20,True,4.0,True,1.0,0.0,0.0,0.0,0.0,HEALTHY,REORDER,REORDER: Projected inventory breaches Reorder Point (294 units) in week 1 (within lead time of 8 days). Place PO now.,,,,False,False,Policy_B_LT,8,ENGINEERING_RECOMMENDATION_PENDING_BUSINESS_APPROVAL,Product 014,Lighting,Cookware
2025-04-22,SKU015,True,2025-04-01,21,481.0,195.0,10.0,148.0,385.0,33.48071120019726,267.8456896015781,445.0346051982266,611.0346051982266,574.477468662582,548.477468662582,510.315889530502,472.1543103984219,440.1543103984219,408.1543103984219,445.0346051982266,213.1543103984219,20.19072999847199,141.33510998930393,14.366480960451224,100.56536672315856,48.393966230344816,False,,,False,,False,,0.0,260.1543103984219,7.7702743183331515,0.38484365443553537,CRITICAL,OVERSTOCK,OVERSTOCK (CRITICAL): 260 excess units (7.8 weeks of cover above safety buffer). Defer future orders or review promotional clearance.,,,,False,False,Policy_B_LT,8,ENGINEERING_RECOMMENDATION_PENDING_BUSINESS_APPROVAL,Product 015,Storage,Lamp
2025-04-22,SKU016,True,2025-04-01,21,348.0,22.0,3.0,56.0,98.0,113.10311821562202,904.8249457249761,258.1817071070551,164.1817071070551,51.02513667248479,-43.97486332751521,-158.39990452624568,-272.82494572497615,-403.82494572497615,-534.8249457249761,236.1817071070551,-556.8249457249761,3.2713510099219785,22.89945706945385,3.0768382471698605,21.537867730189024,47.92212552554781,True,4.0,2025-05-20,True,3.0,True,3.0,0.0,0.0,0.0,0.0,HEALTHY,MONITOR,MONITOR: Reorder Point breach projected in week 3. Review replenishment pipeline.,,,,False,False,Policy_B_LT,8,ENGINEERING_RECOMMENDATION_PENDING_BUSINESS_APPROVAL,Product 016,Furniture,Shelf
2025-04-22,SKU017,True,2025-04-01,21,510.0,559.0,11.0,119.0,301.0,120.71676040537024,965.7340832429619,387.67772095625685,810.6777209562568,687.3549212736397,584.3549212736397,456.8104190153389,329.2659167570381,216.2659167570381,103.2659167570381,387.67772095625685,-455.7340832429619,8.855439761722137,61.988078332054954,4.224765461626089,29.573358231382624,200.03656475802887,False,,,True,8.0,True,7.0,0.0,0.0,0.0,0.0,HEALTHY,MONITOR,MONITOR: Reorder Point breach projected in week 7. Review replenishment pipeline.,,,,False,False,Policy_B_LT,8,ENGINEERING_RECOMMENDATION_PENDING_BUSINESS_APPROVAL,Product 017,Home Decor,Cabinet
2025-04-22,SKU018,True,2025-04-01,21,287.0,24.0,11.0,86.0,330.0,204.3878857710718,1635.1030861685745,79.01466590662076,-104.98533409337927,-310.4558998892777,-527.4558998892777,-731.779493028926,-936.1030861685745,-1130.1030861685745,-1324.1030861685745,79.01466590662076,-1348.1030861685745,1.5216166008407217,10.651316205885053,1.4041928117083187,9.829349681958231,326.8424769505221,True,2.0,2025-05-06,True,1.0,True,1.0,0.23621183702243598,0.0,0.0,0.0,HEALTHY,CRITICAL REORDER,CRITICAL REORDER: Stockout projected in week 2 (within lead time of 11 days). Expedite replenishment immediately.,,,,False,False,Policy_B_LT,8,ENGINEERING_RECOMMENDATION_PENDING_BUSINESS_APPROVAL,Product 018,Kitchen,Rug
2025-04-22,SKU019,True,2025-04-01,21,235.0,184.0,9.0,79.0,169.0,137.57631953601054,1100.6105562880844,104.91947300879076,149.91947300879076,24.009591416993885,-123.99040858300611,-252.80048243554518,-381.61055628808424,-531.6105562880842,-681.6105562880844,104.91947300879076,-865.6105562880844,3.0455822732656177,21.319075912859326,1.7081428024282104,11.956999616997473,169.79481270549496,True,4.0,2025-05-20,True,3.0,True,1.0,0.0,0.0,0.0,0.0,HEALTHY,REORDER,REORDER: Projected inventory breaches Reorder Point (169 units) in week 1 (within lead time of 9 days). Place PO now.,,,,False,False,Policy_B_LT,8,ENGINEERING_RECOMMENDATION_PENDING_BUSINESS_APPROVAL,Product 019,Lighting,Organizer
2025-04-22,SKU020,True,2025-04-01,21,1040.0,1007.0,5.0,296.0,524.0,108.32214763418455,866.5771810734764,1935.9053094660744,1840.9053094660744,1728.6302316462502,1631.6302316462502,1520.026525286387,1408.4228189265236,1294.4228189265236,1180.4228189265236,928.9053094660745,173.42281892652363,18.89733581458279,132.28135070207952,9.6009913273894,67.2069392917258,79.35335038137536,False,,,False,,False,,0.0,884.4228189265236,8.164745975248884,0.4320580453964454,CRITICAL,OVERSTOCK,OVERSTOCK (CRITICAL): 884 excess units (8.2 weeks of cover above safety buffer). Defer future orders or review promotional clearance.,,,,False,False,Policy_B_LT,8,ENGINEERING_RECOMMENDATION_PENDING_BUSINESS_APPROVAL,Product 020,Storage,Sofa
2025-04-22,SKU021,True,2025-04-01,21,89.0,68.0,5.0,60.0,98.0,71.46652156736916,571.7321725389533,86.9133047559686,5.913304755968596,-67.80770354481265,-131.80770354481263,-203.26993804188294,-274.73217253895325,-344.73217253895325,-414.73217253895325,18.913304755968596,-482.73217253895325,2.196832818454739,15.377829729183174,1.2453383493151071,8.71736844520575,50.06192517430814,True,3.0,2025-05-13,True,2.0,True,1.0,0.0,0.0,0.0,0.0,HEALTHY,REORDER,REORDER: Projected inventory breaches Reorder Point (98 units) in week 1 (within lead time of 5 days). Place PO now.,,,,False,False,Policy_B_LT,8,ENGINEERING_RECOMMENDATION_PENDING_BUSINESS_APPROVAL,Product 021,Furniture,Chair
2025-04-22,SKU022,True,2025-04-01,21,468.0,312.0,8.0,62.0,182.0,82.73901201322595,661.9120961058076,387.2554301393096,616.2554301393096,536.7209757936065,454.7209757936065,372.40443984389947,290.08790389419244,204.08790389419244,118.08790389419244,387.2554301393096,-193.91209610580756,9.427233671527476,65.99063570069234,5.6563402029164855,39.5943814204154,92.60171271783322,False,,,False,,True,8.0,0.0,56.087903894192436,0.6778894566111897,0.07190756909511851,MONITOR,MONITOR,MONITOR: Reorder Point breach projected in week 8. Review replenishment pipeline.,,,,False,False,Policy_B_LT,8,ENGINEERING_RECOMMENDATION_PENDING_BUSINESS_APPROVAL,Product 022,Home Decor,Table
2025-04-22,SKU023,True,2025-04-01,21,425.0,305.0,6.0,88.0,162.0,121.5701382289913,972.5611058319304,605.7464045440462,503.7464045440462,377.5242213165071,257.5242213165071,133.48155774228837,9.438894168069623,-116.56110583193038,-242.56110583193038,300.7464045440462,-547.5611058319304,6.004764086267314,42.0333486038712,3.4959242967994637,24.471470077596244,106.50308181938898,True,7.0,2025-06-10,True,6.0,True,5.0,0.0,0.0,0.0,0.0,HEALTHY,MONITOR,MONITOR: Reorder Point breach projected in week 5. Review replenishment pipeline.,,,,False,False,Policy_B_LT,8,ENGINEERING_RECOMMENDATION_PENDING_BUSINESS_APPROVAL,Product 023,Kitchen,Cushion
2025-04-22,SKU024,True,2025-04-01,21,177.0,103.0,3.0,134.0,191.0,108.35650213256987,866.852017060559,166.47065292235118,65.47065292235118,-47.4092985546996,-161.4092985546996,-268.1306578076293,-374.852017060559,-480.852017060559,-586.852017060559,63.470652922351164,-689.852017060559,2.584062741868791,18.088439193081538,1.633496804681343,11.4344776327694,48.655434461849495,True,3.0,2025-05-13,True,2.0,True,1.0,0.0,0.0,0.0,0.0,HEALTHY,REORDER,REORDER: Projected inventory breaches Reorder Point (191 units) in week 1 (within lead time of 3 days). Place PO now.,,,,False,False,Policy_B_LT,8,ENGINEERING_RECOMMENDATION_PENDING_BUSINESS_APPROVAL,Product 024,Lighting,Cookware
2025-04-22,SKU025,True,2025-04-01,21,292.0,677.0,11.0,166.0,641.0,20.64309942315823,165.14479538526584,274.0444555607791,927.044455560779,908.361651453113,888.361651453113,864.1084280339236,839.8552046147341,821.8552046147341,803.8552046147341,274.0444555607791,126.85520461473416,46.940625539638596,328.5843787774702,14.145162701315243,99.0161389092067,31.669830153506624,False,,,False,,True,1.0,0.0,637.8552046147341,30.89919742861692,0.658261305071965,CRITICAL,REORDER,REORDER: Projected inventory breaches Reorder Point (641 units) in week 1 (within lead time of 11 days). Place PO now.,,,,False,False,Policy_B_LT,8,ENGINEERING_RECOMMENDATION_PENDING_BUSINESS_APPROVAL,Product 025,Storage,Lamp
2025-04-22,SKU026,True,2025-04-01,21,65.0,33.0,8.0,25.0,80.0,176.73202879221458,1413.8562303377166,-118.89762743244322,-257.8976274324432,-438.882933218576,-624.882933218576,-810.3695817781463,-995.8562303377166,-1155.8562303377166,-1315.8562303377166,-118.89762743244322,-1348.8562303377166,0.554511826009871,3.8815827820690973,0.36778845602695526,2.5745191921886867,208.46905600387177,True,1.0,2025-04-29,True,1.0,True,1.0,0.5682428737720413,0.0,0.0,0.0,HEALTHY,CRITICAL REORDER,CRITICAL REORDER: Stockout projected in week 1 (within lead time of 8 days). Expedite replenishment immediately.,,,,False,False,Policy_B_LT,8,ENGINEERING_RECOMMENDATION_PENDING_BUSINESS_APPROVAL,Product 026,Furniture,Shelf
2025-04-22,SKU027,True,2025-04-01,21,775.0,125.0,11.0,108.0,380.0,195.28214170170133,1562.2571336136107,576.4440230026003,507.44402300260026,310.66049944302995,116.66049944302995,-79.79831708529036,-276.2571336136107,-469.2571336136107,-662.2571336136107,576.4440230026003,-787.2571336136107,4.608716353463461,32.26101447424423,3.96861685992687,27.780318019488092,309.4131198545426,True,5.0,2025-05-27,True,5.0,True,3.0,0.0,0.0,0.0,0.0,HEALTHY,MONITOR,MONITOR: Reorder Point breach projected in week 3. Review replenishment pipeline.,,,,False,False,Policy_B_LT,8,ENGINEERING_RECOMMENDATION_PENDING_BUSINESS_APPROVAL,Product 027,Home Decor,Cabinet
2025-04-22,SKU028,True,2025-04-01,21,243.0,4.0,3.0,139.0,212.0,48.440706110566666,387.5256488845333,199.4026691391483,153.4026691391483,106.81872672581821,71.81872672581821,20.646538920642428,-30.525648884533325,-85.52564888453333,-140.52564888453333,195.4026691391483,-144.52564888453333,5.0990173313373806,35.693121319361666,5.016442151882525,35.11509506317768,20.39885608322216,True,6.0,2025-06-03,True,3.0,True,1.0,0.0,0.0,0.0,0.0,HEALTHY,REORDER,REORDER: Projected inventory breaches Reorder Point (212 units) in week 1 (within lead time of 3 days). Place PO now.,,,,False,False,Policy_B_LT,8,ENGINEERING_RECOMMENDATION_PENDING_BUSINESS_APPROVAL,Product 028,Kitchen,Rug
2025-04-22,SKU029,True,2025-04-01,21,544.0,266.0,11.0,107.0,488.0,120.70209645049178,965.6167716039342,419.7517510401088,566.7517510401087,439.9516793238002,324.9516793238002,201.66745385993295,78.38322839606576,-38.61677160393424,-155.61677160393424,419.7517510401088,-421.61677160393424,6.710736795961425,46.97515757172997,4.50696397160866,31.54874780126062,192.2482489598912,True,7.0,2025-06-10,True,6.0,True,1.0,0.0,0.0,0.0,0.0,HEALTHY,REORDER,REORDER: Projected inventory breaches Reorder Point (488 units) in week 1 (within lead time of 11 days). Place PO now.,,,,False,False,Policy_B_LT,8,ENGINEERING_RECOMMENDATION_PENDING_BUSINESS_APPROVAL,Product 029,Lighting,Organizer
2025-04-22,SKU030,True,2025-04-01,21,271.0,64.0,3.0,45.0,72.0,39.92684501109975,319.414760088798,296.57531406891684,259.57531406891684,219.93977787506918,173.93977787506918,131.7625088931356,89.585239911202,52.585239911201995,15.585239911201995,232.57531406891684,-48.414760088798005,8.390344889681849,58.73241422777294,6.787413328668003,47.51189330067602,16.46772254189278,False,,,True,8.0,True,7.0,0.0,0.0,0.0,0.0,HEALTHY,MONITOR,MONITOR: Reorder Point breach projected in week 7. Review replenishment pipeline.,,,,False,False,Policy_B_LT,8,ENGINEERING_RECOMMENDATION_PENDING_BUSINESS_APPROVAL,Product 030,Storage,Sofa
2025-04-22,SKU031,True,2025-04-01,21,75.0,4.0,14.0,28.0,148.0,146.78767453797508,1174.3013963038006,-75.76237958016776,-225.76237958016776,-374.16452496590995,-529.16452496591,-669.2329606348553,-809.3013963038006,-952.3013963038006,-1095.3013963038006,-75.76237958016776,-1099.3013963038006,0.5381923260836324,3.767346282585427,0.5109420817249676,3.576594572074773,304.76237958016776,True,1.0,2025-04-29,True,1.0,True,1.0,0.7543344033458806,0.0,0.0,0.0,HEALTHY,CRITICAL REORDER,CRITICAL REORDER: Stockout projected in week 1 (within lead time of 14 days). Expedite replenishment immediately.,,,,False,False,Policy_B_LT,8,ENGINEERING_RECOMMENDATION_PENDING_BUSINESS_APPROVAL,Product 031,Furniture,Chair
2025-04-22,SKU032,True,2025-04-01,21,355.0,172.0,8.0,113.0,229.0,82.47887889291258,659.8310311433006,275.1796576384377,377.1796576384377,298.2861563566994,230.2861563566994,145.7275626066994,61.168968856699394,-35.831031143300606,-132.8310311433006,275.1796576384377,-304.8310311433006,6.389514589356103,44.72660212549272,4.304132218636464,30.128925530455245,89.82034236156234,True,7.0,2025-06-10,True,6.0,True,5.0,0.0,0.0,0.0,0.0,HEALTHY,MONITOR,MONITOR: Reorder Point breach projected in week 5. Review replenishment pipeline.,,,,False,False,Policy_B_LT,8,ENGINEERING_RECOMMENDATION_PENDING_BUSINESS_APPROVAL,Product 032,Home Decor,Table
2025-04-22,SKU033,True,2025-04-01,21,142.0,65.0,4.0,71.0,135.0,151.43289695658189,1211.463175652655,48.570469977227845,-100.42953002277216,-257.3107708674987,-403.3107708674987,-559.8869732600768,-716.463175652655,-860.4631756526551,-1004.4631756526551,-16.429530022772155,-1069.463175652655,1.366942085637773,9.568594599464411,0.9377090635776026,6.5639634450432185,90.53116001301265,True,2.0,2025-05-06,True,1.0,True,1.0,0.0,0.0,0.0,0.0,HEALTHY,REORDER,REORDER: Projected inventory breaches Reorder Point (135 units) in week 1 (within lead time of 4 days). Place PO now.,,,,False,False,Policy_B_LT,8,ENGINEERING_RECOMMENDATION_PENDING_BUSINESS_APPROVAL,Product 033,Kitchen,Cushion
2025-04-22,SKU034,True,2025-04-01,21,129.0,86.0,6.0,32.0,77.0,167.17373807162352,1337.3899045729881,43.445315763925976,-137.55468423607402,-306.44816262962877,-454.44816262962877,-624.4190336013085,-794.3899045729881,-958.3899045729881,-1122.3899045729881,-42.554684236074024,-1208.3899045729881,1.2860871718253133,9.002610202777193,0.771652303095188,5.401566121666316,147.04687220234916,True,2.0,2025-05-06,True,2.0,True,1.0,0.0,0.0,0.0,0.0,HEALTHY,REORDER,REORDER: Projected inventory breaches Reorder Point (77 units) in week 1 (within lead time of 6 days). Place PO now.,,,,False,False,Policy_B_LT,8,ENGINEERING_RECOMMENDATION_PENDING_BUSINESS_APPROVAL,Product 034,Lighting,Cookware
2025-04-22,SKU035,True,2025-04-01,21,700.0,499.0,4.0,152.0,261.0,170.15815375374842,1361.2652300299874,1022.9464398918875,850.9464398918875,675.4153424797781,523.4153424797781,347.5750562248953,171.73476997001262,4.734769970012621,-162.26523002998738,523.9464398918875,-661.2652300299874,7.046385809610885,49.3247006672762,4.113819905527622,28.796739338693357,100.60203434749283,True,8.0,2025-06-17,True,7.0,True,6.0,0.0,0.0,0.0,0.0,HEALTHY,MONITOR,MONITOR: Reorder Point breach projected in week 6. Review replenishment pipeline.,,,,False,False,Policy_B_LT,8,ENGINEERING_RECOMMENDATION_PENDING_BUSINESS_APPROVAL,Product 035,Storage,Lamp
2025-04-22,SKU036,True,2025-04-01,21,512.0,471.0,13.0,75.0,397.0,38.08525965517231,304.68207724137847,467.6320134873813,910.6320134873813,868.7970639939731,843.7970639939731,798.0574933762973,752.3179227586215,715.3179227586215,678.3179227586215,467.6320134873813,207.31792275862153,25.81051065163212,180.67357456142486,13.443521316007779,94.10464921205445,68.36798651261873,False,,,False,,False,,0.0,603.3179227586215,15.841244833857546,0.6137517016873058,CRITICAL,OVERSTOCK,OVERSTOCK (CRITICAL): 603 excess units (15.8 weeks of cover above safety buffer). Defer future orders or review promotional clearance.,,,,False,False,Policy_B_LT,8,ENGINEERING_RECOMMENDATION_PENDING_BUSINESS_APPROVAL,Product 036,Furniture,Shelf
2025-04-22,SKU037,True,2025-04-01,21,455.0,502.0,7.0,183.0,581.0,197.90286567216702,1583.2229253773362,752.6794488902419,552.6794488902419,350.2655694957107,148.26556949571068,-50.97867794081276,-250.2229253773362,-438.2229253773362,-626.2229253773362,250.6794488902419,-1128.2229253773362,4.835705621288495,33.849939349019465,2.2991076882824086,16.09375381797686,204.3205511097581,True,5.0,2025-05-27,True,4.0,True,2.0,0.0,0.0,0.0,0.0,HEALTHY,MONITOR,MONITOR: Reorder Point breach projected in week 2. Review replenishment pipeline.,,,,False,False,Policy_B_LT,8,ENGINEERING_RECOMMENDATION_PENDING_BUSINESS_APPROVAL,Product 037,Home Decor,Cabinet
2025-04-22,SKU038,True,2025-04-01,21,146.0,169.0,13.0,81.0,261.0,65.06580586459435,520.5264469167548,75.48029746801086,189.48029746801086,121.35790672094055,54.35790672094055,-13.584270097907108,-81.52644691675476,-143.52644691675476,-205.52644691675482,75.48029746801086,-374.5264469167548,4.841252572134939,33.88876800494457,2.2438821445450827,15.707175011815579,117.66255967484628,True,5.0,2025-05-27,True,1.0,True,1.0,0.0,0.0,0.0,0.0,HEALTHY,REORDER,REORDER: Projected inventory breaches Reorder Point (261 units) in week 1 (within lead time of 13 days). Place PO now.,,,,False,False,Policy_B_LT,8,ENGINEERING_RECOMMENDATION_PENDING_BUSINESS_APPROVAL,Product 038,Kitchen,Rug
2025-04-22,SKU039,True,2025-04-01,21,71.0,63.0,3.0,42.0,61.0,26.07023898094817,208.56191184758535,111.08010170221935,86.08010170221935,62.8565413689674,33.8565413689674,4.6473147606910175,-24.56191184758535,-49.56191184758535,-74.56191184758535,48.08010170221935,-137.56191184758535,5.1399605541754205,35.97972387922795,2.723411935421305,19.063883547949136,9.822813556191708,True,6.0,2025-06-03,True,4.0,True,4.0,0.0,0.0,0.0,0.0,HEALTHY,MONITOR,MONITOR: Reorder Point breach projected in week 4. Review replenishment pipeline.,,,,False,False,Policy_B_LT,8,ENGINEERING_RECOMMENDATION_PENDING_BUSINESS_APPROVAL,Product 039,Lighting,Organizer
2025-04-22,SKU040,True,2025-04-01,21,205.0,97.0,13.0,66.0,176.0,117.15043961716073,937.2035169372858,85.29994680783136,69.29994680783136,-49.47721383669989,-181.4772138366999,-303.34036538699286,-425.2035169372858,-530.2035169372858,-635.2035169372858,85.29994680783136,-732.2035169372858,2.5778819182148562,18.045173427503993,1.7498867325630647,12.249207127941453,216.5571960493115,True,3.0,2025-05-13,True,3.0,True,1.0,0.0,0.0,0.0,0.0,HEALTHY,REORDER,REORDER: Projected inventory breaches Reorder Point (176 units) in week 1 (within lead time of 13 days). Place PO now.,,,,False,False,Policy_B_LT,8,ENGINEERING_RECOMMENDATION_PENDING_BUSINESS_APPROVAL,Product 040,Storage,Sofa
2025-04-22,SKU041,True,2025-04-01,21,737.0,235.0,6.0,126.0,259.0,93.8519097465445,750.815277972356,870.5389319275464,768.5389319275464,668.1783133362378,573.1783133362378,474.181517681941,375.18472202764406,298.18472202764406,221.18472202764406,635.5389319275464,-13.815277972355943,10.35674183535501,72.49719284748507,7.852797050058275,54.969579350407926,86.96662977638876,False,,,False,,True,8.0,0.0,95.18472202764406,1.0142012270682499,0.09792666875272023,MONITOR,MONITOR,MONITOR: Reorder Point breach projected in week 8. Review replenishment pipeline.,,,,False,False,Policy_B_LT,8,ENGINEERING_RECOMMENDATION_PENDING_BUSINESS_APPROVAL,Product 041,Furniture,Chair
2025-04-22,SKU042,True,2025-04-01,21,272.0,38.0,8.0,43.0,113.0,191.24513942926797,1529.9611154341437,80.23302213909855,-81.76697786090142,-276.49093110797173,-441.49093110797173,-628.7260232710577,-815.9611154341437,-1017.9611154341437,-1219.9611154341437,80.23302213909855,-1257.9611154341437,1.620956228875315,11.346693602127205,1.4222583685615666,9.955808579930967,220.33840643233,True,2.0,2025-05-06,True,2.0,True,1.0,0.0,0.0,0.0,0.0,HEALTHY,CRITICAL REORDER,CRITICAL REORDER: Stockout projected in week 2 (within lead time of 8 days). Expedite replenishment immediately.,,,,False,False,Policy_B_LT,8,ENGINEERING_RECOMMENDATION_PENDING_BUSINESS_APPROVAL,Product 042,Home Decor,Table
2025-04-22,SKU043,True,2025-04-01,21,785.0,470.0,13.0,166.0,534.0,183.13372638517492,1465.0698110813994,597.0490091090303,898.0490091090303,714.9630563502412,534.9630563502412,346.4466226344209,157.9301889186006,-26.069811081399394,-210.0698110813994,597.0490091090303,-680.0698110813994,6.852915761460719,47.97041033022503,4.286485157567063,30.005396102969442,332.8081337481126,True,7.0,2025-06-10,True,6.0,True,5.0,0.0,0.0,0.0,0.0,HEALTHY,MONITOR,MONITOR: Reorder Point breach projected in week 5. Review replenishment pipeline.,,,,False,False,Policy_B_LT,8,ENGINEERING_RECOMMENDATION_PENDING_BUSINESS_APPROVAL,Product 043,Kitchen,Cushion
2025-04-22,SKU044,True,2025-04-01,21,191.0,337.0,12.0,63.0,190.0,78.22065677196548,625.7652541757238,109.77486118072149,364.7748611807215,281.19980319732304,202.19980319732304,122.2172745107996,42.23474582427616,-27.76525417572384,-97.76525417572384,109.77486118072149,-434.76525417572384,6.750135089497699,47.2509456264839,2.441810231238751,17.092671618671258,139.79656739070708,True,7.0,2025-06-10,True,6.0,True,1.0,0.0,0.0,0.0,0.0,HEALTHY,REORDER,REORDER: Projected inventory breaches Reorder Point (190 units) in week 1 (within lead time of 12 days). Place PO now.,,,,False,False,Policy_B_LT,8,ENGINEERING_RECOMMENDATION_PENDING_BUSINESS_APPROVAL,Product 044,Lighting,Cookware
2025-04-22,SKU045,True,2025-04-01,21,98.0,0.0,3.0,71.0,128.0,204.248902364875,1633.991218919,-105.22271000786728,-313.22271000786725,-517.7338947002501,-705.7338947002501,-903.8625568096251,-1101.991218919,-1318.991218919,-1535.991218919,-105.22271000786728,-1535.991218919,0.47980674003785106,3.3586471802649576,0.47980674003785106,3.3586471802649576,87.09544714622884,True,1.0,2025-04-29,True,1.0,True,1.0,0.38184092314544105,0.0,0.0,0.0,HEALTHY,CRITICAL REORDER,CRITICAL REORDER: Stockout projected in week 1 (within lead time of 3 days). Expedite replenishment immediately.,,,,False,False,Policy_B_LT,8,ENGINEERING_RECOMMENDATION_PENDING_BUSINESS_APPROVAL,Product 045,Storage,Lamp
2025-04-22,SKU046,True,2025-04-01,21,129.0,85.0,5.0,120.0,198.0,78.45817831659325,627.665426532746,134.70428629684386,60.70428629684386,-15.374487201691295,-87.3744872016913,-168.51995686721864,-249.66542653274598,-331.665426532746,-413.665426532746,49.70428629684386,-498.665426532746,2.727567789510361,19.09297452657253,1.6441880600319467,11.509316420223627,56.63979550225439,True,3.0,2025-05-13,True,2.0,True,1.0,0.0,0.0,0.0,0.0,HEALTHY,REORDER,REORDER: Projected inventory breaches Reorder Point (198 units) in week 1 (within lead time of 5 days). Place PO now.,,,,False,False,Policy_B_LT,8,ENGINEERING_RECOMMENDATION_PENDING_BUSINESS_APPROVAL,Product 046,Furniture,Shelf
2025-04-22,SKU047,True,2025-04-01,21,162.0,40.0,13.0,39.0,150.0,116.41992853763219,931.3594283010575,40.54294596652058,-48.45705403347944,-170.31606282254194,-279.31606282254194,-403.3377455617997,-527.3594283010575,-628.3594283010575,-729.3594283010575,40.54294596652058,-769.3594283010575,1.735098127419864,12.145686891939048,1.3915143398119703,9.740600378683792,232.028482604908,True,2.0,2025-05-06,True,2.0,True,1.0,0.20849012274486434,0.0,0.0,0.0,HEALTHY,CRITICAL REORDER,CRITICAL REORDER: Stockout projected in week 2 (within lead time of 13 days). Expedite replenishment immediately.,,,,False,False,Policy_B_LT,8,ENGINEERING_RECOMMENDATION_PENDING_BUSINESS_APPROVAL,Product 047,Home Decor,Cabinet
2025-04-22,SKU048,True,2025-04-01,21,90.0,26.0,10.0,28.0,77.0,68.66515607453572,549.3212485962857,20.682131225491645,-6.317868774508355,-77.26646954355132,-152.26646954355135,-225.79385906991854,-299.3212485962857,-366.3212485962857,-433.3212485962857,20.682131225491645,-459.3212485962857,1.6893575523819173,11.825502866673421,1.3107084458135565,9.174959120694895,92.03215448879408,True,2.0,2025-05-06,True,1.0,True,1.0,0.08004467888290512,0.0,0.0,0.0,HEALTHY,CRITICAL REORDER,CRITICAL REORDER: Stockout projected in week 2 (within lead time of 10 days). Expedite replenishment immediately.,,,,False,False,Policy_B_LT,8,ENGINEERING_RECOMMENDATION_PENDING_BUSINESS_APPROVAL,Product 048,Kitchen,Rug
2025-04-22,SKU049,True,2025-04-01,21,806.0,632.0,8.0,177.0,476.0,198.94642671265615,1591.5714137012492,604.0115178173056,1021.0115178173056,816.7139866893759,624.7139866893759,423.57128649406343,222.42858629875082,34.428586298750815,-153.57141370124918,604.0115178173056,-785.5714137012492,7.228076541816674,50.596535792716715,4.051341928167065,28.359393497169453,232.7027678969801,True,8.0,2025-06-17,True,7.0,True,5.0,0.0,0.0,0.0,0.0,HEALTHY,MONITOR,MONITOR: Reorder Point breach projected in week 5. Review replenishment pipeline.,,,,False,False,Policy_B_LT,8,ENGINEERING_RECOMMENDATION_PENDING_BUSINESS_APPROVAL,Product 049,Lighting,Organizer
2025-04-22,SKU050,True,2025-04-01,21,456.0,87.0,5.0,118.0,235.0,51.55971881763261,412.47775054106086,492.13782715669305,443.13782715669305,389.82837891450555,337.82837891450555,284.17531418672235,230.52224945893914,180.52224945893914,130.52224945893914,405.13782715669305,43.52224945893914,10.531477138589487,73.72033997012642,8.844113398152498,61.90879378706748,36.33012345950497,False,,,False,,True,6.0,0.0,12.522249458939143,0.242868846962306,0.023061232889390687,MONITOR,MONITOR,MONITOR: Reorder Point breach projected in week 6. Review replenishment pipeline.,,,,False,False,Policy_B_LT,8,ENGINEERING_RECOMMENDATION_PENDING_BUSINESS_APPROVAL,Product 050,Storage,Sofa
2025-05-13,SKU001,True,2025-05-01,12,868.0,76.0,11.0,275.0,700.0,115.31157814314284,922.4926251451427,751.3453799207753,708.3453799207753,589.6757861097401,482.6757861097401,370.0915804822987,257.5073748548573,139.5073748548573,21.50737485485729,751.3453799207753,-54.49262514514271,8.18651531096174,57.30560717673218,7.527431451180922,52.69202015826645,184.65462007922474,False,,,True,6.0,True,3.0,0.0,0.0,0.0,0.0,HEALTHY,MONITOR,MONITOR: Reorder Point breach projected in week 3. Review replenishment pipeline.,,,,False,False,Policy_B_LT,8,ENGINEERING_RECOMMENDATION_PENDING_BUSINESS_APPROVAL,Product 001,Furniture,Chair
2025-05-13,SKU002,True,2025-05-01,12,400.0,231.0,7.0,175.0,340.0,80.94442616034078,647.5554092827263,550.9383727607308,479.9383727607307,398.049647479969,317.049647479969,228.24711909862134,139.44459071727368,61.44459071727374,-16.55540928272626,319.9383727607307,-247.55540928272626,7.795471905008851,54.568303335061955,4.941662063397053,34.59163444377937,80.06162723926928,True,8.0,2025-07-08,True,6.0,True,4.0,0.0,0.0,0.0,0.0,HEALTHY,MONITOR,MONITOR: Reorder Point breach projected in week 4. Review replenishment pipeline.,,,,False,False,Policy_B_LT,8,ENGINEERING_RECOMMENDATION_PENDING_BUSINESS_APPROVAL,Product 002,Home Decor,Table
2025-05-13,SKU003,True,2025-05-01,12,308.0,200.0,4.0,92.0,150.0,49.86431719521349,398.9145375617079,461.19916330499126,411.1991633049913,361.4261911980577,303.4261911980577,256.2558268181749,209.0854624382921,159.0854624382921,109.0854624382921,261.19916330499126,-90.9145375617079,10.18764576703686,71.31352036925803,6.176761606786128,43.237331247502894,26.743335254290695,False,,,False,,True,8.0,0.0,17.085462438292097,0.3426390533215231,0.033632800075378146,MONITOR,MONITOR,MONITOR: Reorder Point breach projected in week 8. Review replenishment pipeline.,,,,False,False,Policy_B_LT,8,ENGINEERING_RECOMMENDATION_PENDING_BUSINESS_APPROVAL,Product 003,Kitchen,Cushion
2025-05-13,SKU004,True,2025-05-01,12,678.0,196.0,9.0,135.0,340.0,40.0663360336529,320.5306882692232,640.6911020444975,802.6911020444975,759.7423372434721,726.7423372434721,684.1058244871244,641.4693117307768,597.4693117307768,553.4693117307768,640.6911020444975,357.4693117307768,21.813823936032023,152.69676755222417,16.92193664602942,118.45355652220593,47.02318366978823,False,,,False,,False,,0.0,418.4693117307768,10.444411771999617,0.4787978395088979,CRITICAL,OVERSTOCK,OVERSTOCK (CRITICAL): 418 excess units (10.4 weeks of cover above safety buffer). Defer future orders or review promotional clearance.,,,,False,False,Policy_B_LT,8,ENGINEERING_RECOMMENDATION_PENDING_BUSINESS_APPROVAL,Product 004,Lighting,Cookware
2025-05-13,SKU005,True,2025-05-01,12,169.0,84.0,13.0,101.0,398.0,130.17113942091245,1041.3691153672996,46.32683037244642,13.326830372446409,-112.14500953233875,-236.14500953233875,-362.25706244981916,-488.3691153672996,-638.3691153672996,-788.3691153672996,46.32683037244642,-872.3691153672996,1.9435951865022598,13.60516630551582,1.2982908558058572,9.088035990641,222.95888391326787,True,3.0,2025-06-03,True,1.0,True,1.0,0.2618449130761603,0.0,0.0,0.0,HEALTHY,REORDER,REORDER: Projected inventory breaches Reorder Point (398 units) in week 1 (within lead time of 13 days). Place PO now.,,,,False,False,Policy_B_LT,8,ENGINEERING_RECOMMENDATION_PENDING_BUSINESS_APPROVAL,Product 005,Storage,Lamp
2025-05-13,SKU006,True,2025-05-01,12,742.0,7.0,4.0,104.0,190.0,51.45778972177756,411.66231777422047,689.3838705802717,627.3838705802717,570.3243918205061,524.3243918205061,461.8310370231428,399.33768222577953,368.33768222577953,337.33768222577953,682.3838705802717,330.33768222577953,14.555619354226055,101.88933547958239,14.419585528485625,100.93709869939937,34.06635966841614,False,,,False,,False,,0.0,233.33768222577953,4.534545371796803,0.311532286015727,HIGH,OVERSTOCK,OVERSTOCK (HIGH): 233 excess units (4.5 weeks of cover above safety buffer). Defer future orders or review promotional clearance.,,,,False,False,Policy_B_LT,8,ENGINEERING_RECOMMENDATION_PENDING_BUSINESS_APPROVAL,Product 006,Furniture,Shelf
2025-05-13,SKU007,True,2025-05-01,12,574.0,782.0,12.0,167.0,439.0,202.44358054041146,1619.5486443232917,369.17425606733343,930.1742560673334,740.3391425419428,512.3391425419428,323.3952491093255,134.45135567670832,-64.54864432329168,-263.5486443232917,369.17425606733343,-1045.5486443232917,6.69816250226476,46.887137515853325,2.835357873377561,19.847505113642928,362.6828867898094,True,7.0,2025-07-01,True,6.0,True,1.0,0.0,0.0,0.0,0.0,HEALTHY,REORDER,REORDER: Projected inventory breaches Reorder Point (439 units) in week 1 (within lead time of 12 days). Place PO now.,,,,False,False,Policy_B_LT,8,ENGINEERING_RECOMMENDATION_PENDING_BUSINESS_APPROVAL,Product 007,Home Decor,Cabinet
2025-05-13,SKU008,True,2025-05-01,12,563.0,577.0,12.0,173.0,523.0,124.89924979490189,999.1939983592151,435.92600438736685,888.9260043873669,763.1657123341442,624.1657123341442,503.48585698746456,382.80600164078487,261.80600164078487,140.80600164078487,435.92600438736685,-436.19399835921513,9.127356664447573,63.89149665113301,4.5076331597227925,31.553432118059547,215.6454241840617,False,,,True,8.0,True,1.0,0.0,0.0,0.0,0.0,HEALTHY,REORDER,REORDER: Projected inventory breaches Reorder Point (523 units) in week 1 (within lead time of 12 days). Place PO now.,,,,False,False,Policy_B_LT,8,ENGINEERING_RECOMMENDATION_PENDING_BUSINESS_APPROVAL,Product 008,Kitchen,Rug
2025-05-13,SKU009,True,2025-05-01,12,154.0,46.0,12.0,88.0,222.0,91.86329698516874,734.90637588135,60.73714065917744,22.73714065917744,-70.1848182641624,-147.1848182641624,-242.04559707275615,-336.90637588134996,-435.90637588134996,-534.90637588135,60.73714065917744,-580.90637588135,2.1771480728836656,15.240036510185659,1.6764040161204228,11.73482811284296,153.26285934082256,True,3.0,2025-06-03,True,1.0,True,1.0,0.18526946893112428,0.0,0.0,0.0,HEALTHY,REORDER,REORDER: Projected inventory breaches Reorder Point (222 units) in week 1 (within lead time of 12 days). Place PO now.,,,,False,False,Policy_B_LT,8,ENGINEERING_RECOMMENDATION_PENDING_BUSINESS_APPROVAL,Product 009,Lighting,Organizer
2025-05-13,SKU010,True,2025-05-01,12,53.0,90.0,5.0,22.0,46.0,139.63931625532638,1117.114530042611,13.794527574576534,-116.20547242542347,-246.52853150745472,-408.5285315074548,-539.3215307750329,-670.114530042611,-822.114530042611,-974.114530042611,-76.20547242542347,-1064.114530042611,1.024066887713262,7.168468213992833,0.3795492660755447,2.656844862528813,92.28962316101676,True,2.0,2025-05-27,True,1.0,True,1.0,0.0,0.0,0.0,0.0,HEALTHY,REORDER,REORDER: Projected inventory breaches Reorder Point (46 units) in week 1 (within lead time of 5 days). Place PO now.,,,,False,False,Policy_B_LT,8,ENGINEERING_RECOMMENDATION_PENDING_BUSINESS_APPROVAL,Product 010,Storage,Sofa
2025-05-13,SKU011,True,2025-05-01,12,752.0,83.0,14.0,122.0,515.0,21.37515938626516,171.00127509012128,734.637244196988,799.637244196988,780.1374425612458,752.1374425612458,728.0680837355623,703.9987249098788,683.9987249098788,663.9987249098788,734.637244196988,580.9987249098788,39.06403619785583,273.4482533849908,35.18102421651208,246.26716951558456,35.36275580301192,False,,,False,,False,,0.0,541.9987249098788,25.35647641804935,0.6491002693531482,CRITICAL,OVERSTOCK,OVERSTOCK (CRITICAL): 542 excess units (25.4 weeks of cover above safety buffer). Defer future orders or review promotional clearance.,,,,False,False,Policy_B_LT,8,ENGINEERING_RECOMMENDATION_PENDING_BUSINESS_APPROVAL,Product 011,Furniture,Chair
2025-05-13,SKU012,True,2025-05-01,12,61.0,61.0,3.0,24.0,35.0,194.68191120536335,1557.4552896429068,-67.6249673772819,-250.6249673772819,-437.7455423284538,-642.7455423284538,-827.1004159856803,-1011.4552896429068,-1223.4552896429068,-1435.4552896429068,-128.6249673772819,-1496.4552896429068,0.6266632541495154,4.386642779046608,0.3133316270747577,2.193321389523304,81.26784316169224,True,1.0,2025-05-20,True,1.0,True,1.0,0.0,0.0,0.0,0.0,HEALTHY,CRITICAL REORDER,CRITICAL REORDER: Stockout projected in week 1 (within lead time of 3 days). Expedite replenishment immediately.,,,,False,False,Policy_B_LT,8,ENGINEERING_RECOMMENDATION_PENDING_BUSINESS_APPROVAL,Product 012,Home Decor,Table
2025-05-13,SKU013,True,2025-05-01,12,158.0,61.0,8.0,43.0,125.0,113.38588367463271,907.0870693970617,48.5983401488368,-2.4016598511632026,-109.11436737069448,-248.11436737069448,-363.1007183838781,-478.08706939706167,-583.0870693970617,-688.0870693970617,48.5983401488368,-749.0870693970617,1.9314573640263109,13.520201548184176,1.393471522904827,9.754300660333788,125.4016598511632,True,2.0,2025-05-27,True,2.0,True,1.0,0.0,0.0,0.0,0.0,HEALTHY,CRITICAL REORDER,CRITICAL REORDER: Stockout projected in week 2 (within lead time of 8 days). Expedite replenishment immediately.,,,,False,False,Policy_B_LT,8,ENGINEERING_RECOMMENDATION_PENDING_BUSINESS_APPROVAL,Product 013,Kitchen,Cushion
2025-05-13,SKU014,True,2025-05-01,12,426.0,304.0,9.0,72.0,264.0,170.9875606400704,1367.9004851205632,256.26682750150724,391.26682750150724,225.1824921743588,30.1824921743588,-137.85899647310214,-305.9004851205632,-471.9004851205632,-637.9004851205632,256.26682750150724,-941.9004851205632,4.269316418500486,29.885214929503398,2.4914093072345302,17.43986515064171,218.0188867842071,True,5.0,2025-06-17,True,4.0,True,1.0,0.0,0.0,0.0,0.0,HEALTHY,REORDER,REORDER: Projected inventory breaches Reorder Point (264 units) in week 1 (within lead time of 9 days). Place PO now.,,,,False,False,Policy_B_LT,8,ENGINEERING_RECOMMENDATION_PENDING_BUSINESS_APPROVAL,Product 014,Lighting,Cookware
2025-05-13,SKU015,True,2025-05-01,12,366.0,160.0,9.0,71.0,270.0,36.27772662441,290.22181299528,329.78648015657546,455.78648015657546,419.922115532552,382.922115532552,346.350151268636,309.77818700472,272.77818700472,235.77818700472,329.78648015657546,75.77818700472,14.49925474784501,101.49478323491506,10.088835052683029,70.62184536878121,45.92780555771025,False,,,False,,True,8.0,0.0,164.77818700472,4.542131008116881,0.31326651521809884,HIGH,MONITOR,MONITOR: Reorder Point breach projected in week 8. Review replenishment pipeline.,,,,False,False,Policy_B_LT,8,ENGINEERING_RECOMMENDATION_PENDING_BUSINESS_APPROVAL,Product 015,Storage,Lamp
2025-05-13,SKU016,True,2025-05-01,12,425.0,192.0,7.0,105.0,199.0,111.92647138319131,895.4117710655305,503.6089274818327,384.6089274818327,277.8630702430632,172.8630702430632,55.22564958876637,-62.4117710655305,-170.4117710655305,-278.4117710655305,311.6089274818327,-470.4117710655305,5.512547589279748,38.58783312495824,3.7971356976400212,26.579949883480147,113.39107251816729,True,6.0,2025-06-24,True,5.0,True,4.0,0.0,0.0,0.0,0.0,HEALTHY,MONITOR,MONITOR: Reorder Point breach projected in week 4. Review replenishment pipeline.,,,,False,False,Policy_B_LT,8,ENGINEERING_RECOMMENDATION_PENDING_BUSINESS_APPROVAL,Product 016,Furniture,Shelf
2025-05-13,SKU017,True,2025-05-01,12,375.0,119.0,13.0,90.0,298.0,118.86094849930521,950.8875879944417,256.9965215026287,245.9965215026287,126.75712636102713,16.757126361027133,-99.0652308167073,-214.88758799444167,-335.8875879944417,-456.8875879944417,256.9965215026287,-575.8875879944417,4.156116926854977,29.092818487984836,3.154947059859547,22.084629419016828,229.43204992594275,True,5.0,2025-06-17,True,4.0,True,1.0,0.0,0.0,0.0,0.0,HEALTHY,REORDER,REORDER: Projected inventory breaches Reorder Point (298 units) in week 1 (within lead time of 13 days). Place PO now.,,,,False,False,Policy_B_LT,8,ENGINEERING_RECOMMENDATION_PENDING_BUSINESS_APPROVAL,Product 017,Home Decor,Cabinet
2025-05-13,SKU018,True,2025-05-01,12,442.0,147.0,8.0,132.0,297.0,193.92277617732685,1551.3822094186148,241.76956975618975,200.76956975618975,3.5027393118538157,-205.49726068814618,-401.93973505338056,-598.3822094186148,-780.3822094186148,-962.3822094186148,241.76956975618975,-1109.3822094186148,3.0372915013417847,21.261040509392494,2.2792577989695566,15.954804592786896,227.08757310095308,True,4.0,2025-06-10,True,3.0,True,1.0,0.0,0.0,0.0,0.0,HEALTHY,REORDER,REORDER: Projected inventory breaches Reorder Point (297 units) in week 1 (within lead time of 8 days). Place PO now.,,,,False,False,Policy_B_LT,8,ENGINEERING_RECOMMENDATION_PENDING_BUSINESS_APPROVAL,Product 018,Kitchen,Rug
2025-05-13,SKU019,True,2025-05-01,12,117.0,7.0,10.0,45.0,137.0,123.14713177246216,985.1770541796973,-2.507246745615234,-123.50724674561525,-239.84320713379884,-384.84320713379884,-507.01013065674806,-629.1770541796973,-745.1770541796973,-861.1770541796973,-2.507246745615234,-868.1770541796973,1.0069256036682501,7.048479225677751,0.9500830292676231,6.650581204873362,174.36438960275808,True,1.0,2025-05-20,True,1.0,True,1.0,0.43872221227024155,0.0,0.0,0.0,HEALTHY,CRITICAL REORDER,CRITICAL REORDER: Stockout projected in week 1 (within lead time of 10 days). Expedite replenishment immediately.,,,,False,False,Policy_B_LT,8,ENGINEERING_RECOMMENDATION_PENDING_BUSINESS_APPROVAL,Product 019,Lighting,Organizer
2025-05-13,SKU020,True,2025-05-01,12,1083.0,486.0,8.0,325.0,675.0,111.7648988018871,894.1191904150968,967.5200689232821,1335.520068923282,1219.981624404239,1102.981624404239,991.9312169945712,880.8808095849032,777.8808095849032,674.8808095849032,967.5200689232821,188.8808095849032,14.038396820643909,98.26877774450736,9.68998327390526,67.82988291733682,132.33707393386078,False,,,False,,True,8.0,0.0,349.8808095849032,3.130507103174647,0.22299605454742077,HIGH,MONITOR,MONITOR: Reorder Point breach projected in week 8. Review replenishment pipeline.,,,,False,False,Policy_B_LT,8,ENGINEERING_RECOMMENDATION_PENDING_BUSINESS_APPROVAL,Product 020,Storage,Sofa
2025-05-13,SKU021,True,2025-05-01,12,123.0,197.0,11.0,32.0,122.0,67.7299935852876,541.8399486823008,50.75187108088275,186.75187108088275,115.24586674738666,42.245866747386685,-31.797040967457065,-105.83994868230081,-163.83994868230081,-221.83994868230081,50.75187108088275,-418.8399486823008,4.724642408197582,33.07249685738307,1.8160344256509455,12.712240979556618,107.10527177626011,True,5.0,2025-06-17,True,5.0,True,1.0,0.0,0.0,0.0,0.0,HEALTHY,REORDER,REORDER: Projected inventory breaches Reorder Point (122 units) in week 1 (within lead time of 11 days). Place PO now.,,,,False,False,Policy_B_LT,8,ENGINEERING_RECOMMENDATION_PENDING_BUSINESS_APPROVAL,Product 021,Furniture,Chair
2025-05-13,SKU022,True,2025-05-01,12,202.0,341.0,11.0,97.0,246.0,77.33718587164307,618.6974869731446,119.43960561718748,377.43960561718745,296.3813857075195,222.38138570751948,141.34194936718745,60.30251302685542,-7.697486973144578,-75.69748697314458,119.43960561718748,-416.6974869731446,7.021201946773961,49.148413627417725,2.6119388457612156,18.28357192032851,129.98896581138393,True,7.0,2025-07-01,True,6.0,True,1.0,0.0,0.0,0.0,0.0,HEALTHY,REORDER,REORDER: Projected inventory breaches Reorder Point (246 units) in week 1 (within lead time of 11 days). Place PO now.,,,,False,False,Policy_B_LT,8,ENGINEERING_RECOMMENDATION_PENDING_BUSINESS_APPROVAL,Product 022,Home Decor,Table
2025-05-13,SKU023,True,2025-05-01,12,257.0,37.0,10.0,32.0,135.0,115.83302931548948,926.6642345239159,138.7564731787209,66.75647317872091,-48.58819997801737,-161.58819997801737,-277.12621725096665,-392.66423452391587,-512.6642345239159,-632.6642345239159,138.7564731787209,-669.6642345239159,2.5381361580317883,17.766953106222516,2.2187108592318694,15.530976014623086,164.9578125355648,True,3.0,2025-06-03,True,3.0,True,2.0,0.0,0.0,0.0,0.0,HEALTHY,REORDER,REORDER: Projected inventory breaches Reorder Point (135 units) in week 2 (within lead time of 10 days). Place PO now.,,,,False,False,Policy_B_LT,8,ENGINEERING_RECOMMENDATION_PENDING_BUSINESS_APPROVAL,Product 023,Kitchen,Cushion
2025-05-13,SKU024,True,2025-05-01,12,345.0,362.0,13.0,97.0,311.0,107.30740353594967,858.4592282875974,234.98056053076192,495.9805605307619,390.27160667334005,267.27160667334005,155.90618919287135,44.5407717124026,-53.4592282875974,-151.4592282875974,234.98056053076192,-513.4592282875974,6.588548196147006,46.11983737302904,3.215062415375837,22.50543690763086,196.59086804066666,True,7.0,2025-07-01,True,6.0,True,1.0,0.0,0.0,0.0,0.0,HEALTHY,REORDER,REORDER: Projected inventory breaches Reorder Point (311 units) in week 1 (within lead time of 13 days). Place PO now.,,,,False,False,Policy_B_LT,8,ENGINEERING_RECOMMENDATION_PENDING_BUSINESS_APPROVAL,Product 024,Lighting,Cookware
2025-05-13,SKU025,True,2025-05-01,12,847.0,772.0,4.0,303.0,477.0,20.233646808350652,161.86917446680522,1600.9706349509195,1585.9706349509195,1566.5706219809488,1547.5706219809488,1523.3507237570718,1499.1308255331949,1478.1308255331949,1457.1308255331949,828.9706349509194,685.1308255331948,80.01523478861066,560.1066435202746,41.86096594561657,293.026761619316,10.30249431376035,False,,,False,,False,,0.0,1154.1308255331949,57.04017849401583,0.7128664765492247,CRITICAL,OVERSTOCK,OVERSTOCK (CRITICAL): 1154 excess units (57.0 weeks of cover above safety buffer). Defer future orders or review promotional clearance.,,,,False,False,Policy_B_LT,8,ENGINEERING_RECOMMENDATION_PENDING_BUSINESS_APPROVAL,Product 025,Storage,Lamp
2025-05-13,SKU026,True,2025-05-01,12,136.0,42.0,6.0,40.0,85.0,186.3801478854948,1491.0411830839585,-6.629790872044481,-196.6297908720445,-383.3251186308336,-572.3251186308336,-754.6831508573961,-937.0411830839585,-1125.0411830839585,-1313.0411830839585,-48.62979087204448,-1355.0411830839585,0.9550373364300405,6.685261355010284,0.7296914480589073,5.107840136412351,158.2541064617524,True,1.0,2025-05-20,True,1.0,True,1.0,0.1089057918867804,0.0,0.0,0.0,HEALTHY,CRITICAL REORDER,CRITICAL REORDER: Stockout projected in week 1 (within lead time of 6 days). Expedite replenishment immediately.,,,,False,False,Policy_B_LT,8,ENGINEERING_RECOMMENDATION_PENDING_BUSINESS_APPROVAL,Product 026,Furniture,Shelf
2025-05-13,SKU027,True,2025-05-01,12,614.0,389.0,12.0,68.0,332.0,192.68246369894985,1541.4597095915988,413.8467784455105,608.8467784455105,410.45743518379174,206.45743518379174,14.998862796096432,-176.45970959159877,-357.45970959159877,-538.4597095915988,413.8467784455105,-927.4597095915988,5.205455549743765,36.43818884820635,3.186589937729483,22.30612956410638,338.72465012591806,True,6.0,2025-06-24,True,5.0,True,4.0,0.0,0.0,0.0,0.0,HEALTHY,MONITOR,MONITOR: Reorder Point breach projected in week 4. Review replenishment pipeline.,,,,False,False,Policy_B_LT,8,ENGINEERING_RECOMMENDATION_PENDING_BUSINESS_APPROVAL,Product 027,Home Decor,Cabinet
2025-05-13,SKU028,True,2025-05-01,12,455.0,166.0,10.0,101.0,358.0,42.44653166183047,339.57225329464376,408.2504929822117,536.2504929822118,491.80923932010234,435.80923932010234,390.6184930127293,345.42774670535624,313.42774670535624,281.42774670535624,408.2504929822117,115.42774670535624,14.630170609638448,102.41119426746914,10.719368160041054,75.03557712028737,63.03522130350257,False,,,False,,True,6.0,0.0,180.42774670535624,4.250706468618347,0.29054387553197464,HIGH,MONITOR,MONITOR: Reorder Point breach projected in week 6. Review replenishment pipeline.,,,,False,False,Policy_B_LT,8,ENGINEERING_RECOMMENDATION_PENDING_BUSINESS_APPROVAL,Product 028,Kitchen,Rug
2025-05-13,SKU029,True,2025-05-01,12,516.0,644.0,10.0,195.0,518.0,128.08860868179747,1024.7088694543797,391.74361467647964,904.7436146764796,779.5835042028468,649.5835042028468,522.4373173742335,395.29113054562026,265.29113054562026,135.29113054562026,391.74361467647964,-508.70886945437974,9.05623077600691,63.393615432048364,4.028461276223763,28.199228933566342,180.3992424663775,False,,,True,8.0,True,1.0,0.0,0.0,0.0,0.0,HEALTHY,REORDER,REORDER: Projected inventory breaches Reorder Point (518 units) in week 1 (within lead time of 10 days). Place PO now.,,,,False,False,Policy_B_LT,8,ENGINEERING_RECOMMENDATION_PENDING_BUSINESS_APPROVAL,Product 029,Lighting,Organizer
2025-05-13,SKU030,True,2025-05-01,12,227.0,115.0,4.0,51.0,86.0,39.63499286718702,317.0799429374962,303.87335372388077,256.87335372388077,215.52644133984757,174.52644133984757,127.72324920117569,80.92005706250382,52.920057062503815,24.920057062503815,188.87335372388077,-90.07994293749618,8.628738780047431,60.40117146033202,5.727262289680605,40.09083602776424,21.78665501492527,False,,,True,8.0,True,6.0,0.0,0.0,0.0,0.0,HEALTHY,MONITOR,MONITOR: Reorder Point breach projected in week 6. Review replenishment pipeline.,,,,False,False,Policy_B_LT,8,ENGINEERING_RECOMMENDATION_PENDING_BUSINESS_APPROVAL,Product 030,Storage,Sofa
2025-05-13,SKU031,True,2025-05-01,12,138.0,37.0,10.0,55.0,125.0,149.9718429702419,1199.7747437619353,-10.327996935763451,-120.32799693576345,-265.5383546017791,-426.538354601779,-577.6565491818571,-728.7747437619353,-876.7747437619353,-1024.7747437619353,-10.327996935763451,-1061.7747437619353,1.1668857069038239,8.168199948326768,0.9201727288727297,6.441209102109108,211.32799693576345,True,1.0,2025-05-20,True,1.0,True,1.0,0.3500355380971061,0.0,0.0,0.0,HEALTHY,CRITICAL REORDER,CRITICAL REORDER: Stockout projected in week 1 (within lead time of 10 days). Expedite replenishment immediately.,,,,False,False,Policy_B_LT,8,ENGINEERING_RECOMMENDATION_PENDING_BUSINESS_APPROVAL,Product 031,Furniture,Chair
2025-05-13,SKU032,True,2025-05-01,12,295.0,2.0,3.0,71.0,113.0,79.75685178043867,638.0548142435093,216.71025381068984,143.71025381068984,66.23089132289687,-16.769108677103134,-97.91196146030626,-179.05481424350938,-260.0548142435093,-341.0548142435093,214.71025381068984,-343.0548142435093,3.7238179964475835,26.066725975133085,3.69874178098329,25.89119246688303,34.40989122399007,True,4.0,2025-06-10,True,3.0,True,3.0,0.0,0.0,0.0,0.0,HEALTHY,MONITOR,MONITOR: Reorder Point breach projected in week 3. Review replenishment pipeline.,,,,False,False,Policy_B_LT,8,ENGINEERING_RECOMMENDATION_PENDING_BUSINESS_APPROVAL,Product 032,Home Decor,Table
2025-05-13,SKU033,True,2025-05-01,12,261.0,295.0,8.0,74.0,182.0,144.87446544894414,1158.995723591553,109.92845548559544,278.92845548559546,128.71472562719703,-17.285274372802974,-164.14049898217797,-310.995723591553,-456.995723591553,-602.9957235915531,109.92845548559544,-897.9957235915531,3.8378053598129926,26.864637518690948,1.8015597102719263,12.610917971903485,169.07154451440456,True,4.0,2025-06-10,True,4.0,True,1.0,0.0,0.0,0.0,0.0,HEALTHY,REORDER,REORDER: Projected inventory breaches Reorder Point (182 units) in week 1 (within lead time of 8 days). Place PO now.,,,,False,False,Policy_B_LT,8,ENGINEERING_RECOMMENDATION_PENDING_BUSINESS_APPROVAL,Product 033,Kitchen,Cushion
2025-05-13,SKU034,True,2025-05-01,12,75.0,154.0,9.0,49.0,106.0,163.38628344400627,1307.0902675520501,-81.23505820146434,-76.23505820146431,-233.50310934892525,-392.50310934892525,-557.2966884504877,-722.0902675520502,-900.0902675520501,-1078.0902675520501,-81.23505820146434,-1232.0902675520501,1.4015864439347507,9.811105107543256,0.45903486155068257,3.213244030854778,198.80648677289292,True,1.0,2025-05-20,True,1.0,True,1.0,0.11606246073623161,0.0,0.0,0.0,HEALTHY,CRITICAL REORDER,CRITICAL REORDER: Stockout projected in week 1 (within lead time of 9 days). Expedite replenishment immediately.,,,,False,False,Policy_B_LT,8,ENGINEERING_RECOMMENDATION_PENDING_BUSINESS_APPROVAL,Product 034,Lighting,Cookware
2025-05-13,SKU035,True,2025-05-01,12,349.0,465.0,8.0,190.0,394.0,174.21907465097757,1393.7525972078206,172.13972151776542,472.13972151776545,289.7864652921795,116.78646529217951,-60.483065957820486,-237.7525972078206,-408.7525972078206,-579.7525972078206,172.13972151776542,-1044.7525972078206,4.672278288876978,32.70594802213884,2.0032249666069597,14.022574766248718,200.43170705366313,True,5.0,2025-06-17,True,1.0,True,1.0,0.0,0.0,0.0,0.0,HEALTHY,REORDER,REORDER: Projected inventory breaches Reorder Point (394 units) in week 1 (within lead time of 8 days). Place PO now.,,,,False,False,Policy_B_LT,8,ENGINEERING_RECOMMENDATION_PENDING_BUSINESS_APPROVAL,Product 035,Storage,Lamp
2025-05-13,SKU036,True,2025-05-01,12,330.0,635.0,10.0,135.0,378.0,42.37567909688236,339.00543277505886,285.1185372566794,886.1185372566795,840.6131585335349,796.6131585335349,755.3038628792381,713.9945672249412,669.9945672249412,625.9945672249412,285.1185372566794,-9.005432775058864,22.772496407520617,159.40747485264433,7.787485818115859,54.51240072681101,59.452891314749166,False,,,False,,True,1.0,0.0,490.9945672249412,11.58670675465504,0.5088026603367266,CRITICAL,REORDER,REORDER: Projected inventory breaches Reorder Point (378 units) in week 1 (within lead time of 10 days). Place PO now.,,,,False,False,Policy_B_LT,8,ENGINEERING_RECOMMENDATION_PENDING_BUSINESS_APPROVAL,Product 036,Furniture,Shelf
2025-05-13,SKU037,True,2025-05-01,12,737.0,831.0,14.0,295.0,1041.0,195.5042297851535,1564.033838281228,551.5303554443578,1196.5303554443578,1011.6250362304907,797.6250362304907,599.7955989746313,401.9661617187719,202.9661617187719,3.9661617187719003,551.5303554443578,-827.0338382812281,8.020286833298341,56.142007833088385,3.7697394108041307,26.388175875628914,371.46964455564216,False,,,True,7.0,True,1.0,0.0,0.0,0.0,0.0,HEALTHY,REORDER,REORDER: Projected inventory breaches Reorder Point (1041 units) in week 1 (within lead time of 14 days). Place PO now.,,,,False,False,Policy_B_LT,8,ENGINEERING_RECOMMENDATION_PENDING_BUSINESS_APPROVAL,Product 037,Home Decor,Cabinet
2025-05-13,SKU038,True,2025-05-01,12,111.0,164.0,14.0,48.0,214.0,64.60079606230312,516.806368498425,43.47113546886027,154.47113546886027,88.93327078380167,19.933270783801674,-47.93654885731161,-115.80636849842489,-178.8063684984249,-241.80636849842494,43.47113546886027,-405.80636849842494,4.256913486557983,29.79839440590588,1.7182450800288587,12.027715560202012,120.52886453113973,True,5.0,2025-06-17,True,1.0,True,1.0,0.0,0.0,0.0,0.0,HEALTHY,REORDER,REORDER: Projected inventory breaches Reorder Point (214 units) in week 1 (within lead time of 14 days). Place PO now.,,,,False,False,Policy_B_LT,8,ENGINEERING_RECOMMENDATION_PENDING_BUSINESS_APPROVAL,Product 038,Kitchen,Rug
2025-05-13,SKU039,True,2025-05-01,12,95.0,38.0,5.0,25.0,59.0,26.059710248512154,208.47768198809723,107.28558171429535,83.28558171429535,55.62066472210785,27.620664722107847,-0.9285086329946921,-29.47768198809723,-52.47768198809723,-75.47768198809723,69.28558171429535,-113.47768198809723,5.103663806376875,35.725646644638125,3.645474147412054,25.518319031884378,18.367441632646187,True,5.0,2025-06-17,True,5.0,True,3.0,0.0,0.0,0.0,0.0,HEALTHY,MONITOR,MONITOR: Reorder Point breach projected in week 3. Review replenishment pipeline.,,,,False,False,Policy_B_LT,8,ENGINEERING_RECOMMENDATION_PENDING_BUSINESS_APPROVAL,Product 039,Lighting,Organizer
2025-05-13,SKU040,True,2025-05-01,12,188.0,241.0,12.0,55.0,153.0,123.15051309064009,985.2041047251207,67.44981830954728,183.44981830954728,63.335995372535535,-70.66400462746446,-193.4340546762926,-316.2041047251207,-436.2041047251207,-556.2041047251207,67.44981830954728,-797.2041047251207,3.483542124459128,24.384794871213895,1.5265872247046994,10.686110572932897,209.835895976167,True,4.0,2025-06-10,True,4.0,True,1.0,0.0,0.0,0.0,0.0,HEALTHY,REORDER,REORDER: Projected inventory breaches Reorder Point (153 units) in week 1 (within lead time of 12 days). Place PO now.,,,,False,False,Policy_B_LT,8,ENGINEERING_RECOMMENDATION_PENDING_BUSINESS_APPROVAL,Product 040,Storage,Sofa
2025-05-13,SKU041,True,2025-05-01,12,327.0,1.0,4.0,58.0,134.0,91.02597189045667,728.2077751236534,238.81810378259655,153.81810378259655,66.71179579919811,-31.288204200801886,-130.74798966222767,-230.2077751236534,-315.2077751236534,-400.2077751236534,237.81810378259655,-401.2077751236534,3.603367183980467,25.223570287863268,3.592381308419551,25.146669158936856,50.96108355280196,True,4.0,2025-06-10,True,4.0,True,3.0,0.0,0.0,0.0,0.0,HEALTHY,MONITOR,MONITOR: Reorder Point breach projected in week 3. Review replenishment pipeline.,,,,False,False,Policy_B_LT,8,ENGINEERING_RECOMMENDATION_PENDING_BUSINESS_APPROVAL,Product 041,Furniture,Chair
2025-05-13,SKU042,True,2025-05-01,12,224.0,150.0,9.0,57.0,141.0,177.81181904214083,1422.4945523371266,36.07502774099845,24.07502774099845,-157.75538607736098,-367.755386077361,-548.1249692072438,-728.4945523371266,-888.4945523371266,-1048.4945523371266,36.07502774099845,-1198.4945523371266,2.103347246626858,14.723430726388006,1.2597587787283855,8.818311451098698,234.21068654471586,True,3.0,2025-06-03,True,1.0,True,1.0,0.0,0.0,0.0,0.0,HEALTHY,REORDER,REORDER: Projected inventory breaches Reorder Point (141 units) in week 1 (within lead time of 9 days). Place PO now.,,,,False,False,Policy_B_LT,8,ENGINEERING_RECOMMENDATION_PENDING_BUSINESS_APPROVAL,Product 042,Home Decor,Table
2025-05-13,SKU043,True,2025-05-01,12,213.0,479.0,6.0,117.0,273.0,176.93172101291987,1415.453768103359,517.7796913692974,336.77969136929744,161.1225258419537,-29.87747415804631,-204.66562113070256,-379.4537681033589,-551.4537681033589,-723.4537681033589,38.77969136929744,-1202.453768103359,3.91111325904906,27.37779281334342,1.2038542256899563,8.426979579829695,149.33169311203076,True,4.0,2025-06-10,True,4.0,True,3.0,0.0,0.0,0.0,0.0,HEALTHY,MONITOR,MONITOR: Reorder Point breach projected in week 3. Review replenishment pipeline.,,,,False,False,Policy_B_LT,8,ENGINEERING_RECOMMENDATION_PENDING_BUSINESS_APPROVAL,Product 043,Kitchen,Cushion
2025-05-13,SKU044,True,2025-05-01,12,219.0,338.0,13.0,52.0,184.0,80.3337419685142,642.6699357481136,141.32569260881996,402.32569260881996,327.25940079973793,242.25940079973793,160.29473252581215,78.33006425188637,-3.6699357481136303,-85.66993574811363,141.32569260881996,-423.66993574811363,6.933574689179911,48.53502282425937,2.7261272117242377,19.082890482069665,143.67430739118004,True,7.0,2025-07-01,True,7.0,True,1.0,0.0,0.0,0.0,0.0,HEALTHY,REORDER,REORDER: Projected inventory breaches Reorder Point (184 units) in week 1 (within lead time of 13 days). Place PO now.,,,,False,False,Policy_B_LT,8,ENGINEERING_RECOMMENDATION_PENDING_BUSINESS_APPROVAL,Product 044,Lighting,Cookware
2025-05-13,SKU045,True,2025-05-01,12,471.0,283.0,9.0,53.0,210.0,199.18576634325262,1593.486130746021,283.8562459629633,383.8562459629633,201.45188805280713,-26.548111947192865,-209.01712134660693,-391.486130746021,-615.486130746021,-839.486130746021,283.8562459629633,-1122.486130746021,3.7854110453888947,26.497877317722264,2.364626793604999,16.552387555234993,239.42946832275098,True,4.0,2025-06-10,True,4.0,True,3.0,0.0,0.0,0.0,0.0,HEALTHY,MONITOR,MONITOR: Reorder Point breach projected in week 3. Review replenishment pipeline.,,,,False,False,Policy_B_LT,8,ENGINEERING_RECOMMENDATION_PENDING_BUSINESS_APPROVAL,Product 045,Storage,Lamp
2025-05-13,SKU046,True,2025-05-01,12,517.0,32.0,14.0,94.0,307.0,76.39678076412105,611.1742461129684,440.71866007599647,392.71866007599647,318.05527659210975,246.05527659210975,164.9405152395707,83.82575388703162,10.825753887031624,-62.174246112968376,440.71866007599647,-94.17424611296838,7.186166674942305,50.30316672459613,6.767300857823628,47.371106004765394,156.28133992400356,True,8.0,2025-07-08,True,6.0,True,4.0,0.0,0.0,0.0,0.0,HEALTHY,MONITOR,MONITOR: Reorder Point breach projected in week 4. Review replenishment pipeline.,,,,False,False,Policy_B_LT,8,ENGINEERING_RECOMMENDATION_PENDING_BUSINESS_APPROVAL,Product 046,Furniture,Shelf
2025-05-13,SKU047,True,2025-05-01,12,120.0,113.0,11.0,48.0,127.0,117.12446001868487,936.995680149479,3.56456154973975,-6.43543845026025,-121.0560134014321,-247.0560134014321,-360.52584677545553,-473.99568014947897,-588.995680149479,-703.995680149479,3.56456154973975,-816.995680149479,1.9893368128470303,13.925357689929212,1.0245511482473977,7.171858037731784,186.72115273597453,True,2.0,2025-05-27,True,1.0,True,1.0,0.0,0.0,0.0,0.0,HEALTHY,CRITICAL REORDER,CRITICAL REORDER: Stockout projected in week 2 (within lead time of 11 days). Expedite replenishment immediately.,,,,False,False,Policy_B_LT,8,ENGINEERING_RECOMMENDATION_PENDING_BUSINESS_APPROVAL,Product 047,Home Decor,Cabinet
2025-05-13,SKU048,True,2025-05-01,12,83.0,53.0,5.0,15.0,37.0,72.95613051979808,583.6490441583846,64.38273226983804,-5.617267730161956,-80.72988522283774,-155.72988522283777,-232.6894646906112,-309.64904415838464,-378.64904415838464,-447.64904415838464,11.382732269838044,-500.64904415838464,1.8641339532541918,13.048937672779342,1.1376699861771906,7.9636899032403345,51.15519123582997,True,2.0,2025-05-27,True,2.0,True,2.0,0.0,0.0,0.0,0.0,HEALTHY,MONITOR,MONITOR: Reorder Point breach projected in week 2. Review replenishment pipeline.,,,,False,False,Policy_B_LT,8,ENGINEERING_RECOMMENDATION_PENDING_BUSINESS_APPROVAL,Product 048,Kitchen,Rug
2025-05-13,SKU049,True,2025-05-01,12,407.0,723.0,10.0,199.0,552.0,193.0336803683893,1544.2694429471144,212.20782145718246,748.2078214571825,551.8398405001512,354.83984050015124,163.28519877651843,-28.269442947114385,-221.26944294711438,-414.2694429471144,212.20782145718246,-1137.2694429471144,5.853900717447265,40.97730502213085,2.108440346903572,14.759082428325003,274.9350356856747,True,6.0,2025-06-24,True,5.0,True,1.0,0.0,0.0,0.0,0.0,HEALTHY,REORDER,REORDER: Projected inventory breaches Reorder Point (552 units) in week 1 (within lead time of 10 days). Place PO now.,,,,False,False,Policy_B_LT,8,ENGINEERING_RECOMMENDATION_PENDING_BUSINESS_APPROVAL,Product 049,Lighting,Organizer
2025-05-13,SKU050,True,2025-05-01,12,684.0,96.0,9.0,121.0,309.0,51.01059281074529,408.0847424859623,631.5210581426999,686.5210581426999,632.6267214422603,583.6267214422603,529.770989478149,475.9152575140377,423.9152575140377,371.9152575140377,631.5210581426999,275.9152575140377,15.290941685266878,107.03659179686815,13.40897963169557,93.86285742186898,64.1932275715859,False,,,False,,False,,0.0,250.9152575140377,4.918885346911375,0.32168622758209964,HIGH,OVERSTOCK,OVERSTOCK (HIGH): 251 excess units (4.9 weeks of cover above safety buffer). Defer future orders or review promotional clearance.,,,,False,False,Policy_B_LT,8,ENGINEERING_RECOMMENDATION_PENDING_BUSINESS_APPROVAL,Product 050,Storage,Sofa
2025-06-10,SKU001,True,2025-06-01,9,406.0,297.0,3.0,126.0,239.0,105.64647014311635,845.1717611449308,591.9590906006747,487.9590906006747,373.35805452889736,254.35805452889736,141.0931466919833,27.82823885506923,-57.17176114493077,-142.17176114493077,294.9590906006747,-439.17176114493077,6.65426870436528,46.57988093055696,3.843005823573689,26.90104076501582,47.5889611711394,True,7.0,2025-07-29,True,6.0,True,5.0,0.0,0.0,0.0,0.0,HEALTHY,MONITOR,MONITOR: Reorder Point breach projected in week 5. Review replenishment pipeline.,,,,False,False,Policy_B_LT,8,ENGINEERING_RECOMMENDATION_PENDING_BUSINESS_APPROVAL,Product 001,Furniture,Chair
2025-06-10,SKU002,True,2025-06-01,9,606.0,130.0,10.0,89.0,336.0,80.1467641929834,641.1741135438672,521.8444258848438,591.8444258848438,509.15642234480464,428.15642234480464,343.4911544004687,258.82588645613276,176.82588645613282,94.82588645613282,521.8444258848438,-35.17411354386718,9.183153024466515,64.2820711712656,7.561128713079766,52.92790099155836,109.86985982944202,False,,,False,,True,6.0,0.0,5.825886456132821,0.07269022667097094,0.007915606598006551,MONITOR,MONITOR,MONITOR: Reorder Point breach projected in week 6. Review replenishment pipeline.,,,,False,False,Policy_B_LT,8,ENGINEERING_RECOMMENDATION_PENDING_BUSINESS_APPROVAL,Product 002,Home Decor,Table
2025-06-10,SKU003,True,2025-06-01,9,241.0,92.0,6.0,39.0,117.0,46.0134091653257,368.1072733226056,283.7143285450702,231.7143285450702,184.08703972671083,147.08703972671083,91.98988320205262,36.89272667739442,0.8927266773944211,-35.10727332260558,191.7143285450702,-127.10727332260558,7.237020817204273,50.65914572042991,5.237603654493183,36.66322558145228,42.24486124708269,True,8.0,2025-08-05,True,6.0,True,5.0,0.0,0.0,0.0,0.0,HEALTHY,MONITOR,MONITOR: Reorder Point breach projected in week 5. Review replenishment pipeline.,,,,False,False,Policy_B_LT,8,ENGINEERING_RECOMMENDATION_PENDING_BUSINESS_APPROVAL,Product 003,Kitchen,Cushion
2025-06-10,SKU004,True,2025-06-01,9,147.0,692.0,11.0,162.0,401.0,33.32049687447239,266.5639749957791,113.9950040386447,771.9950040386447,736.6494725750216,699.6494725750217,660.0427487896213,620.4360250042209,596.4360250042209,572.4360250042209,113.9950040386447,-119.56397499577912,25.179696544164607,176.25787580915224,4.411698917749937,30.881892424249557,52.433567389926736,False,,,True,1.0,True,1.0,0.0,410.43602500422094,12.317824267460596,0.4891966924960917,CRITICAL,REORDER,REORDER: Projected inventory breaches Reorder Point (401 units) in week 1 (within lead time of 11 days). Place PO now.,,,,False,False,Policy_B_LT,8,ENGINEERING_RECOMMENDATION_PENDING_BUSINESS_APPROVAL,Product 004,Lighting,Cookware
2025-06-10,SKU005,True,2025-06-01,9,699.0,474.0,6.0,169.0,316.0,128.37759425129687,1027.020754010375,1040.0604227474375,888.0604227474375,758.8802774837657,617.8802774837657,485.92976173669535,353.97924598962504,249.97924598962504,145.97924598962504,566.0604227474375,-328.02075401037496,9.137108440464099,63.95975908324869,5.444875362220294,38.11412753554206,113.94820907362501,False,,,True,8.0,True,7.0,0.0,0.0,0.0,0.0,HEALTHY,MONITOR,MONITOR: Reorder Point breach projected in week 7. Review replenishment pipeline.,,,,False,False,Policy_B_LT,8,ENGINEERING_RECOMMENDATION_PENDING_BUSINESS_APPROVAL,Product 005,Storage,Lamp
2025-06-10,SKU006,True,2025-06-01,9,509.0,111.0,8.0,174.0,349.0,54.80640274751333,438.45122198010665,452.57153650378007,516.5715365037801,460.8339647874715,407.8339647874715,351.6913714036824,295.54877801989335,238.54877801989335,181.54877801989335,452.57153650378007,70.54877801989335,11.312546872602956,79.1878281082207,9.287236061540169,65.01065243078118,63.14274921050563,False,,,False,,True,6.0,0.0,7.548778019893348,0.13773533093696522,0.012175448419182819,MONITOR,MONITOR,MONITOR: Reorder Point breach projected in week 6. Review replenishment pipeline.,,,,False,False,Policy_B_LT,8,ENGINEERING_RECOMMENDATION_PENDING_BUSINESS_APPROVAL,Product 006,Furniture,Shelf
2025-06-10,SKU007,True,2025-06-01,9,519.0,600.0,11.0,76.0,322.0,197.0985041433447,1576.7880331467577,318.88898406515625,696.8889840651563,500.0652688551953,286.0652688551953,92.13861785421886,-101.7880331467577,-279.7880331467577,-457.7880331467577,318.88898406515625,-1057.7880331467577,5.6773642441557035,39.741549709089924,2.633201110560152,18.432407773921064,326.9681587919866,True,6.0,2025-07-22,True,6.0,True,1.0,0.0,0.0,0.0,0.0,HEALTHY,REORDER,REORDER: Projected inventory breaches Reorder Point (322 units) in week 1 (within lead time of 11 days). Place PO now.,,,,False,False,Policy_B_LT,8,ENGINEERING_RECOMMENDATION_PENDING_BUSINESS_APPROVAL,Product 007,Home Decor,Cabinet
2025-06-10,SKU008,True,2025-06-01,9,903.0,398.0,4.0,148.0,264.0,127.78496504711066,1022.2797203768853,1173.1477393399116,1034.1477393399116,909.0878028164741,769.0878028164741,641.9040412197944,514.7202796231147,396.7202796231147,278.7202796231147,775.1477393399116,-119.27972037688528,10.181166458200764,71.26816520740535,7.0665590405498,49.4659132838486,73.05843466290763,False,,,False,,False,,0.0,130.72027962311472,1.022970735054174,0.10047677142437719,MONITOR,OVERSTOCK,OVERSTOCK (MONITOR): 131 excess units (1.0 weeks of cover above safety buffer). Defer future orders or review promotional clearance.,,,,False,False,Policy_B_LT,8,ENGINEERING_RECOMMENDATION_PENDING_BUSINESS_APPROVAL,Product 008,Kitchen,Rug
2025-06-10,SKU009,True,2025-06-01,9,263.0,120.0,3.0,79.0,116.0,82.17089416068745,657.3671532854996,299.58303439760584,235.58303439760584,151.337833286766,71.337833286766,-19.514659999366813,-110.36715328549963,-192.36715328549963,-274.3671532854996,179.58303439760584,-394.3671532854996,4.661017796046285,32.62712457232399,3.2006466850135067,22.404526795094547,35.750128115311774,True,5.0,2025-07-15,True,4.0,True,4.0,0.0,0.0,0.0,0.0,HEALTHY,MONITOR,MONITOR: Reorder Point breach projected in week 4. Review replenishment pipeline.,,,,False,False,Policy_B_LT,8,ENGINEERING_RECOMMENDATION_PENDING_BUSINESS_APPROVAL,Product 009,Lighting,Organizer
2025-06-10,SKU010,True,2025-06-01,9,36.0,6.0,10.0,18.0,59.0,131.54015171084558,1052.3212136867646,-111.3591165187959,-248.35911651879587,-393.4581460598115,-525.4581460598115,-662.8896798732881,-800.3212136867646,-905.3212136867646,-1010.3212136867646,-111.3591165187959,-1016.3212136867646,0.31929414291938263,2.2350590004356783,0.2736806939308994,1.9157648575162958,208.6448308045102,True,1.0,2025-06-17,True,1.0,True,1.0,0.7960318505909562,0.0,0.0,0.0,HEALTHY,CRITICAL REORDER,CRITICAL REORDER: Stockout projected in week 1 (within lead time of 10 days). Expedite replenishment immediately.,,,,False,False,Policy_B_LT,8,ENGINEERING_RECOMMENDATION_PENDING_BUSINESS_APPROVAL,Product 010,Storage,Sofa
2025-06-10,SKU011,True,2025-06-01,9,735.0,114.0,3.0,155.0,236.0,21.2561515539345,170.049212431476,828.111676240399,808.111676240399,785.4794893507506,767.4794893507506,742.2151384596373,716.950787568524,697.950787568524,678.950787568524,714.111676240399,564.950787568524,39.94137875079511,279.58965125556574,34.57822542029966,242.04757794209763,8.952138754114715,False,,,False,,False,,0.0,523.950787568524,24.64937202950743,0.617138736829828,CRITICAL,OVERSTOCK,OVERSTOCK (CRITICAL): 524 excess units (24.6 weeks of cover above safety buffer). Defer future orders or review promotional clearance.,,,,False,False,Policy_B_LT,8,ENGINEERING_RECOMMENDATION_PENDING_BUSINESS_APPROVAL,Product 011,Furniture,Chair
2025-06-10,SKU012,True,2025-06-01,9,62.0,73.0,3.0,24.0,37.0,195.49912662605024,1563.993013008402,-70.0557266314488,-285.0557266314488,-480.60217438535506,-684.602174385355,-884.7975936968785,-1084.993013008402,-1256.993013008402,-1428.993013008402,-143.0557266314488,-1501.993013008402,0.690540169308415,4.833781185158905,0.31713696664534613,2.219958766517423,87.88102569919234,True,1.0,2025-06-17,True,1.0,True,1.0,0.0,0.0,0.0,0.0,HEALTHY,CRITICAL REORDER,CRITICAL REORDER: Stockout projected in week 1 (within lead time of 3 days). Expedite replenishment immediately.,,,,False,False,Policy_B_LT,8,ENGINEERING_RECOMMENDATION_PENDING_BUSINESS_APPROVAL,Product 012,Home Decor,Table
2025-06-10,SKU013,True,2025-06-01,9,177.0,207.0,7.0,44.0,121.0,105.57582919779257,844.6066335823406,273.3518777701985,165.35187777019848,56.07073458172192,-48.92926541827808,-160.76794950030933,-272.6066335823406,-366.6066335823406,-460.6066335823406,66.35187777019848,-667.6066335823406,3.637196154818634,25.46037308373044,1.676520102611714,11.735640718281998,110.64812222980152,True,4.0,2025-07-08,True,4.0,True,3.0,0.0,0.0,0.0,0.0,HEALTHY,MONITOR,MONITOR: Reorder Point breach projected in week 3. Review replenishment pipeline.,,,,False,False,Policy_B_LT,8,ENGINEERING_RECOMMENDATION_PENDING_BUSINESS_APPROVAL,Product 013,Kitchen,Cushion
2025-06-10,SKU014,True,2025-06-01,9,236.0,52.0,10.0,72.0,297.0,164.3054033984469,1314.4432271875753,62.5676065526591,-55.43239344734093,-228.29948939460655,-412.29948939460655,-584.3713582910909,-756.4432271875753,-891.4432271875753,-1026.4432271875753,62.5676065526591,-1078.4432271875753,1.7528334068331821,12.269833847832274,1.4363495972660798,10.054447180862558,246.28953630448376,True,2.0,2025-06-24,True,1.0,True,1.0,0.061039001306017915,0.0,0.0,0.0,HEALTHY,CRITICAL REORDER,CRITICAL REORDER: Stockout projected in week 2 (within lead time of 10 days). Expedite replenishment immediately.,,,,False,False,Policy_B_LT,8,ENGINEERING_RECOMMENDATION_PENDING_BUSINESS_APPROVAL,Product 014,Lighting,Cookware
2025-06-10,SKU015,True,2025-06-01,9,324.0,115.0,8.0,130.0,299.0,30.72860838294901,245.82886706359207,293.228448762824,375.228448762824,344.16255368225757,317.16255368225757,285.16684330933276,253.17113293640793,223.17113293640793,193.17113293640793,293.228448762824,78.17113293640793,14.286361247767948,100.00452873437564,10.543920374206868,73.80744261944808,35.48583695146176,False,,,False,,True,1.0,0.0,63.17113293640793,2.055775912438031,0.14389779712165815,HIGH,REORDER,REORDER: Projected inventory breaches Reorder Point (299 units) in week 1 (within lead time of 8 days). Place PO now.,,,,False,False,Policy_B_LT,8,ENGINEERING_RECOMMENDATION_PENDING_BUSINESS_APPROVAL,Product 015,Storage,Lamp
2025-06-10,SKU016,True,2025-06-01,9,123.0,148.0,6.0,79.0,147.0,107.02542072366685,856.2033657893348,159.204936517794,56.20493651779401,-56.51784943191302,-170.51784943191302,-285.8606076106239,-401.20336578933484,-493.20336578933484,-585.2033657893348,11.204936517794025,-733.2033657893348,2.5321087099457014,17.724760969619908,1.1492596727797832,8.044817709458483,95.82434012760511,True,3.0,2025-07-01,True,2.0,True,2.0,0.0,0.0,0.0,0.0,HEALTHY,MONITOR,MONITOR: Reorder Point breach projected in week 2. Review replenishment pipeline.,,,,False,False,Policy_B_LT,8,ENGINEERING_RECOMMENDATION_PENDING_BUSINESS_APPROVAL,Product 016,Furniture,Shelf
2025-06-10,SKU017,True,2025-06-01,9,443.0,222.0,5.0,53.0,131.0,113.8876431392644,911.1011451141152,551.2095924957481,437.2095924957481,320.34334341127544,199.34334341127544,85.62109914858013,-28.101145114115184,-137.10114511411518,-246.10114511411518,329.2095924957481,-468.1011451141152,5.839088259881038,40.873617819167265,3.8897986453042104,27.228590517129472,81.27886250303706,True,6.0,2025-07-22,True,6.0,True,5.0,0.0,0.0,0.0,0.0,HEALTHY,MONITOR,MONITOR: Reorder Point breach projected in week 5. Review replenishment pipeline.,,,,False,False,Policy_B_LT,8,ENGINEERING_RECOMMENDATION_PENDING_BUSINESS_APPROVAL,Product 017,Home Decor,Cabinet
2025-06-10,SKU018,True,2025-06-01,9,568.0,78.0,11.0,69.0,277.0,191.44574015705436,1531.5659212564349,364.0028501058698,249.0028501058698,43.467342903721374,-147.53265709627863,-344.54928917635675,-541.5659212564349,-713.5659212564349,-885.5659212564349,364.0028501058698,-963.5659212564349,3.3743242313464257,23.62026961942498,2.9668980857658975,20.768286600361282,314.2828641798444,True,4.0,2025-07-08,True,3.0,True,2.0,0.0,0.0,0.0,0.0,HEALTHY,REORDER,REORDER: Projected inventory breaches Reorder Point (277 units) in week 2 (within lead time of 11 days). Place PO now.,,,,False,False,Policy_B_LT,8,ENGINEERING_RECOMMENDATION_PENDING_BUSINESS_APPROVAL,Product 018,Kitchen,Rug
2025-06-10,SKU019,True,2025-06-01,9,305.0,167.0,7.0,67.0,131.0,122.2052931050215,977.642344840172,345.5183302086561,227.5183302086561,105.74748670279672,-7.252513297203279,-139.4474290686876,-271.642344840172,-388.642344840172,-505.642344840172,178.5183302086561,-672.642344840172,3.86235316005805,27.03647212040635,2.495800241139206,17.47060168797444,126.48166979134389,True,4.0,2025-07-08,True,4.0,True,3.0,0.0,0.0,0.0,0.0,HEALTHY,MONITOR,MONITOR: Reorder Point breach projected in week 3. Review replenishment pipeline.,,,,False,False,Policy_B_LT,8,ENGINEERING_RECOMMENDATION_PENDING_BUSINESS_APPROVAL,Product 019,Lighting,Organizer
2025-06-10,SKU020,True,2025-06-01,9,1031.0,884.0,6.0,265.0,511.0,105.42737669626308,843.4190135701047,1805.3049701945438,1691.3049701945438,1585.3794483439578,1472.3794483439578,1363.9802173869266,1255.5809864298953,1163.5809864298953,1071.5809864298953,921.3049701945437,187.58098642989535,18.164162478566897,127.14913734996829,9.779243611176225,68.45470527823358,94.02431126181966,False,,,False,,False,,0.0,806.5809864298953,7.6505838588174315,0.42119111562918815,CRITICAL,OVERSTOCK,OVERSTOCK (CRITICAL): 807 excess units (7.7 weeks of cover above safety buffer). Defer future orders or review promotional clearance.,,,,False,False,Policy_B_LT,8,ENGINEERING_RECOMMENDATION_PENDING_BUSINESS_APPROVAL,Product 020,Storage,Sofa
2025-06-10,SKU021,True,2025-06-01,9,248.0,70.0,4.0,37.0,66.0,65.53075455933296,524.2460364746637,244.03551107172302,185.03551107172302,112.54000478510193,57.54000478510193,-17.353015844780884,-92.2460364746637,-149.2460364746637,-206.2460364746637,174.03551107172302,-276.2460364746637,4.8526833261484255,33.96878328303898,3.7844825939773887,26.491378157841723,42.265422244729706,True,5.0,2025-07-15,True,5.0,True,4.0,0.0,0.0,0.0,0.0,HEALTHY,MONITOR,MONITOR: Reorder Point breach projected in week 4. Review replenishment pipeline.,,,,False,False,Policy_B_LT,8,ENGINEERING_RECOMMENDATION_PENDING_BUSINESS_APPROVAL,Product 021,Furniture,Chair
2025-06-10,SKU022,True,2025-06-01,9,97.0,172.0,10.0,73.0,205.0,77.614489816063,620.915918528504,14.561254323058535,100.56125432305853,17.438146412902285,-62.561853587097744,-148.23888605780087,-233.915918528504,-292.915918528504,-351.915918528504,14.561254323058535,-523.915918528504,3.4658476869138433,24.260933808396903,1.2497666380321295,8.748366466224907,119.29588853408433,True,4.0,2025-07-08,True,1.0,True,1.0,0.0,0.0,0.0,0.0,HEALTHY,REORDER,REORDER: Projected inventory breaches Reorder Point (205 units) in week 1 (within lead time of 10 days). Place PO now.,,,,False,False,Policy_B_LT,8,ENGINEERING_RECOMMENDATION_PENDING_BUSINESS_APPROVAL,Product 022,Home Decor,Table
2025-06-10,SKU023,True,2025-06-01,9,201.0,180.0,3.0,73.0,108.0,119.84777542473987,958.7822033979189,255.75122860891707,124.75122860891707,0.7587817095030118,-114.24121829049699,-238.01171084420798,-361.7822033979189,-469.7822033979189,-577.7822033979189,75.75122860891706,-757.7822033979189,3.179032724218185,22.253229069527293,1.6771275001780974,11.739892501246683,53.67804488189269,True,4.0,2025-07-08,True,3.0,True,3.0,0.0,0.0,0.0,0.0,HEALTHY,MONITOR,MONITOR: Reorder Point breach projected in week 3. Review replenishment pipeline.,,,,False,False,Policy_B_LT,8,ENGINEERING_RECOMMENDATION_PENDING_BUSINESS_APPROVAL,Product 023,Kitchen,Cushion
2025-06-10,SKU024,True,2025-06-01,9,536.0,132.0,6.0,137.0,240.0,105.99998257081396,847.9998605665116,560.1567632738204,441.1567632738204,333.735887724504,227.73588772450398,119.86801357899617,12.000139433488357,-83.99986056651164,-179.99986056651164,428.1567632738204,-311.99986056651164,6.301887828648825,44.113214800541776,5.056604605023607,35.39623223516525,92.43706005101107,True,7.0,2025-07-29,True,5.0,True,4.0,0.0,0.0,0.0,0.0,HEALTHY,MONITOR,MONITOR: Reorder Point breach projected in week 4. Review replenishment pipeline.,,,,False,False,Policy_B_LT,8,ENGINEERING_RECOMMENDATION_PENDING_BUSINESS_APPROVAL,Product 024,Lighting,Cookware
2025-06-10,SKU025,True,2025-06-01,9,1181.0,324.0,6.0,170.0,407.0,23.610533607503193,188.88426886002554,1483.5054329832362,1465.5054329832362,1442.7319458921718,1417.7319458921718,1391.9238385160731,1366.1157311399745,1341.1157311399745,1316.1157311399745,1159.5054329832362,992.1157311399745,63.74273555264867,446.19914886854065,50.02004696855686,350.140328779898,18.423914585797576,False,,,False,,False,,0.0,1146.1157311399745,48.54255944371161,0.7615386917873584,CRITICAL,OVERSTOCK,OVERSTOCK (CRITICAL): 1146 excess units (48.5 weeks of cover above safety buffer). Defer future orders or review promotional clearance.,,,,False,False,Policy_B_LT,8,ENGINEERING_RECOMMENDATION_PENDING_BUSINESS_APPROVAL,Product 025,Storage,Lamp
2025-06-10,SKU026,True,2025-06-01,9,75.0,119.0,10.0,41.0,112.0,188.53481613002333,1508.2785290401866,-130.53109251674908,-234.53109251674908,-437.91524779018664,-604.9152477901866,-805.5968884151866,-1006.2785290401866,-1160.2785290401866,-1314.2785290401866,-130.53109251674908,-1433.2785290401866,1.028987663828667,7.202913646800669,0.3978045092121135,2.7846315644847945,301.1025210881777,True,1.0,2025-06-17,True,1.0,True,1.0,0.37487000279587546,0.0,0.0,0.0,HEALTHY,CRITICAL REORDER,CRITICAL REORDER: Stockout projected in week 1 (within lead time of 10 days). Expedite replenishment immediately.,,,,False,False,Policy_B_LT,8,ENGINEERING_RECOMMENDATION_PENDING_BUSINESS_APPROVAL,Product 026,Furniture,Shelf
2025-06-10,SKU027,True,2025-06-01,9,534.0,9.0,6.0,144.0,268.0,183.01512995052929,1464.1210396042343,357.48731305689853,158.48731305689853,-23.76291582493741,-203.7629158249374,-397.44197771458585,-591.1210396042343,-756.1210396042343,-921.1210396042343,348.48731305689853,-930.1210396042343,2.9669678137910127,20.76877469653709,2.9177915516839796,20.424540861787857,159.01087452265838,True,3.0,2025-07-01,True,3.0,True,2.0,0.0,0.0,0.0,0.0,HEALTHY,MONITOR,MONITOR: Reorder Point breach projected in week 2. Review replenishment pipeline.,,,,False,False,Policy_B_LT,8,ENGINEERING_RECOMMENDATION_PENDING_BUSINESS_APPROVAL,Product 027,Home Decor,Cabinet
2025-06-10,SKU028,True,2025-06-01,9,435.0,276.0,12.0,103.0,399.0,46.1582083137678,369.2656665101424,389.4312443480119,611.4312443480119,564.878841851674,518.878841851674,470.3065876707658,421.7343334898576,381.7343334898576,341.7343334898576,389.4312443480119,65.73433348985759,15.403544157668856,107.82480910368199,9.424109294776304,65.96876506343413,84.14018422341667,False,,,False,,True,1.0,0.0,238.7343334898576,5.172088393618374,0.33577262094213445,HIGH,REORDER,REORDER: Projected inventory breaches Reorder Point (399 units) in week 1 (within lead time of 12 days). Place PO now.,,,,False,False,Policy_B_LT,8,ENGINEERING_RECOMMENDATION_PENDING_BUSINESS_APPROVAL,Product 028,Kitchen,Rug
2025-06-10,SKU029,True,2025-06-01,9,338.0,257.0,8.0,179.0,457.0,123.21342443888827,985.7073955111061,210.4399280972923,344.4399280972923,214.13794140295636,83.13794140295636,-40.78472705407489,-164.70739551110614,-277.70739551110614,-390.70739551110614,210.4399280972923,-647.7073955111061,4.829019262386541,33.80313483670579,2.7432075809859677,19.202453066901775,145.1315004741363,True,5.0,2025-07-15,True,4.0,True,1.0,0.0,0.0,0.0,0.0,HEALTHY,REORDER,REORDER: Projected inventory breaches Reorder Point (457 units) in week 1 (within lead time of 8 days). Place PO now.,,,,False,False,Policy_B_LT,8,ENGINEERING_RECOMMENDATION_PENDING_BUSINESS_APPROVAL,Product 029,Lighting,Organizer
2025-06-10,SKU030,True,2025-06-01,9,265.0,76.0,3.0,30.0,54.0,37.06213503715557,296.49708029724457,297.41222146056793,272.41222146056793,229.4238639166226,197.4238639166226,154.963391809689,112.5029197027554,78.50291970275543,44.502919702755435,221.4122214605679,-31.497080297244565,9.20076513827766,64.40535596794362,7.150154726227507,50.05108308359255,18.680476516899464,False,,,False,,True,8.0,0.0,14.502919702755435,0.3913136598368106,0.04253055631306579,MONITOR,MONITOR,MONITOR: Reorder Point breach projected in week 8. Review replenishment pipeline.,,,,False,False,Policy_B_LT,8,ENGINEERING_RECOMMENDATION_PENDING_BUSINESS_APPROVAL,Product 030,Storage,Sofa
2025-06-10,SKU031,True,2025-06-01,9,100.0,6.0,14.0,36.0,131.0,152.41839660925552,1219.3471728740442,-61.41814150197379,-214.41814150197376,-376.09909548146595,-536.099095481466,-696.723134177755,-857.3471728740441,-985.3471728740442,-1113.3471728740442,-61.41814150197379,-1119.3471728740442,0.6954541076281288,4.868178753396902,0.6560887807812535,4.592621465468775,320.41814150197376,True,1.0,2025-06-17,True,1.0,True,1.0,0.6890007120444792,0.0,0.0,0.0,HEALTHY,CRITICAL REORDER,CRITICAL REORDER: Stockout projected in week 1 (within lead time of 14 days). Expedite replenishment immediately.,,,,False,False,Policy_B_LT,8,ENGINEERING_RECOMMENDATION_PENDING_BUSINESS_APPROVAL,Product 031,Furniture,Chair
2025-06-10,SKU032,True,2025-06-01,9,129.0,410.0,12.0,93.0,268.0,73.28228365320578,586.2582692256462,51.33657940716628,390.33657940716625,309.57095440716625,237.57095440716625,158.15634259076,78.74173077435375,15.741730774353755,-47.258269225646245,51.33657940716628,-457.25826922564625,7.355120134502265,51.48584094151585,1.7603163216155697,12.322214251308989,128.3777063071194,True,8.0,2025-08-05,True,1.0,True,1.0,0.0,0.0,0.0,0.0,HEALTHY,REORDER,REORDER: Projected inventory breaches Reorder Point (268 units) in week 1 (within lead time of 12 days). Place PO now.,,,,False,False,Policy_B_LT,8,ENGINEERING_RECOMMENDATION_PENDING_BUSINESS_APPROVAL,Product 032,Home Decor,Table
2025-06-10,SKU033,True,2025-06-01,9,380.0,79.0,12.0,44.0,216.0,142.7251015648249,1141.8008125185993,231.63497849702563,159.6349784970256,16.437072002884975,-131.56292799711503,-279.1818702578572,-426.8008125185994,-554.8008125185994,-682.8008125185993,231.63497849702563,-761.8008125185993,3.215972488143754,22.511807417006278,2.662460883430559,18.637226184013915,256.22216436011723,True,4.0,2025-07-08,True,3.0,True,2.0,0.0,0.0,0.0,0.0,HEALTHY,REORDER,REORDER: Projected inventory breaches Reorder Point (216 units) in week 2 (within lead time of 12 days). Place PO now.,,,,False,False,Policy_B_LT,8,ENGINEERING_RECOMMENDATION_PENDING_BUSINESS_APPROVAL,Product 033,Kitchen,Cushion
2025-06-10,SKU034,True,2025-06-01,9,50.0,112.0,6.0,50.0,91.0,160.44603637375184,1283.5682909900147,-0.8708117419677706,-157.87081174196777,-315.71639279665527,-495.7163927966553,-658.642341893335,-821.5682909900147,-971.5682909900147,-1121.5682909900147,-112.87081174196777,-1233.5682909900147,1.0096852727644094,7.067796909350866,0.3116312570260523,2.1814187991823664,139.60355292168666,True,1.0,2025-06-17,True,1.0,True,1.0,0.13611598637913425,0.0,0.0,0.0,HEALTHY,CRITICAL REORDER,CRITICAL REORDER: Stockout projected in week 1 (within lead time of 6 days). Expedite replenishment immediately.,,,,False,False,Policy_B_LT,8,ENGINEERING_RECOMMENDATION_PENDING_BUSINESS_APPROVAL,Product 034,Lighting,Cookware
2025-06-10,SKU035,True,2025-06-01,9,621.0,356.0,5.0,173.0,302.0,164.5717580824104,1316.5740646592833,804.8332534559511,647.8332534559511,481.0228591688417,309.0228591688417,136.7243972547792,-35.574064659283295,-187.5740646592833,-339.5740646592833,448.8332534559511,-695.5740646592833,5.9366200579248884,41.55634040547422,3.773429944699443,26.4140096128961,122.97624753146351,True,6.0,2025-07-22,True,5.0,True,5.0,0.0,0.0,0.0,0.0,HEALTHY,MONITOR,MONITOR: Reorder Point breach projected in week 5. Review replenishment pipeline.,,,,False,False,Policy_B_LT,8,ENGINEERING_RECOMMENDATION_PENDING_BUSINESS_APPROVAL,Product 035,Storage,Lamp
2025-06-10,SKU036,True,2025-06-01,9,348.0,375.0,9.0,84.0,303.0,33.43712406114883,267.49699248919063,311.8630195652527,656.8630195652527,618.7588287388367,583.7588287388367,540.630918124823,497.50300751080937,476.50300751080937,455.50300751080937,311.8630195652527,80.50300751080937,21.622673010926384,151.3587110764847,10.4075936484127,72.8531555388889,44.70840900617586,False,,,False,,False,,0.0,371.50300751080937,11.110495233723318,0.5138354184105247,CRITICAL,OVERSTOCK,OVERSTOCK (CRITICAL): 372 excess units (11.1 weeks of cover above safety buffer). Defer future orders or review promotional clearance.,,,,False,False,Policy_B_LT,8,ENGINEERING_RECOMMENDATION_PENDING_BUSINESS_APPROVAL,Product 036,Furniture,Shelf
2025-06-10,SKU037,True,2025-06-01,9,338.0,638.0,10.0,391.0,928.0,193.55774285611693,1548.4619428489355,134.07937795184583,580.0793779518458,375.0363176491114,161.03631764911142,-39.71281259991201,-240.46194284893545,-406.46194284893545,-572.4619428489355,134.07937795184583,-1210.4619428489355,5.042422925573788,35.29696047901651,1.7462489229958402,12.223742460970882,286.2063363338685,True,5.0,2025-07-15,True,1.0,True,1.0,0.0,0.0,0.0,0.0,HEALTHY,REORDER,REORDER: Projected inventory breaches Reorder Point (928 units) in week 1 (within lead time of 10 days). Place PO now.,,,,False,False,Policy_B_LT,8,ENGINEERING_RECOMMENDATION_PENDING_BUSINESS_APPROVAL,Product 037,Home Decor,Cabinet
2025-06-10,SKU038,True,2025-06-01,9,367.0,137.0,8.0,90.0,187.0,60.289970796024704,482.31976636819763,302.0190168959625,387.0190168959625,321.6270414931305,243.6270414931305,175.65363756246643,107.68023363180237,64.68023363180237,21.680233631802366,302.0190168959625,-115.31976636819763,8.359599338754894,58.51719537128426,6.08724793119652,42.61073551837564,72.40955453260892,False,,,True,7.0,True,5.0,0.0,0.0,0.0,0.0,HEALTHY,MONITOR,MONITOR: Reorder Point breach projected in week 5. Review replenishment pipeline.,,,,False,False,Policy_B_LT,8,ENGINEERING_RECOMMENDATION_PENDING_BUSINESS_APPROVAL,Product 038,Kitchen,Rug
2025-06-10,SKU039,True,2025-06-01,9,231.0,38.0,9.0,40.0,103.0,23.986913128441458,191.89530502753166,205.76646102471443,220.76646102471443,193.712399135066,172.712399135066,144.90854705376717,117.10469497246834,97.10469497246834,77.10469497246834,205.76646102471443,39.10469497246834,11.21444841858558,78.50113893009906,9.630251244212896,67.41175870949027,31.804967546714142,False,,,False,,True,7.0,0.0,37.10469497246834,1.5468724455617022,0.1379356690426332,MONITOR,MONITOR,MONITOR: Reorder Point breach projected in week 7. Review replenishment pipeline.,,,,False,False,Policy_B_LT,8,ENGINEERING_RECOMMENDATION_PENDING_BUSINESS_APPROVAL,Product 039,Lighting,Organizer
2025-06-10,SKU040,True,2025-06-01,9,152.0,208.0,13.0,56.0,160.0,114.75309196611694,918.0247357289355,27.175329883857415,120.17532988385742,-6.97483948870115,-104.97483948870115,-227.49978760881834,-350.0247357289355,-454.0247357289355,-558.0247357289355,27.175329883857415,-766.0247357289355,3.1371703701569706,21.960192591098796,1.3245830451773877,9.272081316241714,223.39609868757117,True,3.0,2025-07-01,True,1.0,True,1.0,0.0,0.0,0.0,0.0,HEALTHY,REORDER,REORDER: Projected inventory breaches Reorder Point (160 units) in week 1 (within lead time of 13 days). Place PO now.,,,,False,False,Policy_B_LT,8,ENGINEERING_RECOMMENDATION_PENDING_BUSINESS_APPROVAL,Product 040,Storage,Sofa
2025-06-10,SKU041,True,2025-06-01,9,476.0,429.0,11.0,75.0,290.0,84.38703165113202,675.0962532090562,384.0983879042251,728.0983879042251,636.3891899061782,548.3891899061782,451.14646834856103,353.90374679094384,291.90374679094384,229.90374679094384,384.0983879042251,-199.09625320905616,10.72439665541737,75.0707765879216,5.640677135888032,39.48473995121622,140.47304066720346,False,,,False,,True,8.0,0.0,154.90374679094384,1.8356345016534998,0.17116436109496558,MONITOR,MONITOR,MONITOR: Reorder Point breach projected in week 8. Review replenishment pipeline.,,,,False,False,Policy_B_LT,8,ENGINEERING_RECOMMENDATION_PENDING_BUSINESS_APPROVAL,Product 041,Furniture,Chair
2025-06-10,SKU042,True,2025-06-01,9,117.0,126.0,4.0,38.0,75.0,168.0651827299926,1344.521461839941,61.887687329980906,-119.1123126700191,-294.55408513095654,-452.55408513095654,-634.0377734854487,-815.5214618399409,-958.5214618399409,-1101.521461839941,-64.1123126700191,-1227.521461839941,1.4458675857354402,10.121073100148081,0.6961584672059526,4.8731092704416685,103.49275009715376,True,2.0,2025-06-24,True,2.0,True,1.0,0.0,0.0,0.0,0.0,HEALTHY,REORDER,REORDER: Projected inventory breaches Reorder Point (75 units) in week 1 (within lead time of 4 days). Place PO now.,,,,False,False,Policy_B_LT,8,ENGINEERING_RECOMMENDATION_PENDING_BUSINESS_APPROVAL,Product 042,Home Decor,Table
2025-06-10,SKU043,True,2025-06-01,9,490.0,465.0,5.0,195.0,326.0,168.5018636787571,1348.0149094300568,773.0288985533417,600.0288985533417,420.89066918322453,259.89066918322453,82.4378798765839,-95.01490943005683,-244.01490943005683,-393.01490943005683,308.0288985533417,-858.0149094300568,5.667593100457773,39.67315170320441,2.9079797059940407,20.355857941958284,129.97935817618446,True,6.0,2025-07-22,True,5.0,True,4.0,0.0,0.0,0.0,0.0,HEALTHY,MONITOR,MONITOR: Reorder Point breach projected in week 4. Review replenishment pipeline.,,,,False,False,Policy_B_LT,8,ENGINEERING_RECOMMENDATION_PENDING_BUSINESS_APPROVAL,Product 043,Kitchen,Cushion
2025-06-10,SKU044,True,2025-06-01,9,54.0,239.0,9.0,47.0,128.0,81.2577132833779,650.0617062670232,-28.66657229485523,135.33342770514477,53.52761868414868,-33.472381315851294,-116.26704379143723,-199.06170626702317,-278.06170626702317,-357.06170626702317,-28.66657229485523,-596.0617062670232,3.6058115366622823,25.240680756635975,0.6645522968592602,4.651866078014821,104.09514372342666,True,1.0,2025-06-17,True,1.0,True,1.0,0.0,0.0,0.0,0.0,HEALTHY,CRITICAL REORDER,CRITICAL REORDER: Stockout projected in week 1 (within lead time of 9 days). Expedite replenishment immediately.,,,,False,False,Policy_B_LT,8,ENGINEERING_RECOMMENDATION_PENDING_BUSINESS_APPROVAL,Product 044,Lighting,Cookware
2025-06-10,SKU045,True,2025-06-01,9,496.0,303.0,8.0,128.0,265.0,197.64219372648893,1581.1375498119114,291.29398400156515,383.29398400156515,181.02486473886984,-18.975135261130163,-222.5563425365208,-426.1375498119114,-604.1375498119114,-782.1375498119114,291.29398400156515,-1085.1375498119114,4.042659034162067,28.298613239134472,2.5095855831594314,17.56709908211602,234.848873141292,True,4.0,2025-07-08,True,4.0,True,3.0,0.0,0.0,0.0,0.0,HEALTHY,MONITOR,MONITOR: Reorder Point breach projected in week 3. Review replenishment pipeline.,,,,False,False,Policy_B_LT,8,ENGINEERING_RECOMMENDATION_PENDING_BUSINESS_APPROVAL,Product 045,Storage,Lamp
2025-06-10,SKU046,True,2025-06-01,9,321.0,297.0,13.0,81.0,277.0,67.53065218219254,540.2452174575403,247.32779584812369,482.3277958481237,409.11736188816275,339.11736188816275,268.4360722153112,197.75478254245962,137.75478254245962,77.75478254245968,247.32779584812369,-219.24521745754032,9.151399846290293,64.05979892403205,4.7533970075391325,33.273779052773925,126.81506129473345,False,,,True,8.0,True,1.0,0.0,0.0,0.0,0.0,HEALTHY,REORDER,REORDER: Projected inventory breaches Reorder Point (277 units) in week 1 (within lead time of 13 days). Place PO now.,,,,False,False,Policy_B_LT,8,ENGINEERING_RECOMMENDATION_PENDING_BUSINESS_APPROVAL,Product 046,Furniture,Shelf
2025-06-10,SKU047,True,2025-06-01,9,53.0,162.0,6.0,43.0,85.0,123.27808348569764,986.2246678855811,90.60042824478997,-37.39957175521005,-158.10897574690927,-287.10897574690927,-407.16682181624515,-527.2246678855811,-649.2246678855811,-771.2246678855811,-71.39957175521003,-933.2246678855811,1.7440245169364892,12.208171618555424,0.42992232277969267,3.0094562594578487,106.6282043616086,True,2.0,2025-06-24,True,2.0,True,2.0,0.0,0.0,0.0,0.0,HEALTHY,MONITOR,MONITOR: Reorder Point breach projected in week 2. Review replenishment pipeline.,,,,False,False,Policy_B_LT,8,ENGINEERING_RECOMMENDATION_PENDING_BUSINESS_APPROVAL,Product 047,Home Decor,Cabinet
2025-06-10,SKU048,True,2025-06-01,9,121.0,92.0,13.0,32.0,84.0,65.73172493521483,525.8537994817186,55.39352260080091,79.3935226008009,13.212133745820438,-43.78786625417956,-113.3208328679491,-182.85379948171862,-247.85379948171862,-312.8537994817186,55.39352260080091,-404.8537994817186,3.2404444004768282,22.683110803337797,1.840815833134724,12.885710831943069,123.89219168491339,True,4.0,2025-07-08,True,3.0,True,1.0,0.0,0.0,0.0,0.0,HEALTHY,REORDER,REORDER: Projected inventory breaches Reorder Point (84 units) in week 1 (within lead time of 13 days). Place PO now.,,,,False,False,Policy_B_LT,8,ENGINEERING_RECOMMENDATION_PENDING_BUSINESS_APPROVAL,Product 048,Kitchen,Rug
2025-06-10,SKU049,True,2025-06-01,9,720.0,860.0,12.0,252.0,672.0,186.08242009238467,1488.6593607390773,524.0673085724461,1203.067308572446,1007.0225240265477,812.0225240265477,626.6815816437352,441.34063926092267,266.34063926092267,91.34063926092267,524.0673085724461,-768.6593607390773,8.490861195891448,59.436028371240134,3.8692532031910396,27.084772422337277,325.2184057132682,False,,,True,8.0,True,1.0,0.0,0.0,0.0,0.0,HEALTHY,REORDER,REORDER: Projected inventory breaches Reorder Point (672 units) in week 1 (within lead time of 12 days). Place PO now.,,,,False,False,Policy_B_LT,8,ENGINEERING_RECOMMENDATION_PENDING_BUSINESS_APPROVAL,Product 049,Lighting,Organizer
2025-06-10,SKU050,True,2025-06-01,9,370.0,439.0,14.0,151.0,440.0,51.42749759793044,411.4199807834435,317.8356115627479,707.8356115627479,654.535478811283,611.535478811283,551.5577490139198,491.5800192165565,444.5800192165565,397.5800192165565,317.8356115627479,-41.41998078344352,15.730884017046865,110.11618811932806,7.19459466787063,50.36216267509441,101.16438843725214,False,,,False,,True,1.0,0.0,246.58001921655648,4.7947115985375,0.30479606825285105,HIGH,REORDER,REORDER: Projected inventory breaches Reorder Point (440 units) in week 1 (within lead time of 14 days). Place PO now.,,,,False,False,Policy_B_LT,8,ENGINEERING_RECOMMENDATION_PENDING_BUSINESS_APPROVAL,Product 050,Storage,Sofa
2025-07-01,SKU001,True,2025-07-01,0,1121.0,404.0,4.0,214.0,376.0,100.03183063978835,800.2546451183068,1412.6445629505408,1312.6445629505408,1206.0034420398963,1135.0034420398963,1032.8743984607947,930.7453548816932,827.7453548816932,724.7453548816932,1008.6445629505408,320.7453548816932,15.245147372054797,106.71603160438357,11.206432920703888,78.44503044492721,64.2031068854052,False,,,False,,False,,0.0,510.7453548816932,5.105828330992682,0.3349149868076677,HIGH,OVERSTOCK,OVERSTOCK (HIGH): 511 excess units (5.1 weeks of cover above safety buffer). Defer future orders or review promotional clearance.,,,,False,False,Policy_B_LT,8,ENGINEERING_RECOMMENDATION_PENDING_BUSINESS_APPROVAL,Product 001,Furniture,Chair
2025-07-01,SKU002,True,2025-07-01,0,774.0,228.0,7.0,193.0,363.0,68.36164409492193,546.8931527593754,929.4356436273433,852.4356436273433,788.4416098138668,711.4416098138668,640.2742285272457,569.1068472406246,512.1068472406246,455.1068472406246,701.4356436273433,227.10684724062457,14.657342041228512,102.60139428859958,11.322138462984897,79.25496924089428,72.56435637265663,False,,,False,,False,,0.0,262.1068472406246,3.834121468417032,0.26158367988086284,HIGH,OVERSTOCK,OVERSTOCK (HIGH): 262 excess units (3.8 weeks of cover above safety buffer). Defer future orders or review promotional clearance.,,,,False,False,Policy_B_LT,8,ENGINEERING_RECOMMENDATION_PENDING_BUSINESS_APPROVAL,Product 002,Home Decor,Table
2025-07-01,SKU003,True,2025-07-01,0,280.0,295.0,11.0,101.0,272.0,40.26491320288315,322.1193056230652,235.42832850169063,495.42832850169066,453.9688291425598,429.9688291425598,388.4247617597473,346.8806943769348,299.8806943769348,252.8806943769348,235.42832850169063,-42.1193056230652,14.280423183895685,99.96296228726979,6.953945202592681,48.67761641814877,64.57167149830937,False,,,False,,True,1.0,0.0,151.8806943769348,3.772035807246182,0.2641403380468431,HIGH,REORDER,REORDER: Projected inventory breaches Reorder Point (272 units) in week 1 (within lead time of 11 days). Place PO now.,,,,False,False,Policy_B_LT,8,ENGINEERING_RECOMMENDATION_PENDING_BUSINESS_APPROVAL,Product 003,Kitchen,Cushion
2025-07-01,SKU004,True,2025-07-01,0,393.0,394.0,9.0,86.0,278.0,34.921037890785335,279.3683031262827,357.2422391710806,716.2422391710807,681.2138425646353,643.2138425646353,605.4227697191764,567.6316968737174,537.6316968737174,507.6316968737173,357.2422391710806,113.63169687371732,22.53655811895748,157.75590683270235,11.253961042884738,78.77772730019316,45.757760828919416,False,,,False,,False,,0.0,421.6316968737173,12.073859264789316,0.5357454852270868,CRITICAL,OVERSTOCK,OVERSTOCK (CRITICAL): 422 excess units (12.1 weeks of cover above safety buffer). Defer future orders or review promotional clearance.,,,,False,False,Policy_B_LT,8,ENGINEERING_RECOMMENDATION_PENDING_BUSINESS_APPROVAL,Product 004,Lighting,Cookware
2025-07-01,SKU005,True,2025-07-01,0,509.0,198.0,13.0,197.0,540.0,112.27085849156065,898.1668679324852,389.63589696009296,475.63589696009296,364.4226553829445,250.42265538294453,144.62789372522968,38.83313206751484,-76.16686793248516,-191.16686793248516,389.63589696009296,-389.16686793248516,6.297270810066397,44.080895670464784,4.533678702013856,31.735750914096993,215.364103039907,True,7.0,2025-08-19,True,5.0,True,1.0,0.0,0.0,0.0,0.0,HEALTHY,REORDER,REORDER: Projected inventory breaches Reorder Point (540 units) in week 1 (within lead time of 13 days). Place PO now.,,,,False,False,Policy_B_LT,8,ENGINEERING_RECOMMENDATION_PENDING_BUSINESS_APPROVAL,Product 005,Storage,Lamp
2025-07-01,SKU006,True,2025-07-01,0,428.0,321.0,14.0,101.0,400.0,50.36762999365673,402.9410399492538,374.45486840645907,653.454868406459,603.1156006757462,557.1156006757462,504.5872803632462,452.0589600507462,399.0589600507462,346.0589600507462,374.45486840645907,25.05896005074618,14.870661972666346,104.09463380866443,8.497521127237912,59.48264789066538,95.54513159354094,False,,,False,,True,1.0,0.0,245.05896005074618,4.865405818808802,0.3271815220971244,HIGH,REORDER,REORDER: Projected inventory breaches Reorder Point (400 units) in week 1 (within lead time of 14 days). Place PO now.,,,,False,False,Policy_B_LT,8,ENGINEERING_RECOMMENDATION_PENDING_BUSINESS_APPROVAL,Product 006,Furniture,Shelf
2025-07-01,SKU007,True,2025-07-01,0,643.0,313.0,11.0,147.0,400.0,177.24903172876296,1417.9922538301037,466.56926960739634,599.5692696073963,430.02034992966196,262.02034992966196,85.01404804977915,-91.99225383010366,-276.99225383010366,-461.99225383010366,466.56926960739634,-774.9922538301037,5.393541452248542,37.75479016573979,3.6276643868157032,25.393650707709924,279.2878732497465,True,6.0,2025-08-12,True,5.0,True,4.0,0.0,0.0,0.0,0.0,HEALTHY,MONITOR,MONITOR: Reorder Point breach projected in week 4. Review replenishment pipeline.,,,,False,False,Policy_B_LT,8,ENGINEERING_RECOMMENDATION_PENDING_BUSINESS_APPROVAL,Product 007,Home Decor,Cabinet
2025-07-01,SKU008,True,2025-07-01,0,538.0,374.0,4.0,169.0,291.0,115.5536097843974,924.4288782751792,792.0481648766763,678.0481648766763,563.7421574914224,447.7421574914224,342.6566396081216,237.57112172482084,112.57112172482084,-12.428878275179159,418.0481648766763,-386.42887827517916,7.892440588412866,55.24708411889006,4.6558476278137295,32.59093339469611,68.54390578475639,True,8.0,2025-08-26,True,7.0,True,6.0,0.0,0.0,0.0,0.0,HEALTHY,MONITOR,MONITOR: Reorder Point breach projected in week 6. Review replenishment pipeline.,,,,False,False,Policy_B_LT,8,ENGINEERING_RECOMMENDATION_PENDING_BUSINESS_APPROVAL,Product 008,Kitchen,Rug
2025-07-01,SKU009,True,2025-07-01,0,229.0,57.0,4.0,49.0,98.0,79.35834252022474,634.8667401617979,204.1016741448427,143.1016741448427,62.932820385077065,-25.067179614922907,-102.9669598883604,-180.8667401617979,-264.8667401617979,-348.8667401617979,147.1016741448427,-405.8667401617979,3.603905914833238,25.227341403832668,2.8856449457930475,20.199514620551334,46.79904334580417,True,4.0,2025-07-29,True,4.0,True,3.0,0.0,0.0,0.0,0.0,HEALTHY,MONITOR,MONITOR: Reorder Point breach projected in week 3. Review replenishment pipeline.,,,,False,False,Policy_B_LT,8,ENGINEERING_RECOMMENDATION_PENDING_BUSINESS_APPROVAL,Product 009,Lighting,Organizer
2025-07-01,SKU010,True,2025-07-01,0,69.0,83.0,5.0,32.0,52.0,114.81582241731226,918.5265793384981,31.368775886111337,-78.63122411388866,-193.0748123707246,-305.0748123707246,-416.8006958546114,-528.5265793384981,-647.5265793384981,-766.5265793384981,-51.63122411388866,-849.5265793384981,1.3238593496943065,9.267015447860146,0.6009624679533365,4.206737275673356,86.16516008134904,True,2.0,2025-07-15,True,1.0,True,1.0,0.0,0.0,0.0,0.0,HEALTHY,REORDER,REORDER: Projected inventory breaches Reorder Point (52 units) in week 1 (within lead time of 5 days). Place PO now.,,,,False,False,Policy_B_LT,8,ENGINEERING_RECOMMENDATION_PENDING_BUSINESS_APPROVAL,Product 010,Storage,Sofa
2025-07-01,SKU011,True,2025-07-01,0,214.0,218.0,7.0,103.0,309.0,19.68365161792356,157.46921294338847,411.04758698336934,385.04758698336934,362.93052155368184,351.93052155368184,327.2306543051467,302.53078705661153,288.53078705661153,274.53078705661153,193.04758698336934,56.53078705661153,21.947147225803825,153.63003058062677,10.871966449819487,76.10376514873641,20.952413016630643,False,,,False,,True,6.0,0.0,171.53078705661153,8.714378327058931,0.39706200707548966,CRITICAL,MONITOR,MONITOR: Reorder Point breach projected in week 6. Review replenishment pipeline.,,,,False,False,Policy_B_LT,8,ENGINEERING_RECOMMENDATION_PENDING_BUSINESS_APPROVAL,Product 011,Furniture,Chair
2025-07-01,SKU012,True,2025-07-01,0,128.0,164.0,14.0,27.0,84.0,183.86522445730859,1470.9217956584687,-52.75689392507019,-67.75689392507019,-245.87217407643743,-437.87217407643743,-610.396984867453,-782.9217956584687,-980.9217956584687,-1178.9217956584687,-52.75689392507019,-1342.9217956584687,1.5881197810073056,11.116838467051139,0.6961620957840243,4.87313467048817,359.7568939250702,True,1.0,2025-07-08,True,1.0,True,1.0,0.2602546856901796,0.0,0.0,0.0,HEALTHY,CRITICAL REORDER,CRITICAL REORDER: Stockout projected in week 1 (within lead time of 14 days). Expedite replenishment immediately.,,,,False,False,Policy_B_LT,8,ENGINEERING_RECOMMENDATION_PENDING_BUSINESS_APPROVAL,Product 012,Home Decor,Table
2025-07-01,SKU013,True,2025-07-01,0,332.0,189.0,6.0,35.0,97.0,101.86335260077169,814.9068208061735,410.2054457343538,309.2054457343538,205.4974608100374,124.49746081003741,23.29532000193194,-77.90682080617353,-185.90682080617353,-293.9068208061735,221.20544573435382,-482.9068208061735,5.114695194079574,35.80286635855702,3.259268338645717,22.814878370520017,94.96676079912528,True,6.0,2025-08-12,True,5.0,True,5.0,0.0,0.0,0.0,0.0,HEALTHY,MONITOR,MONITOR: Reorder Point breach projected in week 5. Review replenishment pipeline.,,,,False,False,Policy_B_LT,8,ENGINEERING_RECOMMENDATION_PENDING_BUSINESS_APPROVAL,Product 013,Kitchen,Cushion
2025-07-01,SKU014,True,2025-07-01,0,345.0,450.0,14.0,94.0,395.0,156.06257184995917,1248.5005747996734,172.58031204114707,456.58031204114707,289.27554824720175,141.27554824720175,8.887486723764255,-123.50057479967325,-288.50057479967336,-453.50057479967336,172.58031204114707,-903.5005747996734,5.0941105902337975,35.658774131636584,2.2106517655731577,15.474562359012104,338.41968795885293,True,6.0,2025-08-12,True,5.0,True,1.0,0.0,0.0,0.0,0.0,HEALTHY,REORDER,REORDER: Projected inventory breaches Reorder Point (395 units) in week 1 (within lead time of 14 days). Place PO now.,,,,False,False,Policy_B_LT,8,ENGINEERING_RECOMMENDATION_PENDING_BUSINESS_APPROVAL,Product 014,Lighting,Cookware
2025-07-01,SKU015,True,2025-07-01,0,420.0,423.0,10.0,125.0,343.0,28.667708640834896,229.34166912667916,390.819042161773,783.819042161773,754.4308948076471,727.4308948076471,697.544612840484,667.6583308733209,640.6583308733209,613.6583308733209,390.819042161773,190.65833087332084,29.4059079001247,205.8413553008729,14.650630270524761,102.55441189367333,42.03810069536988,False,,,False,,False,,0.0,488.6583308733209,17.045601271992332,0.5796658729220888,CRITICAL,OVERSTOCK,OVERSTOCK (CRITICAL): 489 excess units (17.0 weeks of cover above safety buffer). Defer future orders or review promotional clearance.,,,,False,False,Policy_B_LT,8,ENGINEERING_RECOMMENDATION_PENDING_BUSINESS_APPROVAL,Product 015,Storage,Lamp
2025-07-01,SKU016,True,2025-07-01,0,269.0,1.0,3.0,50.0,86.0,98.70984186440582,789.6787349152465,158.0357960295777,60.03579602957771,-46.67710222481685,-126.67710222481685,-229.1779185700317,-331.67873491524654,-425.67873491524654,-519.6787349152465,157.0357960295777,-520.6787349152465,2.735289560800729,19.1470269256051,2.7251588587236895,19.076112011065828,47.98465884446669,True,3.0,2025-07-22,True,3.0,True,2.0,0.0,0.0,0.0,0.0,HEALTHY,MONITOR,MONITOR: Reorder Point breach projected in week 2. Review replenishment pipeline.,,,,False,False,Policy_B_LT,8,ENGINEERING_RECOMMENDATION_PENDING_BUSINESS_APPROVAL,Product 016,Furniture,Shelf
2025-07-01,SKU017,True,2025-07-01,0,143.0,61.0,13.0,60.0,248.0,105.9822998858409,847.8583990867272,29.64919979022592,-18.350800209774093,-127.79307621075066,-235.79307621075066,-339.82573764873894,-443.8583990867272,-543.8583990867272,-643.8583990867272,29.64919979022592,-704.8583990867272,1.9248497175447137,13.473948022812996,1.34928190984752,9.44497336893264,206.7793716383455,True,2.0,2025-07-15,True,1.0,True,1.0,0.2056825508209803,0.0,0.0,0.0,HEALTHY,CRITICAL REORDER,CRITICAL REORDER: Stockout projected in week 2 (within lead time of 13 days). Expedite replenishment immediately.,,,,False,False,Policy_B_LT,8,ENGINEERING_RECOMMENDATION_PENDING_BUSINESS_APPROVAL,Product 017,Home Decor,Cabinet
2025-07-01,SKU018,True,2025-07-01,0,631.0,96.0,4.0,62.0,144.0,170.63332332385207,1365.0665865908165,551.3793667783241,375.37936677832414,204.32132234473033,35.32132234473033,-136.3726321230431,-308.06658659081654,-473.06658659081654,-638.0665865908165,455.37936677832414,-734.0665865908165,4.260598022932464,29.824186160527248,3.697988105186224,25.885916736303567,100.35464755524335,True,5.0,2025-08-05,True,4.0,True,4.0,0.0,0.0,0.0,0.0,HEALTHY,MONITOR,MONITOR: Reorder Point breach projected in week 4. Review replenishment pipeline.,,,,False,False,Policy_B_LT,8,ENGINEERING_RECOMMENDATION_PENDING_BUSINESS_APPROVAL,Product 018,Kitchen,Rug
2025-07-01,SKU019,True,2025-07-01,0,317.0,309.0,11.0,69.0,174.0,111.38295068300695,891.0636054640556,196.36431201641307,389.36431201641307,274.97409900371775,175.97409900371775,69.45524676983109,-37.06360546405563,-151.06360546405563,-265.0636054640556,196.36431201641307,-574.0636054640556,5.620249743442154,39.34174820409508,2.84603701065681,19.92225907459767,186.9214022693012,True,6.0,2025-08-12,True,6.0,True,5.0,0.0,0.0,0.0,0.0,HEALTHY,MONITOR,MONITOR: Reorder Point breach projected in week 5. Review replenishment pipeline.,,,,False,False,Policy_B_LT,8,ENGINEERING_RECOMMENDATION_PENDING_BUSINESS_APPROVAL,Product 019,Lighting,Organizer
2025-07-01,SKU020,True,2025-07-01,0,568.0,558.0,5.0,194.0,415.0,103.05692183578404,824.4553746862723,1018.6203394250558,922.6203394250558,819.9562616662668,707.9562616662668,608.7504434899972,509.5446253137277,405.5446253137277,301.5446253137277,460.6203394250559,-256.4553746862723,10.926000698858672,76.4820048920107,5.511517226422492,38.580620584957444,76.69975755353153,False,,,False,,True,7.0,0.0,107.54462531372769,1.0435458715242298,0.09551032443492691,MONITOR,MONITOR,MONITOR: Reorder Point breach projected in week 7. Review replenishment pipeline.,,,,False,False,Policy_B_LT,8,ENGINEERING_RECOMMENDATION_PENDING_BUSINESS_APPROVAL,Product 020,Storage,Sofa
2025-07-01,SKU021,True,2025-07-01,0,286.0,38.0,8.0,64.0,132.0,60.32469019501913,482.59752156015304,218.6803943944368,200.6803943944368,141.84422038320633,80.84422038320633,17.123349411526647,-46.59752156015304,-102.59752156015304,-158.59752156015304,218.6803943944368,-196.59752156015304,5.370935166887138,37.59654616820997,4.741010672005314,33.187074704037194,75.31960560556321,True,6.0,2025-08-12,True,5.0,True,4.0,0.0,0.0,0.0,0.0,HEALTHY,MONITOR,MONITOR: Reorder Point breach projected in week 4. Review replenishment pipeline.,,,,False,False,Policy_B_LT,8,ENGINEERING_RECOMMENDATION_PENDING_BUSINESS_APPROVAL,Product 021,Furniture,Chair
2025-07-01,SKU022,True,2025-07-01,0,83.0,171.0,5.0,79.0,152.0,73.18761191503287,585.500895320263,173.91914862504944,101.91914862504944,30.948949040088507,-35.05105095991149,-110.27597314008727,-185.50089532026306,-258.500895320263,-331.500895320263,2.919148625049459,-502.500895320263,3.470532694725457,24.2937288630782,1.134071707331547,7.938501951320829,57.200608124964674,True,4.0,2025-07-29,True,3.0,True,2.0,0.0,0.0,0.0,0.0,HEALTHY,MONITOR,MONITOR: Reorder Point breach projected in week 2. Review replenishment pipeline.,,,,False,False,Policy_B_LT,8,ENGINEERING_RECOMMENDATION_PENDING_BUSINESS_APPROVAL,Product 022,Home Decor,Table
2025-07-01,SKU023,True,2025-07-01,0,290.0,166.0,12.0,78.0,210.0,105.68480691232406,845.4784552985925,172.4289925163489,250.4289925163489,139.7780907219153,32.778090721915305,-73.3501822883386,-179.4784552985925,-284.4784552985925,-389.4784552985925,172.4289925163489,-555.4784552985925,4.314716687501703,30.203016812511922,2.7440084196831007,19.208058937781704,180.42815034079393,True,5.0,2025-08-05,True,4.0,True,1.0,0.0,0.0,0.0,0.0,HEALTHY,REORDER,REORDER: Projected inventory breaches Reorder Point (210 units) in week 1 (within lead time of 12 days). Place PO now.,,,,False,False,Policy_B_LT,8,ENGINEERING_RECOMMENDATION_PENDING_BUSINESS_APPROVAL,Product 023,Kitchen,Cushion
2025-07-01,SKU024,True,2025-07-01,0,429.0,261.0,12.0,125.0,340.0,92.15130438479898,737.2104350783918,328.98451121067075,508.98451121067075,412.2629383346942,322.2629383346942,226.52625162815121,130.7895649216082,41.78956492160819,-47.21043507839181,328.98451121067075,-308.2104350783918,7.48768565574228,52.41379959019596,4.655387168570201,32.587710179991404,157.87263164647212,True,8.0,2025-08-26,True,7.0,True,1.0,0.0,0.0,0.0,0.0,HEALTHY,REORDER,REORDER: Projected inventory breaches Reorder Point (340 units) in week 1 (within lead time of 12 days). Place PO now.,,,,False,False,Policy_B_LT,8,ENGINEERING_RECOMMENDATION_PENDING_BUSINESS_APPROVAL,Product 024,Lighting,Cookware
2025-07-01,SKU025,True,2025-07-01,0,365.0,573.0,7.0,171.0,461.0,19.68953406589429,157.5162725271543,918.2976427255312,895.2976427255312,876.1345033822695,861.1345033822695,836.8091154275576,812.4837274728457,796.4837274728457,780.4837274728457,345.2976427255312,207.4837274728457,47.63952244176157,333.476657092331,18.537767261453066,129.76437083017146,19.70235727446877,False,,,False,,False,,0.0,609.4837274728457,30.954705450779453,0.6497694322738227,CRITICAL,OVERSTOCK,OVERSTOCK (CRITICAL): 609 excess units (31.0 weeks of cover above safety buffer). Defer future orders or review promotional clearance.,,,,False,False,Policy_B_LT,8,ENGINEERING_RECOMMENDATION_PENDING_BUSINESS_APPROVAL,Product 025,Storage,Lamp
2025-07-01,SKU026,True,2025-07-01,0,172.0,248.0,13.0,52.0,138.0,148.52131409445332,1188.1705127556265,14.617084900623468,113.61708490062347,-35.92289312672028,-185.92289312672028,-338.0467029411734,-490.17051275562653,-629.1705127556265,-768.1705127556265,14.617084900623468,-1016.1705127556265,2.8278769452100163,19.795138616470116,1.1580829394669592,8.106580576268714,285.09720081366225,True,3.0,2025-07-22,True,1.0,True,1.0,0.0,0.0,0.0,0.0,HEALTHY,REORDER,REORDER: Projected inventory breaches Reorder Point (138 units) in week 1 (within lead time of 13 days). Place PO now.,,,,False,False,Policy_B_LT,8,ENGINEERING_RECOMMENDATION_PENDING_BUSINESS_APPROVAL,Product 026,Furniture,Shelf
2025-07-01,SKU027,True,2025-07-01,0,281.0,658.0,11.0,117.0,351.0,158.61059525999565,1268.8847620799652,118.1972539112459,623.1972539112459,472.7368809864412,295.7368809864412,128.92605945323805,-37.88476207996507,-183.88476207996518,-329.8847620799652,118.1972539112459,-987.8847620799652,5.920159359220513,41.44111551454359,1.771634483430207,12.401441384011449,250.23131751732552,True,6.0,2025-08-12,True,6.0,True,1.0,0.0,0.0,0.0,0.0,HEALTHY,REORDER,REORDER: Projected inventory breaches Reorder Point (351 units) in week 1 (within lead time of 11 days). Place PO now.,,,,False,False,Policy_B_LT,8,ENGINEERING_RECOMMENDATION_PENDING_BUSINESS_APPROVAL,Product 027,Home Decor,Cabinet
2025-07-01,SKU028,True,2025-07-01,0,823.0,18.0,6.0,125.0,268.0,41.08357409415348,328.6685927532278,797.7572914935984,760.7572914935984,720.8306214191355,684.8306214191355,646.5810143329538,608.3314072467722,560.3314072467722,512.3314072467722,779.7572914935984,494.3314072467722,20.47046827212828,143.29327790489796,20.03233696547155,140.22635875830085,37.06517871977283,False,,,False,,False,,0.0,387.3314072467722,9.427889753678771,0.4605605318035341,CRITICAL,OVERSTOCK,OVERSTOCK (CRITICAL): 387 excess units (9.4 weeks of cover above safety buffer). Defer future orders or review promotional clearance.,,,,False,False,Policy_B_LT,8,ENGINEERING_RECOMMENDATION_PENDING_BUSINESS_APPROVAL,Product 028,Kitchen,Rug
2025-07-01,SKU029,True,2025-07-01,0,242.0,99.0,7.0,147.0,378.0,111.10695376017179,888.8556300813743,222.65459330729755,123.65459330729755,11.821036178391296,-78.1789638216087,-185.01729695149152,-291.85563008137433,-419.85563008137433,-547.8556300813743,123.65459330729753,-646.8556300813743,3.0691148344869603,21.483803841408722,2.178081495442359,15.246570468096511,118.34540669270247,True,4.0,2025-07-29,True,2.0,True,1.0,0.0,0.0,0.0,0.0,HEALTHY,REORDER,REORDER: Projected inventory breaches Reorder Point (378 units) in week 1 (within lead time of 7 days). Place PO now.,,,,False,False,Policy_B_LT,8,ENGINEERING_RECOMMENDATION_PENDING_BUSINESS_APPROVAL,Product 029,Lighting,Organizer
2025-07-01,SKU030,True,2025-07-01,0,286.0,63.0,13.0,43.0,150.0,33.56727812006069,268.53822496048554,248.1051046598758,280.1051046598758,243.99118635543243,216.99118635543243,181.72648069747345,146.46177503951446,113.46177503951446,80.46177503951446,248.1051046598758,17.461775039514464,10.397030070526581,72.77921049368607,8.520202292752442,59.64141604926709,64.46632391155279,False,,,False,,True,6.0,0.0,37.461775039514464,1.1160206349029627,0.10734032962611595,MONITOR,MONITOR,MONITOR: Reorder Point breach projected in week 6. Review replenishment pipeline.,,,,False,False,Policy_B_LT,8,ENGINEERING_RECOMMENDATION_PENDING_BUSINESS_APPROVAL,Product 030,Storage,Sofa
2025-07-01,SKU031,True,2025-07-01,0,59.0,152.0,10.0,49.0,130.0,127.7466785868627,1021.9734286949016,-88.92110630720626,-54.92110630720629,-193.1524600669719,-328.1524600669719,-454.56294438093676,-580.9734286949016,-695.9734286949016,-810.9734286949016,-88.92110630720626,-962.9734286949016,1.6517063483300534,11.561944438310373,0.4618515381586405,3.2329607671104834,198.49253487863484,True,1.0,2025-07-08,True,1.0,True,1.0,0.08853423416001938,0.0,0.0,0.0,HEALTHY,CRITICAL REORDER,CRITICAL REORDER: Stockout projected in week 1 (within lead time of 10 days). Expedite replenishment immediately.,,,,False,False,Policy_B_LT,8,ENGINEERING_RECOMMENDATION_PENDING_BUSINESS_APPROVAL,Product 031,Furniture,Chair
2025-07-01,SKU032,True,2025-07-01,0,408.0,231.0,13.0,63.0,259.0,66.07431714285084,528.5945371428068,334.8638445100252,490.8638445100252,416.39237081617756,347.39237081617756,281.8989168366854,216.40546285719319,163.40546285719319,110.40546285719324,334.8638445100252,-120.59453714280676,9.670928548811178,67.69649984167825,6.174865176705728,43.22405623694009,137.42186977568906,False,,,False,,True,6.0,0.0,47.40546285719324,0.7174567200551455,0.07418695282815845,MONITOR,MONITOR,MONITOR: Reorder Point breach projected in week 6. Review replenishment pipeline.,,,,False,False,Policy_B_LT,8,ENGINEERING_RECOMMENDATION_PENDING_BUSINESS_APPROVAL,Product 032,Home Decor,Table
2025-07-01,SKU033,True,2025-07-01,0,332.0,299.0,7.0,76.0,166.0,131.6482005742194,1053.1856045937552,481.5760226035105,339.5760226035105,198.54863307714334,78.54863307714334,-44.81848575830588,-168.1856045937551,-295.1856045937551,-422.1856045937552,182.57602260351052,-721.1856045937552,4.793077286645181,33.55154100651627,2.5218726769670363,17.653108738769255,149.42397739648948,True,5.0,2025-08-05,True,5.0,True,4.0,0.0,0.0,0.0,0.0,HEALTHY,MONITOR,MONITOR: Reorder Point breach projected in week 4. Review replenishment pipeline.,,,,False,False,Policy_B_LT,8,ENGINEERING_RECOMMENDATION_PENDING_BUSINESS_APPROVAL,Product 033,Kitchen,Cushion
2025-07-01,SKU034,True,2025-07-01,0,137.0,205.0,13.0,22.0,113.0,132.20573965064204,1057.6459172051364,-12.20412948540968,74.79587051459032,-66.84989669732374,-197.84989669732374,-328.74790695123,-459.64591720513624,-587.6459172051362,-715.6459172051364,-12.20412948540968,-920.6459172051364,2.5868770970439416,18.10813967930759,1.0362636324415788,7.2538454270910515,250.34698662826685,True,1.0,2025-07-08,True,1.0,True,1.0,0.0,0.0,0.0,0.0,HEALTHY,CRITICAL REORDER,CRITICAL REORDER: Stockout projected in week 1 (within lead time of 13 days). Expedite replenishment immediately.,,,,False,False,Policy_B_LT,8,ENGINEERING_RECOMMENDATION_PENDING_BUSINESS_APPROVAL,Product 034,Lighting,Cookware
2025-07-01,SKU035,True,2025-07-01,0,830.0,605.0,10.0,91.0,331.0,153.30841525219262,1226.467322017541,659.4146359902716,1105.4146359902716,941.1621335488653,806.1621335488653,659.3474057656622,512.5326779824591,360.53267798245906,208.53267798245906,659.4146359902716,-396.46732201754094,9.360216773746062,65.52151741622244,5.413923290738141,37.897463035166986,238.7282211525856,False,,,False,,True,8.0,0.0,117.53267798245906,0.7666420515085072,0.08190430521425719,MONITOR,MONITOR,MONITOR: Reorder Point breach projected in week 8. Review replenishment pipeline.,,,,False,False,Policy_B_LT,8,ENGINEERING_RECOMMENDATION_PENDING_BUSINESS_APPROVAL,Product 035,Storage,Lamp
2025-07-01,SKU036,True,2025-07-01,0,687.0,362.0,4.0,183.0,276.0,34.912336960531476,279.2986956842518,1009.0055340520763,988.0055340520763,948.8689450017833,893.8689450017833,858.7851246587658,823.7013043157482,796.7013043157482,769.7013043157482,647.0055340520763,407.7013043157482,30.04668525014233,210.3267967509963,19.677857737700457,137.7450041639032,22.85398054167068,False,,,False,,False,,0.0,586.7013043157482,16.80498515407365,0.5592958096432299,CRITICAL,OVERSTOCK,OVERSTOCK (CRITICAL): 587 excess units (16.8 weeks of cover above safety buffer). Defer future orders or review promotional clearance.,,,,False,False,Policy_B_LT,8,ENGINEERING_RECOMMENDATION_PENDING_BUSINESS_APPROVAL,Product 036,Furniture,Shelf
2025-07-01,SKU037,True,2025-07-01,0,749.0,612.0,10.0,354.0,907.0,173.18143464769403,1385.4514771815523,568.2472227696196,1002.2472227696196,821.8838804844634,642.8838804844634,475.21620165145555,307.54852281844774,141.54852281844774,-24.451477181552264,568.2472227696196,-636.4514771815523,7.858810055296664,55.01167038707665,4.324943961364586,30.274607729552105,257.0384915160947,True,8.0,2025-08-26,True,6.0,True,1.0,0.0,0.0,0.0,0.0,HEALTHY,REORDER,REORDER: Projected inventory breaches Reorder Point (907 units) in week 1 (within lead time of 10 days). Place PO now.,,,,False,False,Policy_B_LT,8,ENGINEERING_RECOMMENDATION_PENDING_BUSINESS_APPROVAL,Product 037,Home Decor,Cabinet
2025-07-01,SKU038,True,2025-07-01,0,346.0,93.0,9.0,60.0,177.0,59.08451338918469,472.67610711347754,282.0099242280752,321.0099242280752,266.2013266633779,212.20132666337793,152.2626097749502,92.32389288652246,29.323892886522458,-33.67610711347754,282.0099242280752,-126.67610711347754,7.4300349587098085,52.01024471096866,5.856018441261034,40.992129088827234,79.41864720049625,True,8.0,2025-08-26,True,7.0,True,5.0,0.0,0.0,0.0,0.0,HEALTHY,MONITOR,MONITOR: Reorder Point breach projected in week 5. Review replenishment pipeline.,,,,False,False,Policy_B_LT,8,ENGINEERING_RECOMMENDATION_PENDING_BUSINESS_APPROVAL,Product 038,Kitchen,Rug
2025-07-01,SKU039,True,2025-07-01,0,122.0,64.0,4.0,43.0,65.0,21.59798530710364,172.78388245682913,159.50411383528512,140.50411383528512,113.3645970048408,95.3645970048408,68.29035727400584,41.21611754317087,27.216117543170867,13.216117543170867,95.50411383528514,-50.78388245682913,8.611914368643637,60.28340058050546,5.648675015992063,39.54072511194444,15.140506379837065,False,,,True,6.0,True,6.0,0.0,0.0,0.0,0.0,HEALTHY,MONITOR,MONITOR: Reorder Point breach projected in week 6. Review replenishment pipeline.,,,,False,False,Policy_B_LT,8,ENGINEERING_RECOMMENDATION_PENDING_BUSINESS_APPROVAL,Product 039,Lighting,Organizer
2025-07-01,SKU040,True,2025-07-01,0,145.0,53.0,3.0,31.0,54.0,111.2772463901828,890.2179711214624,77.97119208654549,-37.0288079134545,-149.61776665368888,-257.6177666536889,-363.91786888757565,-470.21797112146237,-581.2179711214624,-692.2179711214624,24.971192086545486,-745.2179711214624,1.7793395004198103,12.455376502938671,1.303051654347841,9.121361580434886,51.44091767719479,True,2.0,2025-07-15,True,2.0,True,2.0,0.0,0.0,0.0,0.0,HEALTHY,MONITOR,MONITOR: Reorder Point breach projected in week 2. Review replenishment pipeline.,,,,False,False,Policy_B_LT,8,ENGINEERING_RECOMMENDATION_PENDING_BUSINESS_APPROVAL,Product 040,Storage,Sofa
2025-07-01,SKU041,True,2025-07-01,0,620.0,70.0,14.0,145.0,424.0,76.42033616117222,611.3626892893777,534.1555144459738,541.1555144459738,456.89016410417696,381.89016410417696,296.2637374073996,210.63731071062227,144.63731071062227,78.63731071062227,534.1555144459738,8.637310710622273,9.029010269527923,63.20307188669546,8.11302372044538,56.791166043117656,148.84448555402616,False,,,True,7.0,True,4.0,0.0,0.0,0.0,0.0,HEALTHY,MONITOR,MONITOR: Reorder Point breach projected in week 4. Review replenishment pipeline.,,,,False,False,Policy_B_LT,8,ENGINEERING_RECOMMENDATION_PENDING_BUSINESS_APPROVAL,Product 041,Furniture,Chair
2025-07-01,SKU042,True,2025-07-01,0,186.0,40.0,8.0,37.0,106.0,155.6790229559552,1245.4321836476415,24.030554389467937,-80.96944561053203,-231.22890605975078,-383.2289060597508,-548.3305448536961,-713.4321836476414,-866.4321836476415,-1019.4321836476415,24.030554389467937,-1059.4321836476415,1.4517048970941966,10.161934279659377,1.1947659772545158,8.36336184078161,182.68373132481776,True,2.0,2025-07-15,True,1.0,True,1.0,0.0,0.0,0.0,0.0,HEALTHY,CRITICAL REORDER,CRITICAL REORDER: Stockout projected in week 2 (within lead time of 8 days). Expedite replenishment immediately.,,,,False,False,Policy_B_LT,8,ENGINEERING_RECOMMENDATION_PENDING_BUSINESS_APPROVAL,Product 042,Home Decor,Table
2025-07-01,SKU043,True,2025-07-01,0,565.0,297.0,12.0,176.0,505.0,164.96546636031806,1319.7237308825445,389.9916164074946,514.9916164074946,344.715111890893,211.715111890893,45.99569050417426,-119.72373088254449,-288.7237308825445,-457.7237308825445,389.9916164074946,-754.7237308825445,5.22533605983459,36.57735241884213,3.4249592503556188,23.97471475248933,297.86552644964826,True,6.0,2025-08-12,True,5.0,True,1.0,0.0,0.0,0.0,0.0,HEALTHY,REORDER,REORDER: Projected inventory breaches Reorder Point (505 units) in week 1 (within lead time of 12 days). Place PO now.,,,,False,False,Policy_B_LT,8,ENGINEERING_RECOMMENDATION_PENDING_BUSINESS_APPROVAL,Product 043,Kitchen,Cushion
2025-07-01,SKU044,True,2025-07-01,0,268.0,105.0,7.0,39.0,101.0,71.58750835901554,572.7000668721244,303.57726161908664,241.57726161908664,176.2620913310007,95.2620913310007,27.781012229438204,-39.700066872124296,-119.7000668721243,-199.70006687212435,198.57726161908664,-304.70006687212435,5.210406236369943,36.4728436545896,3.743669896373042,26.205689274611295,69.42273838091336,True,6.0,2025-08-12,True,5.0,True,4.0,0.0,0.0,0.0,0.0,HEALTHY,MONITOR,MONITOR: Reorder Point breach projected in week 4. Review replenishment pipeline.,,,,False,False,Policy_B_LT,8,ENGINEERING_RECOMMENDATION_PENDING_BUSINESS_APPROVAL,Product 044,Lighting,Cookware
2025-07-01,SKU045,True,2025-07-01,0,352.0,159.0,6.0,58.0,168.0,161.11794734145565,1288.9435787316452,352.3214206580034,208.32142065800338,60.13790320194869,-103.86209679805131,-260.9028377648482,-417.94357873164506,-597.9435787316452,-777.9435787316452,193.32142065800335,-936.9435787316452,3.1715895617577776,22.201126932304444,2.184734884028841,15.293144188201886,136.01021086456856,True,4.0,2025-07-29,True,4.0,True,3.0,0.0,0.0,0.0,0.0,HEALTHY,MONITOR,MONITOR: Reorder Point breach projected in week 3. Review replenishment pipeline.,,,,False,False,Policy_B_LT,8,ENGINEERING_RECOMMENDATION_PENDING_BUSINESS_APPROVAL,Product 045,Storage,Lamp
2025-07-01,SKU046,True,2025-07-01,0,125.0,316.0,3.0,126.0,176.0,65.1259964681449,521.0079717451592,371.86424352583686,309.86424352583686,248.43128301558295,188.43128301558295,123.21165563521186,57.99202825484076,-11.007971745159239,-80.00797174515924,55.86424352583687,-396.00797174515924,6.7714894806362995,47.4004263644541,1.9193564287517855,13.435495001262499,29.629609917498485,True,7.0,2025-08-19,True,5.0,True,5.0,0.0,0.0,0.0,0.0,HEALTHY,MONITOR,MONITOR: Reorder Point breach projected in week 5. Review replenishment pipeline.,,,,False,False,Policy_B_LT,8,ENGINEERING_RECOMMENDATION_PENDING_BUSINESS_APPROVAL,Product 046,Furniture,Shelf
2025-07-01,SKU047,True,2025-07-01,0,70.0,198.0,10.0,49.0,124.0,103.79387097194883,830.3509677755907,-45.56828344941877,77.43171655058123,-30.252502809770363,-141.25250280977036,-247.80173529268052,-354.3509677755907,-458.3509677755907,-562.3509677755907,-45.56828344941877,-760.3509677755907,2.582040707128355,18.074284949898484,0.6744136175335256,4.720895322734679,147.7111405922759,True,1.0,2025-07-08,True,1.0,True,1.0,0.0,0.0,0.0,0.0,HEALTHY,CRITICAL REORDER,CRITICAL REORDER: Stockout projected in week 1 (within lead time of 10 days). Expedite replenishment immediately.,,,,False,False,Policy_B_LT,8,ENGINEERING_RECOMMENDATION_PENDING_BUSINESS_APPROVAL,Product 047,Home Decor,Cabinet
2025-07-01,SKU048,True,2025-07-01,0,55.0,78.0,5.0,22.0,43.0,59.61193653027137,476.895492242171,66.85690338771184,1.8569033877118386,-55.30831878025691,-119.30831878025691,-181.60190551121394,-243.89549224217097,-293.895492242171,-343.895492242171,-11.143096612288161,-421.895492242171,2.2310967860012676,15.617677502008874,0.9226340092486444,6.458438064740511,47.24506900877726,True,3.0,2025-07-22,True,2.0,True,2.0,0.0,0.0,0.0,0.0,HEALTHY,MONITOR,MONITOR: Reorder Point breach projected in week 2. Review replenishment pipeline.,,,,False,False,Policy_B_LT,8,ENGINEERING_RECOMMENDATION_PENDING_BUSINESS_APPROVAL,Product 048,Kitchen,Rug
2025-07-01,SKU049,True,2025-07-01,0,1119.0,127.0,5.0,195.0,372.0,173.73086223147575,1389.846897851806,1070.700236547608,909.700236547608,746.7189590817877,563.7189590817877,391.93603061499084,220.15310214819397,38.153102148193966,-143.84689785180603,943.700236547608,-270.84689785180603,7.172012986039595,50.204090902277166,6.440997216194468,45.086980513361276,125.21411675170856,True,8.0,2025-08-26,True,7.0,True,6.0,0.0,0.0,0.0,0.0,HEALTHY,MONITOR,MONITOR: Reorder Point breach projected in week 6. Review replenishment pipeline.,,,,False,False,Policy_B_LT,8,ENGINEERING_RECOMMENDATION_PENDING_BUSINESS_APPROVAL,Product 049,Lighting,Organizer
2025-07-01,SKU050,True,2025-07-01,0,202.0,220.0,7.0,106.0,249.0,43.50255253299257,348.02042026394054,370.0358388913329,323.0358388913329,276.9051931393798,232.9051931393798,183.44238643771965,133.97957973605946,103.97957973605946,73.97957973605946,150.03583889133293,-146.02042026394054,9.700580205723629,67.9040614400654,4.643405690891405,32.503839836239834,51.96416110866708,False,,,True,7.0,True,4.0,0.0,0.0,0.0,0.0,HEALTHY,MONITOR,MONITOR: Reorder Point breach projected in week 4. Review replenishment pipeline.,,,,False,False,Policy_B_LT,8,ENGINEERING_RECOMMENDATION_PENDING_BUSINESS_APPROVAL,Product 050,Storage,Sofa
2025-07-29,SKU001,True,2025-07-01,28,1121.0,404.0,4.0,214.0,376.0,102.02984907428281,816.2387925942625,1418.7915952841556,1331.7915952841556,1223.1073682944093,1137.1073682944093,1027.9342878500734,918.7612074057375,813.7612074057375,708.7612074057375,1014.7915952841555,304.76120740573754,14.946606447390941,104.6262451317366,10.986980870508358,76.9088660935585,60.69051698048255,False,,,False,,False,,0.0,494.76120740573754,4.849181018052146,0.3244335786267131,HIGH,OVERSTOCK,OVERSTOCK (HIGH): 495 excess units (4.8 weeks of cover above safety buffer). Defer future orders or review promotional clearance.,,,,False,False,Policy_B_LT,8,ENGINEERING_RECOMMENDATION_PENDING_BUSINESS_APPROVAL,Product 001,Furniture,Chair
2025-07-29,SKU002,True,2025-07-01,28,774.0,228.0,7.0,193.0,363.0,65.44550701728977,523.5640561383182,929.0377428729123,862.0377428729123,788.7119600970334,733.7119600970334,655.0739519793576,576.4359438616818,527.4359438616818,478.43594386168184,701.0377428729123,250.43594386168184,15.310447510709725,107.17313257496808,11.826633107075176,82.78643174952623,72.96225712708771,False,,,False,,False,,0.0,285.43594386168184,4.36142917780855,0.28486621143880425,HIGH,OVERSTOCK,OVERSTOCK (HIGH): 285 excess units (4.4 weeks of cover above safety buffer). Defer future orders or review promotional clearance.,,,,False,False,Policy_B_LT,8,ENGINEERING_RECOMMENDATION_PENDING_BUSINESS_APPROVAL,Product 002,Home Decor,Table
2025-07-29,SKU003,True,2025-07-01,28,280.0,295.0,11.0,101.0,272.0,37.85905244902688,302.87241959221507,243.36114287726735,499.36114287726735,463.55848861090993,428.55848861090993,387.34303450934743,346.12758040778493,309.12758040778493,272.12758040778493,243.36114287726735,-22.872419592215067,15.187913135812769,106.31539195068939,7.395853353091436,51.77097347164005,58.924571408446944,False,,,False,,True,1.0,0.0,171.12758040778493,4.5201231763047875,0.29761318331788683,HIGH,REORDER,REORDER: Projected inventory breaches Reorder Point (272 units) in week 1 (within lead time of 11 days). Place PO now.,,,,False,False,Policy_B_LT,8,ENGINEERING_RECOMMENDATION_PENDING_BUSINESS_APPROVAL,Product 003,Kitchen,Cushion
2025-07-29,SKU004,True,2025-07-01,28,393.0,394.0,9.0,86.0,278.0,30.98599957694851,247.8879966155881,361.86957937318147,720.8695793731814,688.696147976697,660.696147976697,627.9040756805545,595.1120033844119,567.1120033844119,539.1120033844119,361.86957937318147,145.1120033844119,25.398567441583353,177.78997209108348,12.683147400943149,88.78203180660205,41.13042062681856,False,,,False,,False,,0.0,453.1120033844119,14.623120427636504,0.5757458746942972,CRITICAL,OVERSTOCK,OVERSTOCK (CRITICAL): 453 excess units (14.6 weeks of cover above safety buffer). Defer future orders or review promotional clearance.,,,,False,False,Policy_B_LT,8,ENGINEERING_RECOMMENDATION_PENDING_BUSINESS_APPROVAL,Product 004,Lighting,Cookware
2025-07-29,SKU005,True,2025-07-01,28,509.0,198.0,13.0,197.0,540.0,108.38010809040003,867.0408647232002,400.6163542099052,502.6163542099052,392.7902052230888,285.7902052230888,174.8746702499443,63.95913527679977,-48.04086472320023,-160.04086472320023,400.6163542099052,-358.04086472320023,6.523337284460817,45.66336099122572,4.696433773395412,32.87503641376788,190.66936007580912,True,7.0,2025-09-16,True,5.0,True,1.0,0.0,0.0,0.0,0.0,HEALTHY,REORDER,REORDER: Projected inventory breaches Reorder Point (540 units) in week 1 (within lead time of 13 days). Place PO now.,,,,False,False,Policy_B_LT,8,ENGINEERING_RECOMMENDATION_PENDING_BUSINESS_APPROVAL,Product 005,Storage,Lamp
2025-07-29,SKU006,True,2025-07-01,28,428.0,321.0,14.0,101.0,400.0,40.00965779571421,320.0772623657137,385.1501202941984,679.1501202941984,636.8874669433683,597.8874669433683,547.4051022888273,496.9227376342863,462.9227376342863,428.9227376342863,385.1501202941984,107.9227376342863,18.72048003570358,131.04336024992506,10.697417163259189,74.88192014281432,69.8498797058016,False,,,False,,True,1.0,0.0,327.9227376342863,8.19608953689709,0.4378140689376319,CRITICAL,REORDER,REORDER: Projected inventory breaches Reorder Point (400 units) in week 1 (within lead time of 14 days). Place PO now.,,,,False,False,Policy_B_LT,8,ENGINEERING_RECOMMENDATION_PENDING_BUSINESS_APPROVAL,Product 006,Furniture,Shelf
2025-07-29,SKU007,True,2025-07-01,28,643.0,313.0,11.0,147.0,400.0,155.84038353379765,1246.7230682703812,486.06265255481406,662.0626525548141,498.4106292393844,325.41062923938443,172.34378048450162,19.27693172961881,-135.7230682703812,-290.7230682703812,486.06265255481406,-603.7230682703812,6.134481822503144,42.941372757522004,4.12601653961247,28.88211577728729,235.2230617309002,True,7.0,2025-09-16,True,6.0,True,4.0,0.0,0.0,0.0,0.0,HEALTHY,MONITOR,MONITOR: Reorder Point breach projected in week 4. Review replenishment pipeline.,,,,False,False,Policy_B_LT,8,ENGINEERING_RECOMMENDATION_PENDING_BUSINESS_APPROVAL,Product 007,Home Decor,Cabinet
2025-07-29,SKU008,True,2025-07-01,28,538.0,374.0,4.0,169.0,291.0,108.68274975368539,869.4619980294831,803.6009749929779,706.6009749929779,596.8390731375091,497.8390731375091,387.188537554013,276.5380019705169,159.53800197051692,42.538001970516916,429.60097499297785,-331.4619980294831,8.391396077730123,58.73977254411086,4.950187598485533,34.65131318939873,61.942300004012665,False,,,True,7.0,True,6.0,0.0,0.0,0.0,0.0,HEALTHY,MONITOR,MONITOR: Reorder Point breach projected in week 6. Review replenishment pipeline.,,,,False,False,Policy_B_LT,8,ENGINEERING_RECOMMENDATION_PENDING_BUSINESS_APPROVAL,Product 008,Kitchen,Rug
2025-07-29,SKU009,True,2025-07-01,28,229.0,57.0,4.0,49.0,98.0,66.80004828907576,534.4003863126061,214.50695469081188,151.50695469081188,73.79196598231579,7.791965982315787,-66.30421016514515,-140.4003863126061,-194.4003863126061,-248.4003863126061,157.50695469081188,-305.4003863126061,4.281434030741133,29.970038215187934,3.428141234404614,23.9969886408323,40.8531687481075,True,5.0,2025-09-02,True,4.0,True,3.0,0.0,0.0,0.0,0.0,HEALTHY,MONITOR,MONITOR: Reorder Point breach projected in week 3. Review replenishment pipeline.,,,,False,False,Policy_B_LT,8,ENGINEERING_RECOMMENDATION_PENDING_BUSINESS_APPROVAL,Product 009,Lighting,Organizer
2025-07-29,SKU010,True,2025-07-01,28,69.0,83.0,5.0,32.0,52.0,103.91228622729481,831.2982898183585,47.96470304052822,-55.03529695947179,-162.69761232812414,-263.69761232812414,-372.4979510732413,-481.2982898183585,-580.2982898183585,-679.2982898183585,-35.03529695947178,-762.2982898183585,1.4627721660123951,10.239405162086765,0.6640215753608899,4.64815102752623,74.3109263996227,True,2.0,2025-08-12,True,2.0,True,1.0,0.0,0.0,0.0,0.0,HEALTHY,REORDER,REORDER: Projected inventory breaches Reorder Point (52 units) in week 1 (within lead time of 5 days). Place PO now.,,,,False,False,Policy_B_LT,8,ENGINEERING_RECOMMENDATION_PENDING_BUSINESS_APPROVAL,Product 010,Storage,Sofa
2025-07-29,SKU011,True,2025-07-01,28,214.0,218.0,7.0,103.0,309.0,17.556276138390707,140.45020910712566,413.82801965263997,392.82801965263997,373.5086036064974,360.5086036064974,337.02919724968586,313.54979089287434,302.54979089287434,291.54979089287434,195.82801965263997,73.54979089287434,24.606584938325035,172.24609456827525,12.189373094448051,85.32561166113635,18.171980347360048,False,,,False,,True,7.0,0.0,188.54979089287434,10.739737140529947,0.43645784928906095,CRITICAL,MONITOR,MONITOR: Reorder Point breach projected in week 7. Review replenishment pipeline.,,,,False,False,Policy_B_LT,8,ENGINEERING_RECOMMENDATION_PENDING_BUSINESS_APPROVAL,Product 011,Furniture,Chair
2025-07-29,SKU012,True,2025-07-01,28,128.0,164.0,14.0,27.0,84.0,163.28539644732405,1306.2831715785924,-37.19923297995945,-30.199232979959447,-194.3037404262485,-358.3037404262485,-517.2934560024204,-676.2831715785923,-845.2831715785924,-1014.2831715785924,-37.19923297995945,-1178.2831715785924,1.7882799463588244,12.517959624511771,0.7839035381298955,5.487324766909269,322.19923297995945,True,1.0,2025-08-05,True,1.0,True,1.0,0.17413992934929456,0.0,0.0,0.0,HEALTHY,CRITICAL REORDER,CRITICAL REORDER: Stockout projected in week 1 (within lead time of 14 days). Expedite replenishment immediately.,,,,False,False,Policy_B_LT,8,ENGINEERING_RECOMMENDATION_PENDING_BUSINESS_APPROVAL,Product 012,Home Decor,Table
2025-07-29,SKU013,True,2025-07-01,28,332.0,189.0,6.0,35.0,97.0,88.1814569320943,705.4516554567545,434.10856335428076,346.10856335428076,259.3853348996909,187.38533489969092,88.46683972146826,-10.451655456754452,-97.45165545675445,-184.45165545675445,245.10856335428076,-373.45165545675445,5.908271626779826,41.35790138745878,3.7649638773337855,26.3547471413365,74.47837426775935,True,6.0,2025-09-09,True,6.0,True,5.0,0.0,0.0,0.0,0.0,HEALTHY,MONITOR,MONITOR: Reorder Point breach projected in week 5. Review replenishment pipeline.,,,,False,False,Policy_B_LT,8,ENGINEERING_RECOMMENDATION_PENDING_BUSINESS_APPROVAL,Product 013,Kitchen,Cushion
2025-07-29,SKU014,True,2025-07-01,28,345.0,450.0,14.0,94.0,395.0,134.4766423578027,1075.8131388624215,200.38604937000048,513.3860493700005,372.1607075731255,252.16070757312548,117.67378435535204,-16.813138862421397,-148.8131388624214,-280.8131388624215,200.38604937000048,-730.8131388624215,5.911807329965448,41.38265130975814,2.565501294135949,17.958509058951645,281.6139506299995,True,6.0,2025-09-09,True,6.0,True,1.0,0.0,0.0,0.0,0.0,HEALTHY,REORDER,REORDER: Projected inventory breaches Reorder Point (395 units) in week 1 (within lead time of 14 days). Place PO now.,,,,False,False,Policy_B_LT,8,ENGINEERING_RECOMMENDATION_PENDING_BUSINESS_APPROVAL,Product 014,Lighting,Cookware
2025-07-29,SKU015,True,2025-07-01,28,420.0,423.0,10.0,125.0,343.0,25.45514882269426,203.64119058155407,392.52865881419785,796.5286588141979,771.0543508002819,745.0543508002819,715.2065801093639,685.358809418446,662.358809418446,639.358809418446,392.52865881419785,216.35880941844593,33.11707214410126,231.8195050087088,16.499608897416998,115.49726228191898,35.61419832865926,False,,,False,,False,,0.0,514.358809418446,20.206474257965247,0.6101527988356417,CRITICAL,OVERSTOCK,OVERSTOCK (CRITICAL): 514 excess units (20.2 weeks of cover above safety buffer). Defer future orders or review promotional clearance.,,,,False,False,Policy_B_LT,8,ENGINEERING_RECOMMENDATION_PENDING_BUSINESS_APPROVAL,Product 015,Storage,Lamp
2025-07-29,SKU016,True,2025-07-01,28,269.0,1.0,3.0,50.0,86.0,91.14648205544296,729.1718564435437,178.26173730645638,94.26173730645638,5.074939210753257,-85.92506078924674,-185.54845861639518,-285.1718564435437,-372.1718564435437,-459.1718564435437,177.26173730645638,-460.1718564435437,2.9622646306388796,20.735852414472156,2.951293280155032,20.659052961085223,39.31639829723297,True,4.0,2025-08-26,True,3.0,True,3.0,0.0,0.0,0.0,0.0,HEALTHY,MONITOR,MONITOR: Reorder Point breach projected in week 3. Review replenishment pipeline.,,,,False,False,Policy_B_LT,8,ENGINEERING_RECOMMENDATION_PENDING_BUSINESS_APPROVAL,Product 016,Furniture,Shelf
2025-07-29,SKU017,True,2025-07-01,28,143.0,61.0,13.0,60.0,248.0,95.77249291992649,766.1799433594119,54.8037526244748,18.803752624474782,-69.43600109866975,-167.43600109866975,-265.80797222904084,-364.17994335941194,-463.17994335941194,-562.1799433594119,54.8037526244748,-623.1799433594119,2.13004792691948,14.91033548843636,1.4931218311249297,10.451852817874508,171.33910451838236,True,3.0,2025-08-19,True,1.0,True,1.0,0.14236418653720861,0.0,0.0,0.0,HEALTHY,REORDER,REORDER: Projected inventory breaches Reorder Point (248 units) in week 1 (within lead time of 13 days). Place PO now.,,,,False,False,Policy_B_LT,8,ENGINEERING_RECOMMENDATION_PENDING_BUSINESS_APPROVAL,Product 017,Home Decor,Cabinet
2025-07-29,SKU018,True,2025-07-01,28,631.0,96.0,4.0,62.0,144.0,166.69141120322348,1333.5312896257878,563.5192169660091,390.51921696600914,228.5827545636654,65.58275456366539,-96.47426753106117,-258.53128962578774,-432.53128962578785,-606.5312896257878,467.51921696600914,-702.5312896257878,4.361352482124413,30.529467374870894,3.78543798654815,26.49806590583705,93.41759030513765,True,5.0,2025-09-02,True,5.0,True,4.0,0.0,0.0,0.0,0.0,HEALTHY,MONITOR,MONITOR: Reorder Point breach projected in week 4. Review replenishment pipeline.,,,,False,False,Policy_B_LT,8,ENGINEERING_RECOMMENDATION_PENDING_BUSINESS_APPROVAL,Product 018,Kitchen,Rug
2025-07-29,SKU019,True,2025-07-01,28,317.0,309.0,11.0,69.0,174.0,101.68936641437074,813.5149313149659,212.31468141696763,427.31468141696763,322.8680185141356,233.8680185141356,124.17654359958482,14.485068685034094,-86.5149313149659,-187.5149313149659,212.31468141696763,-496.5149313149659,6.156002560278846,43.09201792195192,3.1173367597578183,21.821357318304727,158.3996042973181,True,7.0,2025-09-16,True,6.0,True,5.0,0.0,0.0,0.0,0.0,HEALTHY,MONITOR,MONITOR: Reorder Point breach projected in week 5. Review replenishment pipeline.,,,,False,False,Policy_B_LT,8,ENGINEERING_RECOMMENDATION_PENDING_BUSINESS_APPROVAL,Product 019,Lighting,Organizer
2025-07-29,SKU020,True,2025-07-01,28,568.0,558.0,5.0,194.0,415.0,91.34262381330714,730.7409905064571,1039.497923983289,944.497923983289,857.8568335902225,756.8568335902225,662.0579215418827,567.2590094935429,481.25900949354286,395.25900949354286,481.4979239832889,-162.74099050645714,12.327213221960896,86.29049255372627,6.218345568449191,43.528418979144334,61.787197154793645,False,,,False,,True,8.0,0.0,201.25900949354286,2.2033416721736723,0.17873801908840398,HIGH,MONITOR,MONITOR: Reorder Point breach projected in week 8. Review replenishment pipeline.,,,,False,False,Policy_B_LT,8,ENGINEERING_RECOMMENDATION_PENDING_BUSINESS_APPROVAL,Product 020,Storage,Sofa
2025-07-29,SKU021,True,2025-07-01,28,286.0,38.0,8.0,64.0,132.0,61.64068497321828,493.1254797857462,222.69834986513268,210.69834986513268,145.13800898378503,73.13800898378503,8.006264599019403,-57.12547978574622,-113.12547978574622,-169.12547978574622,222.69834986513268,-207.12547978574622,5.256268650174344,36.79388055122041,4.6397926973761185,32.47854888163283,70.44450727772444,True,6.0,2025-09-09,True,5.0,True,4.0,0.0,0.0,0.0,0.0,HEALTHY,MONITOR,MONITOR: Reorder Point breach projected in week 4. Review replenishment pipeline.,,,,False,False,Policy_B_LT,8,ENGINEERING_RECOMMENDATION_PENDING_BUSINESS_APPROVAL,Product 021,Furniture,Chair
2025-07-29,SKU022,True,2025-07-01,28,83.0,171.0,5.0,79.0,152.0,66.83317293949361,534.6653835159489,185.35608560026202,121.35608560026202,49.55654031217608,-11.443459687823918,-82.05442160188642,-152.66538351594892,-216.66538351594892,-280.66538351594886,14.356085600262034,-451.66538351594886,3.8005078739857976,26.603555117900584,1.2418982422866978,8.693287696006884,49.031367428384264,True,4.0,2025-08-26,True,3.0,True,2.0,0.0,0.0,0.0,0.0,HEALTHY,MONITOR,MONITOR: Reorder Point breach projected in week 2. Review replenishment pipeline.,,,,False,False,Policy_B_LT,8,ENGINEERING_RECOMMENDATION_PENDING_BUSINESS_APPROVAL,Product 022,Home Decor,Table
2025-07-29,SKU023,True,2025-07-01,28,290.0,166.0,12.0,78.0,210.0,99.96207686560483,799.6966149248386,190.14358740670434,256.14358740670434,155.86913519723169,69.86913519723169,-38.91373986380347,-147.69661492483863,-245.69661492483863,-343.6966149248386,190.14358740670434,-509.6966149248386,4.561729950980055,31.932109656860387,2.9011001881232805,20.307701316862964,171.28498402186707,True,5.0,2025-09-02,True,4.0,True,1.0,0.0,0.0,0.0,0.0,HEALTHY,REORDER,REORDER: Projected inventory breaches Reorder Point (210 units) in week 1 (within lead time of 12 days). Place PO now.,,,,False,False,Policy_B_LT,8,ENGINEERING_RECOMMENDATION_PENDING_BUSINESS_APPROVAL,Product 023,Kitchen,Cushion
2025-07-29,SKU024,True,2025-07-01,28,429.0,261.0,12.0,125.0,340.0,88.61412467592037,708.9129974073629,343.098088102891,533.098088102891,451.38580020005895,358.38580020005895,263.736401396348,169.08700259263708,75.08700259263708,-18.912997407362923,343.098088102891,-279.9129974073629,7.786569043292686,54.5059833030488,4.8412146660471915,33.88850266233034,136.61619761139474,True,8.0,2025-09-23,True,7.0,True,5.0,0.0,0.0,0.0,0.0,HEALTHY,MONITOR,MONITOR: Reorder Point breach projected in week 5. Review replenishment pipeline.,,,,False,False,Policy_B_LT,8,ENGINEERING_RECOMMENDATION_PENDING_BUSINESS_APPROVAL,Product 024,Lighting,Cookware
2025-07-29,SKU025,True,2025-07-01,28,365.0,573.0,7.0,171.0,461.0,19.892694953965297,159.14155963172237,918.9849166561194,900.9849166561194,880.3071403194494,866.3071403194494,842.5827903438635,818.8584403682776,798.8584403682776,778.8584403682776,345.9849166561194,205.85844036827763,47.152987675660526,330.07091372962367,18.34844403157366,128.43910822101563,19.015083343880576,False,,,False,,False,,0.0,607.8584403682776,30.556867321142455,0.6480367168105304,CRITICAL,OVERSTOCK,OVERSTOCK (CRITICAL): 608 excess units (30.6 weeks of cover above safety buffer). Defer future orders or review promotional clearance.,,,,False,False,Policy_B_LT,8,ENGINEERING_RECOMMENDATION_PENDING_BUSINESS_APPROVAL,Product 025,Storage,Lamp
2025-07-29,SKU026,True,2025-07-01,28,172.0,248.0,13.0,52.0,138.0,146.841836418095,1174.73469134476,18.772892273403983,125.77289227340395,-36.02677508499448,-164.02677508499448,-314.3807332148773,-464.7346913447601,-609.73469134476,-754.73469134476,18.772892273403983,-1002.73469134476,2.8602202903820695,20.021542032674486,1.1713283093945617,8.199298165761931,274.0842505837389,True,3.0,2025-08-19,True,1.0,True,1.0,0.0,0.0,0.0,0.0,HEALTHY,REORDER,REORDER: Projected inventory breaches Reorder Point (138 units) in week 1 (within lead time of 13 days). Place PO now.,,,,False,False,Policy_B_LT,8,ENGINEERING_RECOMMENDATION_PENDING_BUSINESS_APPROVAL,Product 026,Furniture,Shelf
2025-07-29,SKU027,True,2025-07-01,28,281.0,658.0,11.0,117.0,351.0,161.17346508929336,1289.3877207143469,120.39920555518424,626.3992055551843,459.3948415415124,302.3948415415124,148.0035604135827,-6.387720714346983,-178.38772071434687,-350.38772071434687,120.39920555518424,-1008.3877207143469,5.826021048066287,40.78214733646401,1.7434631677386865,12.204242174170805,247.45793730195862,True,6.0,2025-09-09,True,6.0,True,1.0,0.0,0.0,0.0,0.0,HEALTHY,REORDER,REORDER: Projected inventory breaches Reorder Point (351 units) in week 1 (within lead time of 11 days). Place PO now.,,,,False,False,Policy_B_LT,8,ENGINEERING_RECOMMENDATION_PENDING_BUSINESS_APPROVAL,Product 027,Home Decor,Cabinet
2025-07-29,SKU028,True,2025-07-01,28,823.0,18.0,6.0,125.0,268.0,36.48006806248475,291.840544499878,802.9628002266845,775.9628002266845,737.6341869454345,704.6341869454345,663.8968212227783,623.159455500122,586.159455500122,549.159455500122,784.9628002266845,531.159455500122,23.0536850578101,161.3757954046707,22.560264925776114,157.92185448043278,32.60331409141323,False,,,False,,False,,0.0,424.159455500122,11.627156363129643,0.5043513145066849,CRITICAL,OVERSTOCK,OVERSTOCK (CRITICAL): 424 excess units (11.6 weeks of cover above safety buffer). Defer future orders or review promotional clearance.,,,,False,False,Policy_B_LT,8,ENGINEERING_RECOMMENDATION_PENDING_BUSINESS_APPROVAL,Product 028,Kitchen,Rug
2025-07-29,SKU029,True,2025-07-01,28,242.0,99.0,7.0,147.0,378.0,103.58755288623834,828.7004230899067,239.16082111175348,144.16082111175348,41.07855335052301,-61.92144664947699,-168.81093486969183,-275.70042308990674,-381.70042308990674,-487.70042308990674,140.16082111175348,-586.7004230899067,3.291901299903205,23.043309099322435,2.3361880192861455,16.35331613500302,101.83917888824654,True,4.0,2025-08-26,True,2.0,True,1.0,0.0,0.0,0.0,0.0,HEALTHY,REORDER,REORDER: Projected inventory breaches Reorder Point (378 units) in week 1 (within lead time of 7 days). Place PO now.,,,,False,False,Policy_B_LT,8,ENGINEERING_RECOMMENDATION_PENDING_BUSINESS_APPROVAL,Product 029,Lighting,Organizer
2025-07-29,SKU030,True,2025-07-01,28,286.0,63.0,13.0,43.0,150.0,33.29743676144331,266.37949409154646,254.20617256494768,275.2061725649477,243.59005699487932,214.59005699487932,180.60528145166643,146.62050590845354,114.62050590845354,82.62050590845354,254.20617256494768,19.620505908453538,10.481287268457967,73.36901087920577,8.589249738621714,60.12474817035199,67.79382743505231,False,,,False,,True,6.0,0.0,39.62050590845354,1.189896573490366,0.11352580489528234,MONITOR,MONITOR,MONITOR: Reorder Point breach projected in week 6. Review replenishment pipeline.,,,,False,False,Policy_B_LT,8,ENGINEERING_RECOMMENDATION_PENDING_BUSINESS_APPROVAL,Product 030,Storage,Sofa
2025-07-29,SKU031,True,2025-07-01,28,59.0,152.0,10.0,49.0,130.0,121.67460095905325,973.396807672426,-66.48213482086352,-50.48213482086351,-180.95057964508226,-298.95057964508226,-421.67369365875413,-544.396807672426,-653.396807672426,-762.396807672426,-66.48213482086352,-914.396807672426,1.734133486667502,12.138934406672513,0.484899884897548,3.3942991942828358,183.7678491065778,True,1.0,2025-08-05,True,1.0,True,1.0,0.05305095129703541,0.0,0.0,0.0,HEALTHY,CRITICAL REORDER,CRITICAL REORDER: Stockout projected in week 1 (within lead time of 10 days). Expedite replenishment immediately.,,,,False,False,Policy_B_LT,8,ENGINEERING_RECOMMENDATION_PENDING_BUSINESS_APPROVAL,Product 031,Furniture,Chair
2025-07-29,SKU032,True,2025-07-01,28,408.0,231.0,13.0,63.0,259.0,59.04813810840891,472.38510486727125,341.8309519564592,507.8309519564592,438.8286097323381,389.8286097323381,321.22175243253344,252.61489513272875,209.61489513272875,166.61489513272875,341.8309519564592,-64.38510486727125,10.821679065084721,75.75175345559305,6.909616680054095,48.367316760378664,121.88333375782653,False,,,False,,True,6.0,0.0,103.61489513272875,1.7547529600763685,0.16215163557547535,MONITOR,MONITOR,MONITOR: Reorder Point breach projected in week 6. Review replenishment pipeline.,,,,False,False,Policy_B_LT,8,ENGINEERING_RECOMMENDATION_PENDING_BUSINESS_APPROVAL,Product 032,Home Decor,Table
2025-07-29,SKU033,True,2025-07-01,28,332.0,299.0,7.0,76.0,166.0,109.88349678077347,879.0679742461878,518.9041403168005,416.90414031680046,301.8684576385778,195.8684576385778,81.90024169619505,-32.06797424618776,-140.06797424618776,-248.06797424618776,219.90414031680046,-547.0679742461878,5.742445576326138,40.19711903428296,3.0213818246280155,21.14967277239611,112.09585968319954,True,6.0,2025-09-09,True,6.0,True,5.0,0.0,0.0,0.0,0.0,HEALTHY,MONITOR,MONITOR: Reorder Point breach projected in week 5. Review replenishment pipeline.,,,,False,False,Policy_B_LT,8,ENGINEERING_RECOMMENDATION_PENDING_BUSINESS_APPROVAL,Product 033,Kitchen,Cushion
2025-07-29,SKU034,True,2025-07-01,28,137.0,205.0,13.0,22.0,113.0,121.69024331426232,973.5219465140985,1.1536668892217392,80.15366688922177,-58.83075388714542,-174.83075388714542,-306.176350200622,-437.52194651409854,-534.5219465140985,-631.5219465140985,1.1536668892217392,-836.5219465140985,2.810414300157102,19.672900101099714,1.1258092371974355,7.880664660382049,243.8463331107783,True,3.0,2025-08-19,True,1.0,True,1.0,0.0,0.0,0.0,0.0,HEALTHY,REORDER,REORDER: Projected inventory breaches Reorder Point (113 units) in week 1 (within lead time of 13 days). Place PO now.,,,,False,False,Policy_B_LT,8,ENGINEERING_RECOMMENDATION_PENDING_BUSINESS_APPROVAL,Product 034,Lighting,Cookware
2025-07-29,SKU035,True,2025-07-01,28,830.0,605.0,10.0,91.0,331.0,135.49514066028553,1083.9611252822842,687.2199660263094,1155.2199660263095,1012.9311171493563,879.9311171493563,743.484995933536,607.0388747177157,479.03887471771566,351.03887471771577,687.2199660263094,-253.96112528228423,10.590785713842264,74.13549999689585,6.1256809355324595,42.87976654872722,201.49431968797631,False,,,False,,False,,0.0,260.03887471771577,1.9191749124766566,0.1812117593851678,MONITOR,OVERSTOCK,OVERSTOCK (MONITOR): 260 excess units (1.9 weeks of cover above safety buffer). Defer future orders or review promotional clearance.,,,,False,False,Policy_B_LT,8,ENGINEERING_RECOMMENDATION_PENDING_BUSINESS_APPROVAL,Product 035,Storage,Lamp
2025-07-29,SKU036,True,2025-07-01,28,687.0,362.0,4.0,183.0,276.0,32.39203698192699,259.13629585541594,1016.4064249392618,994.4064249392618,960.6619524355997,938.6619524355997,901.2628282900919,863.8637041445841,826.8637041445841,789.8637041445841,654.4064249392618,427.86370414458406,32.38450241907557,226.69151693352896,21.20891626492366,148.4624138544656,18.62490003470754,False,,,False,,False,,0.0,606.8637041445841,18.734965772087172,0.5785164005191459,CRITICAL,OVERSTOCK,OVERSTOCK (CRITICAL): 607 excess units (18.7 weeks of cover above safety buffer). Defer future orders or review promotional clearance.,,,,False,False,Policy_B_LT,8,ENGINEERING_RECOMMENDATION_PENDING_BUSINESS_APPROVAL,Product 036,Furniture,Shelf
2025-07-29,SKU037,True,2025-07-01,28,749.0,612.0,10.0,354.0,907.0,146.55560237067658,1172.4448189654127,595.1914420209155,1071.1914420209155,921.7642569623217,760.7642569623217,609.6597189984545,458.55518103458735,323.55518103458735,188.55518103458735,595.1914420209155,-423.44481896541265,9.286577776519817,65.00604443563871,5.1106882840656445,35.77481798845951,212.0942722647988,False,,,True,7.0,True,1.0,0.0,0.0,0.0,0.0,HEALTHY,REORDER,REORDER: Projected inventory breaches Reorder Point (907 units) in week 1 (within lead time of 10 days). Place PO now.,,,,False,False,Policy_B_LT,8,ENGINEERING_RECOMMENDATION_PENDING_BUSINESS_APPROVAL,Product 037,Home Decor,Cabinet
2025-07-29,SKU038,True,2025-07-01,28,346.0,93.0,9.0,60.0,177.0,52.77009455738902,422.1607564591122,292.86862433922767,331.86862433922767,275.6998773909855,227.69987739098548,167.26956046593665,106.83924354088782,61.83924354088782,16.83924354088782,292.86862433922767,-76.16075645911218,8.319105805705439,58.23374063993807,6.556743983540049,45.89720788478034,68.55994708934375,False,,,True,8.0,True,5.0,0.0,0.0,0.0,0.0,HEALTHY,MONITOR,MONITOR: Reorder Point breach projected in week 5. Review replenishment pipeline.,,,,False,False,Policy_B_LT,8,ENGINEERING_RECOMMENDATION_PENDING_BUSINESS_APPROVAL,Product 038,Kitchen,Rug
2025-07-29,SKU039,True,2025-07-01,28,122.0,64.0,4.0,43.0,65.0,26.31230005842862,210.49840046742895,159.77322886606717,140.77322886606714,115.5591022791531,92.5591022791531,62.03035090586208,31.50159953257105,3.501599532571049,-24.49840046742895,95.77322886606716,-88.49840046742895,7.068937325394274,49.48256127775992,4.636614804828502,32.456303633799514,14.986726362247335,True,8.0,2025-09-23,True,6.0,True,5.0,0.0,0.0,0.0,0.0,HEALTHY,MONITOR,MONITOR: Reorder Point breach projected in week 5. Review replenishment pipeline.,,,,False,False,Policy_B_LT,8,ENGINEERING_RECOMMENDATION_PENDING_BUSINESS_APPROVAL,Product 039,Lighting,Organizer
2025-07-29,SKU040,True,2025-07-01,28,145.0,53.0,3.0,31.0,54.0,105.25068320259078,842.0054656207262,94.93714607360967,-0.06285392639034626,-101.5018798052966,-207.5018798052966,-317.7536727130114,-428.0054656207262,-536.0054656207262,-644.0054656207262,41.93714607360967,-697.0054656207262,1.8812229429321763,13.168560600525234,1.377663266288715,9.643642864021004,44.16979453988157,True,2.0,2025-08-12,True,2.0,True,2.0,0.0,0.0,0.0,0.0,HEALTHY,MONITOR,MONITOR: Reorder Point breach projected in week 2. Review replenishment pipeline.,,,,False,False,Policy_B_LT,8,ENGINEERING_RECOMMENDATION_PENDING_BUSINESS_APPROVAL,Product 040,Storage,Sofa
2025-07-29,SKU041,True,2025-07-01,28,620.0,70.0,14.0,145.0,424.0,74.21958017929047,593.7566414343238,547.8768882287621,547.8768882287621,468.7912864221215,392.7912864221215,310.51732249389886,228.2433585656762,162.2433585656762,96.2433585656762,547.8768882287621,26.243358565676203,9.29673811591474,65.07716681140319,8.353590770821942,58.4751353957536,142.12311177123783,False,,,True,8.0,True,4.0,0.0,0.0,0.0,0.0,HEALTHY,MONITOR,MONITOR: Reorder Point breach projected in week 4. Review replenishment pipeline.,,,,False,False,Policy_B_LT,8,ENGINEERING_RECOMMENDATION_PENDING_BUSINESS_APPROVAL,Product 041,Furniture,Chair
2025-07-29,SKU042,True,2025-07-01,28,186.0,40.0,8.0,37.0,106.0,139.41901717081,1115.35213736648,32.751576622777804,-61.248423377222196,-218.7487438117925,-360.74874381179256,-504.0504405891363,-647.3521373664801,-768.3521373664801,-889.3521373664801,32.751576622777804,-929.3521373664801,1.6210127182514478,11.347089027760134,1.3341078123662358,9.33875468656365,172.39128052007933,True,2.0,2025-08-12,True,1.0,True,1.0,0.0,0.0,0.0,0.0,HEALTHY,CRITICAL REORDER,CRITICAL REORDER: Stockout projected in week 2 (within lead time of 8 days). Expedite replenishment immediately.,,,,False,False,Policy_B_LT,8,ENGINEERING_RECOMMENDATION_PENDING_BUSINESS_APPROVAL,Product 042,Home Decor,Table
2025-07-29,SKU043,True,2025-07-01,28,565.0,297.0,12.0,176.0,505.0,133.90566296681976,1071.245303734558,416.6927913582154,582.6927913582153,430.95913352130134,294.9591335213013,160.8569148933716,26.754696265441908,-91.24530373455809,-209.2453037345581,416.6927913582154,-506.2453037345581,6.437367777444882,45.06157444211417,4.219388392408768,29.535718746861377,241.87863721321315,True,7.0,2025-09-16,True,5.0,True,1.0,0.0,0.0,0.0,0.0,HEALTHY,REORDER,REORDER: Projected inventory breaches Reorder Point (505 units) in week 1 (within lead time of 12 days). Place PO now.,,,,False,False,Policy_B_LT,8,ENGINEERING_RECOMMENDATION_PENDING_BUSINESS_APPROVAL,Product 043,Kitchen,Cushion
2025-07-29,SKU044,True,2025-07-01,28,268.0,105.0,7.0,39.0,101.0,65.6424722202093,525.1397777616744,301.14247168900914,244.14247168900914,173.57039679887242,96.57039679887242,26.215309518598986,-44.13977776167445,-98.13977776167445,-152.1397777616744,196.14247168900914,-257.1397777616744,5.68229665008206,39.77607655057442,4.082722526064322,28.579057682450255,71.85752831099084,True,6.0,2025-09-09,True,5.0,True,4.0,0.0,0.0,0.0,0.0,HEALTHY,MONITOR,MONITOR: Reorder Point breach projected in week 4. Review replenishment pipeline.,,,,False,False,Policy_B_LT,8,ENGINEERING_RECOMMENDATION_PENDING_BUSINESS_APPROVAL,Product 044,Lighting,Cookware
2025-07-29,SKU045,True,2025-07-01,28,352.0,159.0,6.0,58.0,168.0,159.6760046804941,1277.4080374439527,345.47813198964116,171.47813198964116,5.936963776750531,-184.06303622324947,-340.23553683360103,-496.4080374439526,-631.4080374439527,-766.4080374439527,186.47813198964116,-925.4080374439527,3.2002303728884782,22.40161261021935,2.204463975062122,15.431247825434856,141.87588686602186,True,4.0,2025-08-26,True,3.0,True,3.0,0.0,0.0,0.0,0.0,HEALTHY,MONITOR,MONITOR: Reorder Point breach projected in week 3. Review replenishment pipeline.,,,,False,False,Policy_B_LT,8,ENGINEERING_RECOMMENDATION_PENDING_BUSINESS_APPROVAL,Product 045,Storage,Lamp
2025-07-29,SKU046,True,2025-07-01,28,125.0,316.0,3.0,126.0,176.0,65.3709856075842,522.9678848606736,368.3341781276076,297.3341781276076,224.73917690690445,163.73917690690445,95.88564602311538,28.032115139326322,-26.967884860673678,-81.96788486067362,52.33417812760756,-397.9678848606736,6.74611214594929,47.22278502164503,1.9121633066749688,13.385143146724781,31.14249508816819,True,7.0,2025-09-16,True,5.0,True,4.0,0.0,0.0,0.0,0.0,HEALTHY,MONITOR,MONITOR: Reorder Point breach projected in week 4. Review replenishment pipeline.,,,,False,False,Policy_B_LT,8,ENGINEERING_RECOMMENDATION_PENDING_BUSINESS_APPROVAL,Product 046,Furniture,Shelf
2025-07-29,SKU047,True,2025-07-01,28,70.0,198.0,10.0,49.0,124.0,99.01410276207845,792.1128220966276,-36.40691236762373,76.59308763237627,-32.73812727240886,-112.73812727240886,-226.42547468451824,-340.1128220966276,-432.1128220966276,-524.1128220966276,-36.40691236762373,-722.1128220966276,2.7066851339750935,18.946795937825655,0.7069699976800617,4.948789983760432,142.83548379619515,True,1.0,2025-08-05,True,1.0,True,1.0,0.0,0.0,0.0,0.0,HEALTHY,CRITICAL REORDER,CRITICAL REORDER: Stockout projected in week 1 (within lead time of 10 days). Expedite replenishment immediately.,,,,False,False,Policy_B_LT,8,ENGINEERING_RECOMMENDATION_PENDING_BUSINESS_APPROVAL,Product 047,Home Decor,Cabinet
2025-07-29,SKU048,True,2025-07-01,28,55.0,78.0,5.0,22.0,43.0,58.842419832668874,470.739358661351,80.4201338313248,28.420133831324804,-25.88808607834318,-80.88808607834318,-143.31372236984708,-205.739358661351,-271.739358661351,-337.739358661351,2.4201338313248044,-415.739358661351,2.2602741419916823,15.821918993941775,0.9346998331544552,6.542898832081186,37.55704726333943,True,3.0,2025-08-19,True,3.0,True,2.0,0.0,0.0,0.0,0.0,HEALTHY,MONITOR,MONITOR: Reorder Point breach projected in week 2. Review replenishment pipeline.,,,,False,False,Policy_B_LT,8,ENGINEERING_RECOMMENDATION_PENDING_BUSINESS_APPROVAL,Product 048,Kitchen,Rug
2025-07-29,SKU049,True,2025-07-01,28,1119.0,127.0,5.0,195.0,372.0,155.92054724405534,1247.3643779524427,1081.6989307633776,919.6989307633776,755.3965168229479,606.3965168229479,443.5160694352526,280.63562204755726,139.63562204755726,-1.3643779524427373,954.6989307633776,-128.36437795244274,7.991249530760643,55.938746715324505,7.176732122729663,50.237124859107645,117.35790659758744,True,8.0,2025-09-23,True,7.0,True,6.0,0.0,0.0,0.0,0.0,HEALTHY,MONITOR,MONITOR: Reorder Point breach projected in week 6. Review replenishment pipeline.,,,,False,False,Policy_B_LT,8,ENGINEERING_RECOMMENDATION_PENDING_BUSINESS_APPROVAL,Product 049,Lighting,Organizer
2025-07-29,SKU050,True,2025-07-01,28,202.0,220.0,7.0,106.0,249.0,40.241763200192125,321.934105601537,378.8564904067638,346.8564904067638,303.3631584975841,257.3631584975841,210.71452644802355,164.065894398463,132.065894398463,100.065894398463,158.85649040676378,-119.934105601537,10.486618041576897,73.40632629103828,5.0196607687169035,35.137625381018324,43.14350959323621,False,,,True,8.0,True,5.0,0.0,0.0,0.0,0.0,HEALTHY,MONITOR,MONITOR: Reorder Point breach projected in week 5. Review replenishment pipeline.,,,,False,False,Policy_B_LT,8,ENGINEERING_RECOMMENDATION_PENDING_BUSINESS_APPROVAL,Product 050,Storage,Sofa
2025-08-19,SKU001,True,2025-08-01,18,709.0,1015.0,9.0,238.0,533.0,91.42900454105539,731.4320363284431,619.3826609371819,1548.3826609371818,1455.6139841793693,1361.6139841793693,1268.090973925463,1174.5679636715568,1083.5679636715568,992.5679636715569,619.3826609371819,-22.432036328443132,18.856160675202943,131.9931247264206,7.754650764918148,54.28255535442704,114.18876763424674,False,,,False,,False,,0.0,754.5679636715569,8.25304800658444,0.43768443368419774,CRITICAL,OVERSTOCK,OVERSTOCK (CRITICAL): 755 excess units (8.3 weeks of cover above safety buffer). Defer future orders or review promotional clearance.,,,,False,False,Policy_B_LT,8,ENGINEERING_RECOMMENDATION_PENDING_BUSINESS_APPROVAL,Product 001,Furniture,Chair
2025-08-19,SKU002,True,2025-08-01,18,644.0,76.0,14.0,87.0,373.0,65.20726227319686,521.6580981855749,577.1134777421595,587.1134777421595,518.7140789384486,457.71407893844855,386.02799037643683,314.3419018144251,256.3419018144251,198.3419018144251,577.1134777421595,122.34190181442511,11.041714908738816,77.29200436117172,9.87620055726083,69.13340390082581,132.8865222578405,False,,,False,,True,6.0,0.0,111.34190181442511,1.7075076905995437,0.15464153029781266,MONITOR,MONITOR,MONITOR: Reorder Point breach projected in week 6. Review replenishment pipeline.,,,,False,False,Policy_B_LT,8,ENGINEERING_RECOMMENDATION_PENDING_BUSINESS_APPROVAL,Product 002,Home Decor,Table
2025-08-19,SKU003,True,2025-08-01,18,143.0,206.0,4.0,97.0,145.0,36.188801717549865,289.5104137403989,313.51025428938624,271.51025428938624,235.05632057356593,197.05632057356593,160.2729534165835,123.48958625960108,91.48958625960108,59.48958625960108,107.51025428938624,-146.51041374039892,9.643867258272644,67.5070708079085,3.951498618719164,27.660490331034147,20.279854691779292,False,,,True,7.0,True,6.0,0.0,0.0,0.0,0.0,HEALTHY,MONITOR,MONITOR: Reorder Point breach projected in week 6. Review replenishment pipeline.,,,,False,False,Policy_B_LT,8,ENGINEERING_RECOMMENDATION_PENDING_BUSINESS_APPROVAL,Product 003,Kitchen,Cushion
2025-08-19,SKU004,True,2025-08-01,18,167.0,186.0,7.0,116.0,244.0,29.57843809575074,236.62750476600593,324.5002246498876,303.5002246498876,275.7169318795019,245.71693187950189,215.04471355674798,184.37249523399407,150.37249523399407,116.37249523399407,138.50022464988763,-69.62750476600593,11.934369179916644,83.5405842594165,5.646004682850084,39.522032779950585,28.499775350112383,False,,,False,,True,5.0,0.0,0.3724952339940728,0.012593472068681872,0.0010552272917679116,MONITOR,MONITOR,MONITOR: Reorder Point breach projected in week 5. Review replenishment pipeline.,,,,False,False,Policy_B_LT,8,ENGINEERING_RECOMMENDATION_PENDING_BUSINESS_APPROVAL,Product 004,Lighting,Cookware
2025-08-19,SKU005,True,2025-08-01,18,483.0,200.0,6.0,65.0,186.0,109.22510456336516,873.8008365069213,572.1161938275513,458.1161938275513,341.81073575870363,221.81073575870363,114.50494962589119,7.199163493078686,-91.80083650692131,-190.8008365069213,372.1161938275513,-390.8008365069213,6.253141187004025,43.771988309028174,4.422060312332276,30.954422186325928,95.04326243352745,True,7.0,2025-10-07,True,6.0,True,5.0,0.0,0.0,0.0,0.0,HEALTHY,MONITOR,MONITOR: Reorder Point breach projected in week 5. Review replenishment pipeline.,,,,False,False,Policy_B_LT,8,ENGINEERING_RECOMMENDATION_PENDING_BUSINESS_APPROVAL,Product 005,Storage,Lamp
2025-08-19,SKU006,True,2025-08-01,18,345.0,403.0,10.0,125.0,301.0,41.68223786254308,333.45790290034466,302.79352761112995,652.79352761113,609.278692253464,573.278692253464,531.9103946765597,490.54209709965534,452.54209709965534,414.54209709965534,302.79352761112995,11.542097099655336,17.94529368760633,125.61705581324432,8.276906847893294,57.938347935253056,64.92075810315575,False,,,False,,False,,0.0,289.54209709965534,6.946414394891369,0.3870883651064911,CRITICAL,OVERSTOCK,OVERSTOCK (CRITICAL): 290 excess units (6.9 weeks of cover above safety buffer). Defer future orders or review promotional clearance.,,,,False,False,Policy_B_LT,8,ENGINEERING_RECOMMENDATION_PENDING_BUSINESS_APPROVAL,Product 006,Furniture,Shelf
2025-08-19,SKU007,True,2025-08-01,18,478.0,98.0,7.0,89.0,224.0,157.38205025880416,1259.0564020704333,423.3275395799574,271.3275395799574,123.554742949098,-31.445257050902,-183.25082956066763,-335.05640207043325,-509.05640207043325,-683.0564020704333,325.3275395799574,-781.0564020704333,3.6598836973645144,25.6191858815516,3.0371951516323574,21.260366061426502,152.67246042004265,True,4.0,2025-09-16,True,4.0,True,3.0,0.0,0.0,0.0,0.0,HEALTHY,MONITOR,MONITOR: Reorder Point breach projected in week 3. Review replenishment pipeline.,,,,False,False,Policy_B_LT,8,ENGINEERING_RECOMMENDATION_PENDING_BUSINESS_APPROVAL,Product 007,Home Decor,Cabinet
2025-08-19,SKU008,True,2025-08-01,18,238.0,222.0,6.0,108.0,257.0,103.69540005306132,829.5632004244906,352.4972091214079,247.4972091214079,139.32594447297038,26.325944472970377,-79.61862797576009,-185.56320042449056,-277.56320042449056,-369.56320042449056,130.4972091214079,-591.5632004244906,4.43606948586549,31.05248640105843,2.295183777469536,16.066286442286753,92.1452493245075,True,5.0,2025-09-23,True,4.0,True,2.0,0.0,0.0,0.0,0.0,HEALTHY,MONITOR,MONITOR: Reorder Point breach projected in week 2. Review replenishment pipeline.,,,,False,False,Policy_B_LT,8,ENGINEERING_RECOMMENDATION_PENDING_BUSINESS_APPROVAL,Product 008,Kitchen,Rug
2025-08-19,SKU009,True,2025-08-01,18,129.0,49.0,8.0,30.0,107.0,63.578066775494364,508.6245342039549,62.08471719985367,50.08471719985367,-16.20236928696272,-72.20236928696272,-141.41345174545881,-210.6245342039549,-270.6245342039549,-330.6245342039549,62.08471719985367,-379.6245342039549,2.799707651202264,19.597953558415846,2.0290016123881576,14.203011286717103,75.62956851443204,True,3.0,2025-09-09,True,3.0,True,1.0,0.0,0.0,0.0,0.0,HEALTHY,REORDER,REORDER: Projected inventory breaches Reorder Point (107 units) in week 1 (within lead time of 8 days). Place PO now.,,,,False,False,Policy_B_LT,8,ENGINEERING_RECOMMENDATION_PENDING_BUSINESS_APPROVAL,Product 009,Lighting,Organizer
2025-08-19,SKU010,True,2025-08-01,18,38.0,4.0,4.0,14.0,27.0,107.36551870331164,858.9241496264931,-64.27544509768444,-159.27544509768444,-264.83291732668835,-353.83291732668835,-461.3785334765907,-568.9241496264931,-692.9241496264931,-816.9241496264931,-68.27544509768444,-820.9241496264931,0.39118704503315116,2.7383093152320583,0.35393113598237486,2.477517951876624,60.72882577010539,True,1.0,2025-08-26,True,1.0,True,1.0,0.4426139545594936,0.0,0.0,0.0,HEALTHY,CRITICAL REORDER,CRITICAL REORDER: Stockout projected in week 1 (within lead time of 4 days). Expedite replenishment immediately.,,,,False,False,Policy_B_LT,8,ENGINEERING_RECOMMENDATION_PENDING_BUSINESS_APPROVAL,Product 010,Storage,Sofa
2025-08-19,SKU011,True,2025-08-01,18,145.0,441.0,4.0,178.0,276.0,20.200760160755898,161.60608128604719,567.971917828943,547.971917828943,529.7150284856813,515.7150284856813,492.0544735998171,468.3939187139528,446.3939187139528,424.3939187139528,126.97191782894303,-16.606081286047186,29.008809338691357,203.0616653708395,7.1779477032598065,50.24563392281865,10.301761240603978,False,,,False,,False,,0.0,246.39391871395281,12.197259744344835,0.4204674380784178,CRITICAL,OVERSTOCK,OVERSTOCK (CRITICAL): 246 excess units (12.2 weeks of cover above safety buffer). Defer future orders or review promotional clearance.,,,,False,False,Policy_B_LT,8,ENGINEERING_RECOMMENDATION_PENDING_BUSINESS_APPROVAL,Product 011,Furniture,Chair
2025-08-19,SKU012,True,2025-08-01,18,55.0,112.0,13.0,27.0,82.0,163.74400846357008,1309.9520677085607,-116.14295515973251,-176.14295515973254,-346.1890672202794,-505.1890672202794,-667.07056746442,-828.9520677085607,-985.9520677085607,-1142.9520677085607,-116.14295515973251,-1254.9520677085607,1.0198846453496606,7.139192517447624,0.3358901526600679,2.3512310686204754,318.571526588304,True,1.0,2025-08-26,True,1.0,True,1.0,0.4956145889046063,0.0,0.0,0.0,HEALTHY,CRITICAL REORDER,CRITICAL REORDER: Stockout projected in week 1 (within lead time of 13 days). Expedite replenishment immediately.,,,,False,False,Policy_B_LT,8,ENGINEERING_RECOMMENDATION_PENDING_BUSINESS_APPROVAL,Product 012,Home Decor,Table
2025-08-19,SKU013,True,2025-08-01,18,272.0,91.0,7.0,36.0,95.0,95.21949018080201,761.7559214464161,271.2019948133495,180.20199481334947,87.38572589245103,-9.614274107548965,-105.18509777698256,-200.7559214464161,-299.7559214464161,-398.7559214464161,180.20199481334947,-489.7559214464161,3.812244733832732,26.685713136829126,2.8565580374724604,19.995906262307223,91.79800518665051,True,4.0,2025-09-16,True,4.0,True,3.0,0.0,0.0,0.0,0.0,HEALTHY,MONITOR,MONITOR: Reorder Point breach projected in week 3. Review replenishment pipeline.,,,,False,False,Policy_B_LT,8,ENGINEERING_RECOMMENDATION_PENDING_BUSINESS_APPROVAL,Product 013,Kitchen,Cushion
2025-08-19,SKU014,True,2025-08-01,18,376.0,384.0,8.0,100.0,246.0,136.8555015199887,1094.8440121599097,245.7849093488795,490.7849093488795,361.1210146955592,220.1210146955592,90.63850126782484,-38.84401215990954,-186.84401215990954,-334.84401215990965,245.7849093488795,-718.8440121599097,5.553302509282001,38.87311756497401,2.747423346697411,19.23196342688188,150.07223350826337,True,6.0,2025-09-30,True,5.0,True,1.0,0.0,0.0,0.0,0.0,HEALTHY,REORDER,REORDER: Projected inventory breaches Reorder Point (246 units) in week 1 (within lead time of 8 days). Place PO now.,,,,False,False,Policy_B_LT,8,ENGINEERING_RECOMMENDATION_PENDING_BUSINESS_APPROVAL,Product 014,Lighting,Cookware
2025-08-19,SKU015,True,2025-08-01,18,109.0,481.0,9.0,79.0,241.0,25.965190169801687,207.7215213584135,83.03646661766071,532.0364666176607,504.5764293862154,479.5764293862154,452.92745401390096,426.2784786415865,404.2784786415865,382.2784786415865,83.03646661766071,-98.7215213584135,22.72272978328455,159.05910848299186,4.197928044708502,29.385496312959514,35.106390525196446,False,,,False,,True,1.0,0.0,303.2784786415865,11.680194778404076,0.5140313197315025,CRITICAL,REORDER,REORDER: Projected inventory breaches Reorder Point (241 units) in week 1 (within lead time of 9 days). Place PO now.,,,,False,False,Policy_B_LT,8,ENGINEERING_RECOMMENDATION_PENDING_BUSINESS_APPROVAL,Product 015,Storage,Lamp
2025-08-19,SKU016,True,2025-08-01,18,236.0,119.0,10.0,46.0,152.0,88.81386888132485,710.5109510505988,145.8536500846551,170.8536500846551,78.56067370526057,-17.43932629473943,-109.47513867266912,-201.5109510505988,-278.5109510505988,-355.5109510505988,145.8536500846551,-474.5109510505988,3.997123472622944,27.979864308360607,2.657242646588774,18.60069852612142,130.43206420105918,True,4.0,2025-09-16,True,4.0,True,1.0,0.0,0.0,0.0,0.0,HEALTHY,REORDER,REORDER: Projected inventory breaches Reorder Point (152 units) in week 1 (within lead time of 10 days). Place PO now.,,,,False,False,Policy_B_LT,8,ENGINEERING_RECOMMENDATION_PENDING_BUSINESS_APPROVAL,Product 016,Furniture,Shelf
2025-08-19,SKU017,True,2025-08-01,18,275.0,371.0,13.0,61.0,231.0,88.19726060124444,705.5780848099555,186.9164601729546,473.9164601729546,383.2577153609429,288.2577153609429,197.33981527549366,106.4219151900445,23.4219151900445,-59.5780848099555,186.9164601729546,-430.5780848099555,7.3244905294811975,51.271433706368384,3.118010674314751,21.82607472020326,160.0835398270454,True,8.0,2025-10-14,True,7.0,True,1.0,0.0,0.0,0.0,0.0,HEALTHY,REORDER,REORDER: Projected inventory breaches Reorder Point (231 units) in week 1 (within lead time of 13 days). Place PO now.,,,,False,False,Policy_B_LT,8,ENGINEERING_RECOMMENDATION_PENDING_BUSINESS_APPROVAL,Product 017,Home Decor,Cabinet
2025-08-19,SKU018,True,2025-08-01,18,480.0,61.0,11.0,133.0,324.0,160.07929737209884,1280.6343789767907,315.6326803493812,209.6326803493812,52.705220632584314,-102.29477936741569,-259.9645791721032,-417.6343789767907,-578.6343789767907,-739.6343789767907,315.6326803493812,-800.6343789767907,3.3795750536214815,23.657025375350372,2.9985139107917025,20.98959737554192,259.79589107919026,True,4.0,2025-09-16,True,3.0,True,1.0,0.0,0.0,0.0,0.0,HEALTHY,REORDER,REORDER: Projected inventory breaches Reorder Point (324 units) in week 1 (within lead time of 11 days). Place PO now.,,,,False,False,Policy_B_LT,8,ENGINEERING_RECOMMENDATION_PENDING_BUSINESS_APPROVAL,Product 018,Kitchen,Rug
2025-08-19,SKU019,True,2025-08-01,18,185.0,231.0,11.0,62.0,154.0,105.36296413663166,842.9037130930533,77.89734281514988,199.8973428151499,89.07730497335302,-10.922695026646977,-117.91320405985016,-224.90371309305328,-325.9037130930533,-426.9037130930533,77.89734281514988,-657.9037130930533,3.9482564239607303,27.637794967725114,1.7558351885402286,12.2908463197816,169.3883714705644,True,4.0,2025-09-16,True,4.0,True,1.0,0.0,0.0,0.0,0.0,HEALTHY,REORDER,REORDER: Projected inventory breaches Reorder Point (154 units) in week 1 (within lead time of 11 days). Place PO now.,,,,False,False,Policy_B_LT,8,ENGINEERING_RECOMMENDATION_PENDING_BUSINESS_APPROVAL,Product 019,Lighting,Organizer
2025-08-19,SKU020,True,2025-08-01,18,636.0,223.0,5.0,117.0,292.0,88.30492335193088,706.439386815447,766.1477561288889,664.1477561288889,570.898763208967,485.898763208967,390.22968819676,294.56061318455295,223.56061318455295,152.56061318455295,543.1477561288889,-70.43938681544705,9.727656934557738,68.09359854190416,7.20231642651772,50.416214985624045,66.32303133650792,False,,,False,,True,7.0,0.0,35.56061318455295,0.4027024976040068,0.04139768706001507,MONITOR,MONITOR,MONITOR: Reorder Point breach projected in week 7. Review replenishment pipeline.,,,,False,False,Policy_B_LT,8,ENGINEERING_RECOMMENDATION_PENDING_BUSINESS_APPROVAL,Product 020,Storage,Sofa
2025-08-19,SKU021,True,2025-08-01,18,33.0,8.0,6.0,48.0,86.0,55.92255305509936,447.38042444079485,-18.649051607542887,-72.64905160754289,-131.85542291491595,-181.85542291491595,-243.1179236778554,-304.38042444079485,-355.38042444079485,-406.38042444079485,-26.649051607542887,-414.38042444079485,0.7331567991826756,5.132097594278729,0.5901018139762999,4.130712697834099,51.127758520751044,True,1.0,2025-08-26,True,1.0,True,1.0,0.572621138209874,0.0,0.0,0.0,HEALTHY,CRITICAL REORDER,CRITICAL REORDER: Stockout projected in week 1 (within lead time of 6 days). Expedite replenishment immediately.,,,,False,False,Policy_B_LT,8,ENGINEERING_RECOMMENDATION_PENDING_BUSINESS_APPROVAL,Product 021,Furniture,Chair
2025-08-19,SKU022,True,2025-08-01,18,74.0,116.0,13.0,60.0,211.0,64.12774843566962,513.0219874853569,7.968185854486833,58.96818585448682,-6.314498471685056,-70.31449847168506,-138.668242978521,-207.02198748535693,-265.02198748535693,-323.02198748535693,7.968185854486833,-439.02198748535693,2.9628359740495234,20.739851818346665,1.1539466425245513,8.077626497671858,121.74609985979887,True,3.0,2025-09-09,True,1.0,True,1.0,0.0,0.0,0.0,0.0,HEALTHY,REORDER,REORDER: Projected inventory breaches Reorder Point (211 units) in week 1 (within lead time of 13 days). Place PO now.,,,,False,False,Policy_B_LT,8,ENGINEERING_RECOMMENDATION_PENDING_BUSINESS_APPROVAL,Product 022,Home Decor,Table
2025-08-19,SKU023,True,2025-08-01,18,228.0,286.0,13.0,37.0,151.0,92.9560827560489,743.6486620483912,130.42618231196036,334.42618231196036,238.75114874262442,150.75114874262442,49.55124334711661,-51.6486620483912,-140.6486620483912,-229.6486620483912,130.42618231196036,-515.6486620483912,5.529492904180632,38.70645032926443,2.4527711715042493,17.169398200529745,167.85953197375395,True,6.0,2025-09-30,True,6.0,True,1.0,0.0,0.0,0.0,0.0,HEALTHY,REORDER,REORDER: Projected inventory breaches Reorder Point (151 units) in week 1 (within lead time of 13 days). Place PO now.,,,,False,False,Policy_B_LT,8,ENGINEERING_RECOMMENDATION_PENDING_BUSINESS_APPROVAL,Product 023,Kitchen,Cushion
2025-08-19,SKU024,True,2025-08-01,18,182.0,318.0,5.0,91.0,162.0,83.87295015513207,670.9836012410566,415.23989424234185,330.23989424234185,245.94190535074029,163.94190535074029,79.47915205484185,-4.98360124105659,-87.98360124105659,-170.9836012410566,97.23989424234183,-488.9836012410566,5.961397555173582,41.72978288621507,2.1699487100831836,15.189640970582285,60.542932684041546,True,6.0,2025-09-30,True,5.0,True,5.0,0.0,0.0,0.0,0.0,HEALTHY,MONITOR,MONITOR: Reorder Point breach projected in week 5. Review replenishment pipeline.,,,,False,False,Policy_B_LT,8,ENGINEERING_RECOMMENDATION_PENDING_BUSINESS_APPROVAL,Product 024,Lighting,Cookware
2025-08-19,SKU025,True,2025-08-01,18,594.0,562.0,8.0,227.0,507.0,19.77064950676377,158.16519605411017,575.4529222320226,1113.4529222320227,1093.6885827850012,1072.6885827850012,1048.2616933654456,1023.8348039458898,1010.8348039458898,997.8348039458898,575.4529222320226,435.8348039458898,58.47051203879361,409.29358427155523,30.044536462840316,210.31175523988222,21.97564919654878,False,,,False,,False,,0.0,770.8348039458898,38.98884574743881,0.666812114140043,CRITICAL,OVERSTOCK,OVERSTOCK (CRITICAL): 771 excess units (39.0 weeks of cover above safety buffer). Defer future orders or review promotional clearance.,,,,False,False,Policy_B_LT,8,ENGINEERING_RECOMMENDATION_PENDING_BUSINESS_APPROVAL,Product 025,Storage,Lamp
2025-08-19,SKU026,True,2025-08-01,18,96.0,90.0,12.0,20.0,97.0,134.12755954890457,1073.0204763912366,-35.650672008912295,-74.6506720089123,-202.5560446285412,-347.55604462854126,-473.2882605098889,-599.0204763912366,-743.0204763912366,-887.0204763912366,-35.650672008912295,-977.0204763912366,1.3867396128398362,9.707177289878853,0.7157365743689477,5.010156020582634,223.7935291517694,True,1.0,2025-08-26,True,1.0,True,1.0,0.25580043314217404,0.0,0.0,0.0,HEALTHY,CRITICAL REORDER,CRITICAL REORDER: Stockout projected in week 1 (within lead time of 12 days). Expedite replenishment immediately.,,,,False,False,Policy_B_LT,8,ENGINEERING_RECOMMENDATION_PENDING_BUSINESS_APPROVAL,Product 026,Furniture,Shelf
2025-08-19,SKU027,True,2025-08-01,18,263.0,604.0,11.0,127.0,340.0,137.18648216952903,1097.4918573562322,119.95542352755686,576.9554235275568,439.97771661837714,311.97771661837714,171.74292963107246,31.50814264376777,-99.49185735623223,-230.49185735623223,119.95542352755686,-834.4918573562322,6.319864656406886,44.239052594848204,1.9170985059227348,13.419689541459144,227.04457647244314,True,7.0,2025-10-07,True,1.0,True,1.0,0.0,0.0,0.0,0.0,HEALTHY,REORDER,REORDER: Projected inventory breaches Reorder Point (340 units) in week 1 (within lead time of 11 days). Place PO now.,,,,False,False,Policy_B_LT,8,ENGINEERING_RECOMMENDATION_PENDING_BUSINESS_APPROVAL,Product 027,Home Decor,Cabinet
2025-08-19,SKU028,True,2025-08-01,18,584.0,303.0,6.0,72.0,193.0,34.179640855452455,273.43712684361964,852.5370781734703,823.5370781734703,789.1519692257164,752.1519692257164,717.8574211910484,683.5628731563804,648.5628731563804,613.5628731563804,549.5370781734703,310.56287315638036,25.95112112942236,181.65784790595654,17.086194745865456,119.60336322105819,29.539647279882665,False,,,False,,False,,0.0,541.5628731563804,15.844603968973198,0.6105556630849835,CRITICAL,OVERSTOCK,OVERSTOCK (CRITICAL): 542 excess units (15.8 weeks of cover above safety buffer). Defer future orders or review promotional clearance.,,,,False,False,Policy_B_LT,8,ENGINEERING_RECOMMENDATION_PENDING_BUSINESS_APPROVAL,Product 028,Kitchen,Rug
2025-08-19,SKU029,True,2025-08-01,18,773.0,394.0,6.0,169.0,338.0,104.49626455611931,835.9701164489545,1062.0424033874713,964.0424033874713,856.4023963684283,746.4023963684283,641.7161399597369,537.0298835510455,434.0298835510455,331.0298835510455,668.0424033874713,-62.97011644895451,11.167863319872714,78.175043239109,7.397393612906262,51.78175529034383,89.96365423931033,False,,,False,,True,8.0,0.0,162.0298835510455,1.5505806283058852,0.13884308787578875,MONITOR,MONITOR,MONITOR: Reorder Point breach projected in week 8. Review replenishment pipeline.,,,,False,False,Policy_B_LT,8,ENGINEERING_RECOMMENDATION_PENDING_BUSINESS_APPROVAL,Product 029,Lighting,Organizer
2025-08-19,SKU030,True,2025-08-01,18,83.0,56.0,6.0,24.0,65.0,31.409338866666513,251.2747109333321,106.63583441578899,72.63583441578899,40.010483463640554,8.010483463640554,-25.132113734845774,-58.2747109333321,-85.2747109333321,-112.2747109333321,50.635834415789,-168.2747109333321,4.425435396461503,30.97804777523052,2.6425261719878037,18.497683203914626,27.740713357895142,True,5.0,2025-09-23,True,4.0,True,3.0,0.0,0.0,0.0,0.0,HEALTHY,MONITOR,MONITOR: Reorder Point breach projected in week 3. Review replenishment pipeline.,,,,False,False,Policy_B_LT,8,ENGINEERING_RECOMMENDATION_PENDING_BUSINESS_APPROVAL,Product 030,Storage,Sofa
2025-08-19,SKU031,True,2025-08-01,18,31.0,33.0,5.0,18.0,49.0,122.69638148199279,981.5710518559423,-61.804938574692315,-178.8049385746923,-305.5306465825048,-426.5306465825048,-546.0508492192236,-665.5710518559423,-791.5710518559423,-917.5710518559423,-94.80493857469232,-950.5710518559423,0.5216127747776554,3.651289423443588,0.25265618778292687,1.768593314480488,89.8606704104945,True,1.0,2025-08-26,True,1.0,True,1.0,0.3941704380988571,0.0,0.0,0.0,HEALTHY,CRITICAL REORDER,CRITICAL REORDER: Stockout projected in week 1 (within lead time of 5 days). Expedite replenishment immediately.,,,,False,False,Policy_B_LT,8,ENGINEERING_RECOMMENDATION_PENDING_BUSINESS_APPROVAL,Product 031,Furniture,Chair
2025-08-19,SKU032,True,2025-08-01,18,175.0,140.0,3.0,57.0,91.0,59.38817597280831,475.1054077824665,255.33839028271902,199.33839028271902,142.29016869458425,89.29016869458425,30.59238045605889,-28.1054077824665,-94.1054077824665,-160.1054077824665,115.33839028271902,-300.1054077824665,5.304086122197575,37.12860285538302,2.946714512331986,20.6270015863239,25.569261307406133,True,6.0,2025-09-30,True,5.0,True,4.0,0.0,0.0,0.0,0.0,HEALTHY,MONITOR,MONITOR: Reorder Point breach projected in week 4. Review replenishment pipeline.,,,,False,False,Policy_B_LT,8,ENGINEERING_RECOMMENDATION_PENDING_BUSINESS_APPROVAL,Product 032,Home Decor,Table
2025-08-19,SKU033,True,2025-08-01,18,214.0,218.0,5.0,81.0,147.0,108.12028387191648,864.9622709753319,320.04152083375016,204.04152083375013,88.76729750611344,-16.232702493886563,-122.59748673460922,-228.96227097533188,-330.9622709753319,-432.9622709753319,102.04152083375013,-650.9622709753319,3.9955499979242015,27.96884998546941,1.9792770823050443,13.85493957613531,79.97034226160706,True,4.0,2025-09-16,True,4.0,True,3.0,0.0,0.0,0.0,0.0,HEALTHY,MONITOR,MONITOR: Reorder Point breach projected in week 3. Review replenishment pipeline.,,,,False,False,Policy_B_LT,8,ENGINEERING_RECOMMENDATION_PENDING_BUSINESS_APPROVAL,Product 033,Kitchen,Cushion
2025-08-19,SKU034,True,2025-08-01,18,104.0,83.0,9.0,36.0,89.0,124.3602934449677,994.8823475597416,-12.388992762378294,-43.38899276237828,-160.7724690197025,-268.7724690197025,-381.32740828972203,-493.88234755974156,-650.8823475597416,-807.8823475597416,-12.388992762378294,-890.8823475597416,1.503695390384004,10.525867732688027,0.8362797893044729,5.85395852513131,148.9604213338069,True,1.0,2025-08-26,True,1.0,True,1.0,0.04539141297349403,0.0,0.0,0.0,HEALTHY,CRITICAL REORDER,CRITICAL REORDER: Stockout projected in week 1 (within lead time of 9 days). Expedite replenishment immediately.,,,,False,False,Policy_B_LT,8,ENGINEERING_RECOMMENDATION_PENDING_BUSINESS_APPROVAL,Product 034,Lighting,Cookware
2025-08-19,SKU035,True,2025-08-01,18,554.0,621.0,14.0,98.0,383.0,131.9802429301215,1055.841943440972,424.1950591225044,901.1950591225044,768.5423033851997,657.5423033851997,524.3501799721138,391.15805655902784,255.15805655902784,119.15805655902795,424.1950591225044,-501.84194344097205,8.902847683210567,62.31993378247397,4.197597971488216,29.383185800417515,273.8049408774956,False,,,False,,True,7.0,0.0,21.158056559027955,0.16031230197257887,0.01800685664598124,MONITOR,MONITOR,MONITOR: Reorder Point breach projected in week 7. Review replenishment pipeline.,,,,False,False,Policy_B_LT,8,ENGINEERING_RECOMMENDATION_PENDING_BUSINESS_APPROVAL,Product 035,Storage,Lamp
2025-08-19,SKU036,True,2025-08-01,18,555.0,373.0,13.0,67.0,335.0,28.737070918645795,229.89656734916636,526.2159128144078,868.2159128144078,841.1457223847203,812.1457223847203,783.124577517777,754.1034326508336,726.1034326508336,698.1034326508336,526.2159128144078,325.1034326508336,32.29278316593761,226.04948216156325,19.313033035663114,135.1912312496418,55.35551575702071,False,,,False,,False,,0.0,631.1034326508336,21.961299898569262,0.6800683541496052,CRITICAL,OVERSTOCK,OVERSTOCK (CRITICAL): 631 excess units (22.0 weeks of cover above safety buffer). Defer future orders or review promotional clearance.,,,,False,False,Policy_B_LT,8,ENGINEERING_RECOMMENDATION_PENDING_BUSINESS_APPROVAL,Product 036,Furniture,Shelf
2025-08-19,SKU037,True,2025-08-01,18,640.0,585.0,7.0,304.0,643.0,150.29640508614102,1202.3712406891282,1074.9479274016921,922.9479274016921,776.7245234710281,615.7245234710281,463.17664139094995,310.6287593108718,166.62875931087183,22.62875931087183,489.94792740169214,-562.3712406891282,8.150560881997825,57.05392617398477,4.258252215900905,29.807765511306336,150.05207259830783,False,,,True,7.0,True,4.0,0.0,0.0,0.0,0.0,HEALTHY,MONITOR,MONITOR: Reorder Point breach projected in week 4. Review replenishment pipeline.,,,,False,False,Policy_B_LT,8,ENGINEERING_RECOMMENDATION_PENDING_BUSINESS_APPROVAL,Product 037,Home Decor,Cabinet
2025-08-19,SKU038,True,2025-08-01,18,148.0,73.0,11.0,35.0,153.0,49.19424113652492,393.5539290921994,95.13279652425572,121.13279652425572,73.08330082723424,16.08330082723424,-32.23531413248256,-80.55392909219938,-126.55392909219938,-172.55392909219938,95.13279652425572,-245.55392909219938,4.4923957539394905,31.446770277576434,3.0084822243576683,21.05937557050368,79.72434633288714,True,5.0,2025-09-23,True,4.0,True,1.0,0.0,0.0,0.0,0.0,HEALTHY,REORDER,REORDER: Projected inventory breaches Reorder Point (153 units) in week 1 (within lead time of 11 days). Place PO now.,,,,False,False,Policy_B_LT,8,ENGINEERING_RECOMMENDATION_PENDING_BUSINESS_APPROVAL,Product 038,Kitchen,Rug
2025-08-19,SKU039,True,2025-08-01,18,127.0,181.0,11.0,41.0,107.0,22.99165099166388,183.93320793331105,105.42036681949656,271.42036681949656,246.7961011487202,220.7961011487202,196.43144660770457,172.06679206668895,148.06679206668895,124.06679206668895,105.42036681949656,-56.93320793331105,13.396167161360967,93.77317012952678,5.523744251600139,38.666209761200975,30.151061751932012,False,,,False,,True,1.0,0.0,83.06679206668895,3.6129111431278513,0.2696973768398992,HIGH,REORDER,REORDER: Projected inventory breaches Reorder Point (107 units) in week 1 (within lead time of 11 days). Place PO now.,,,,False,False,Policy_B_LT,8,ENGINEERING_RECOMMENDATION_PENDING_BUSINESS_APPROVAL,Product 039,Lighting,Organizer
2025-08-19,SKU040,True,2025-08-01,18,52.0,83.0,14.0,50.0,143.0,99.34439770039367,794.7551816031494,-45.743218712524325,-53.74321871252431,-149.32557039709462,-240.32557039709462,-344.04037600012197,-447.75518160314937,-553.7551816031494,-659.7551816031494,-45.743218712524325,-742.7551816031494,1.3589090389086433,9.512363272360503,0.5234316298018478,3.6640214086129346,188.7432187125243,True,1.0,2025-08-26,True,1.0,True,1.0,0.45715286536157074,0.0,0.0,0.0,HEALTHY,CRITICAL REORDER,CRITICAL REORDER: Stockout projected in week 1 (within lead time of 14 days). Expedite replenishment immediately.,,,,False,False,Policy_B_LT,8,ENGINEERING_RECOMMENDATION_PENDING_BUSINESS_APPROVAL,Product 040,Storage,Sofa
2025-08-19,SKU041,True,2025-08-01,18,145.0,50.0,10.0,97.0,271.0,70.46340114633085,563.7072091706468,73.66669982593527,48.66669982593527,-25.400324405021763,-91.40032440502176,-164.05376678783426,-236.70720917064676,-302.70720917064676,-368.7072091706468,73.66669982593527,-418.7072091706468,2.76739409150922,19.37175864056454,2.057805862917112,14.404641040419785,103.47615731692187,True,3.0,2025-09-09,True,1.0,True,1.0,0.013467442480400882,0.0,0.0,0.0,HEALTHY,REORDER,REORDER: Projected inventory breaches Reorder Point (271 units) in week 1 (within lead time of 10 days). Place PO now.,,,,False,False,Policy_B_LT,8,ENGINEERING_RECOMMENDATION_PENDING_BUSINESS_APPROVAL,Product 041,Furniture,Chair
2025-08-19,SKU042,True,2025-08-01,18,116.0,68.0,3.0,19.0,38.0,142.4918797348289,1139.9350378786312,37.010732385040654,-108.98926761495932,-253.8884070192562,-405.8884070192562,-556.9117224489437,-707.9350378786312,-831.9350378786312,-955.9350378786312,-30.989267614959346,-1023.9350378786312,1.2913016541182267,9.039111578827587,0.8140814775962735,5.698570343173914,62.99540040641114,True,2.0,2025-09-02,True,2.0,True,1.0,0.0,0.0,0.0,0.0,HEALTHY,REORDER,REORDER: Projected inventory breaches Reorder Point (38 units) in week 1 (within lead time of 3 days). Place PO now.,,,,False,False,Policy_B_LT,8,ENGINEERING_RECOMMENDATION_PENDING_BUSINESS_APPROVAL,Product 042,Home Decor,Table
2025-08-19,SKU043,True,2025-08-01,18,337.0,437.0,5.0,156.0,264.0,141.15036615464467,1129.2029292371574,628.3713200304207,481.37132003042075,340.9849369737801,200.98493697378012,57.89100386831137,-85.20292923715738,-220.20292923715738,-355.2029292371574,191.37132003042072,-792.2029292371574,5.483513936846638,38.38459755792647,2.3875248019603577,16.712673613722504,104.02048569255663,True,6.0,2025-09-30,True,5.0,True,4.0,0.0,0.0,0.0,0.0,HEALTHY,MONITOR,MONITOR: Reorder Point breach projected in week 4. Review replenishment pipeline.,,,,False,False,Policy_B_LT,8,ENGINEERING_RECOMMENDATION_PENDING_BUSINESS_APPROVAL,Product 043,Kitchen,Cushion
2025-08-19,SKU044,True,2025-08-01,18,297.0,88.0,12.0,49.0,155.0,64.0143472460943,512.1147779687544,232.00469072021048,251.00469072021048,184.13212449706594,120.13212449706594,55.50867326415579,-9.114777968754368,-68.11477796875437,-127.11477796875442,232.00469072021048,-215.11477796875442,6.014276745179026,42.09993721625318,4.639584917709534,32.47709442396674,114.2810235655038,True,6.0,2025-09-30,True,6.0,True,4.0,0.0,0.0,0.0,0.0,HEALTHY,MONITOR,MONITOR: Reorder Point breach projected in week 4. Review replenishment pipeline.,,,,False,False,Policy_B_LT,8,ENGINEERING_RECOMMENDATION_PENDING_BUSINESS_APPROVAL,Product 044,Lighting,Cookware
2025-08-19,SKU045,True,2025-08-01,18,234.0,268.0,10.0,73.0,234.0,151.11488121129557,1208.9190496903645,83.41050963580727,199.41050963580727,51.8882012861979,-108.11179871380205,-253.5154242020833,-398.91904969036455,-552.9190496903645,-706.9190496903645,83.41050963580727,-974.9190496903645,3.3219759429124736,23.253831600387315,1.548490778170356,10.839435447192493,215.7323475070499,True,4.0,2025-09-16,True,3.0,True,1.0,0.0,0.0,0.0,0.0,HEALTHY,REORDER,REORDER: Projected inventory breaches Reorder Point (234 units) in week 1 (within lead time of 10 days). Place PO now.,,,,False,False,Policy_B_LT,8,ENGINEERING_RECOMMENDATION_PENDING_BUSINESS_APPROVAL,Product 045,Storage,Lamp
2025-08-19,SKU046,True,2025-08-01,18,305.0,163.0,5.0,71.0,135.0,60.17942810515217,481.43542484121735,407.2855758301693,351.28557583016936,290.7308501831967,232.73085018319668,167.64771267098968,102.56457515878265,44.564575158782645,-13.435424841217355,244.28557583016934,-176.43542484121735,7.776743892983803,54.43720725088662,5.0681771097437185,35.47723976820603,43.36744583559334,True,8.0,2025-10-14,True,7.0,True,6.0,0.0,0.0,0.0,0.0,HEALTHY,MONITOR,MONITOR: Reorder Point breach projected in week 6. Review replenishment pipeline.,,,,False,False,Policy_B_LT,8,ENGINEERING_RECOMMENDATION_PENDING_BUSINESS_APPROVAL,Product 046,Furniture,Shelf
2025-08-19,SKU047,True,2025-08-01,18,148.0,68.0,3.0,35.0,55.0,93.5593242856559,748.4745942852472,115.28844435000664,2.2884443500066425,-95.10250871395817,-181.10250871395817,-281.7885514996027,-382.47459428524724,-457.47459428524724,-532.4745942852472,47.28844435000664,-600.4745942852472,2.3086955966089224,16.16086917626246,1.581884019898706,11.073188139290943,43.16209527856858,True,3.0,2025-09-09,True,2.0,True,2.0,0.0,0.0,0.0,0.0,HEALTHY,MONITOR,MONITOR: Reorder Point breach projected in week 2. Review replenishment pipeline.,,,,False,False,Policy_B_LT,8,ENGINEERING_RECOMMENDATION_PENDING_BUSINESS_APPROVAL,Product 047,Home Decor,Cabinet
2025-08-19,SKU048,True,2025-08-01,18,31.0,23.0,13.0,15.0,58.0,53.14510264810553,425.1608211848442,-15.688847765654785,-53.688847765654785,-100.72589229080126,-143.72589229080126,-196.44335673782274,-249.16082118484422,-310.1608211848442,-371.1608211848442,-15.688847765654785,-394.1608211848442,1.0160860984229363,7.112602688960554,0.5833086861316856,4.0831608029218,98.97456205136908,True,1.0,2025-08-26,True,1.0,True,1.0,0.5250578083201853,0.0,0.0,0.0,HEALTHY,CRITICAL REORDER,CRITICAL REORDER: Stockout projected in week 1 (within lead time of 13 days). Expedite replenishment immediately.,,,,False,False,Policy_B_LT,8,ENGINEERING_RECOMMENDATION_PENDING_BUSINESS_APPROVAL,Product 048,Kitchen,Rug
2025-08-19,SKU049,True,2025-08-01,18,674.0,344.0,5.0,239.0,392.0,153.74576881604708,1229.9661505283766,861.8578698573656,705.8578698573656,550.8586785731859,390.8586785731859,241.44626402240465,92.0338494716234,-59.9661505283766,-211.9661505283766,517.8578698573656,-555.9661505283766,6.6213204294292565,46.3492430060048,4.383860480781256,30.687023365468793,111.53009295902463,True,7.0,2025-10-07,True,6.0,True,4.0,0.0,0.0,0.0,0.0,HEALTHY,MONITOR,MONITOR: Reorder Point breach projected in week 4. Review replenishment pipeline.,,,,False,False,Policy_B_LT,8,ENGINEERING_RECOMMENDATION_PENDING_BUSINESS_APPROVAL,Product 049,Lighting,Organizer
2025-08-19,SKU050,True,2025-08-01,18,499.0,98.0,9.0,59.0,207.0,42.174488012696955,337.39590410157564,460.6439632995474,519.6439632995474,477.4003147704947,443.4003147704947,404.5022053344595,365.60409589842436,312.60409589842436,259.60409589842436,460.6439632995474,161.60409589842436,14.155477117357501,99.0883398215025,11.831797456551747,82.82258219586222,49.498893843309716,False,,,False,,False,,0.0,200.60409589842436,4.75652711748465,0.3360202611363892,HIGH,OVERSTOCK,OVERSTOCK (HIGH): 201 excess units (4.8 weeks of cover above safety buffer). Defer future orders or review promotional clearance.,,,,False,False,Policy_B_LT,8,ENGINEERING_RECOMMENDATION_PENDING_BUSINESS_APPROVAL,Product 050,Storage,Sofa
2025-09-16,SKU001,True,2025-09-01,15,226.0,257.0,13.0,153.0,547.0,89.51382196093657,716.1105756874925,135.04631518164805,282.0463151816481,191.26952074805433,131.26952074805433,42.079472530280896,-47.11057568749254,-140.11057568749254,-233.11057568749254,135.04631518164805,-490.11057568749254,5.395814740328919,37.770703182302434,2.5247497542739867,17.673248279917907,185.23939910406625,True,6.0,2025-10-28,True,1.0,True,1.0,0.0,0.0,0.0,0.0,HEALTHY,REORDER,REORDER: Projected inventory breaches Reorder Point (547 units) in week 1 (within lead time of 13 days). Place PO now.,,,,False,False,Policy_B_LT,8,ENGINEERING_RECOMMENDATION_PENDING_BUSINESS_APPROVAL,Product 001,Furniture,Chair
2025-09-16,SKU002,True,2025-09-01,15,120.0,34.0,10.0,57.0,240.0,65.05950650987674,520.4760520790139,52.69574662704072,22.695746627040705,-46.03598860245148,-100.03598860245148,-167.25602034073273,-234.47605207901398,-300.476052079014,-366.4760520790139,52.69574662704072,-400.4760520790139,2.3670637584166294,16.569446308916405,1.8444652662986722,12.911256864090706,94.73282480153071,True,3.0,2025-10-07,True,1.0,True,1.0,0.0,0.0,0.0,0.0,HEALTHY,REORDER,REORDER: Projected inventory breaches Reorder Point (240 units) in week 1 (within lead time of 10 days). Place PO now.,,,,False,False,Policy_B_LT,8,ENGINEERING_RECOMMENDATION_PENDING_BUSINESS_APPROVAL,Product 002,Home Decor,Table
2025-09-16,SKU003,True,2025-09-01,15,73.0,281.0,8.0,59.0,141.0,34.69859262773585,277.5887410218868,38.21996716903114,284.2199671690312,248.07492474959756,216.07492474959756,179.24309186385537,142.41125897811318,109.41125897811318,76.41125897811321,38.21996716903114,-204.5887410218868,10.202142887980848,71.41500021586594,2.1038317254875762,14.726822078413033,39.78003283096886,False,,,True,1.0,True,1.0,0.0,17.41125897811321,0.5017857399840406,0.04918434739580003,MONITOR,REORDER,REORDER: Projected inventory breaches Reorder Point (141 units) in week 1 (within lead time of 8 days). Place PO now.,,,,False,False,Policy_B_LT,8,ENGINEERING_RECOMMENDATION_PENDING_BUSINESS_APPROVAL,Product 003,Kitchen,Cushion
2025-09-16,SKU004,True,2025-09-01,15,424.0,246.0,10.0,50.0,215.0,28.87127591445615,230.9702073156492,392.8957766473635,611.8957766473635,582.2444151819094,557.2444151819094,526.1371039331301,495.0297926843508,467.0297926843508,439.0297926843508,392.8957766473635,193.0297926843508,23.20645620183776,162.4451934128643,14.685876760565984,102.80113732396188,42.67565192406507,False,,,False,,False,,0.0,389.0297926843508,13.474631112148373,0.5806414816184341,CRITICAL,OVERSTOCK,OVERSTOCK (CRITICAL): 389 excess units (13.5 weeks of cover above safety buffer). Defer future orders or review promotional clearance.,,,,False,False,Policy_B_LT,8,ENGINEERING_RECOMMENDATION_PENDING_BUSINESS_APPROVAL,Product 004,Lighting,Cookware
2025-09-16,SKU005,True,2025-09-01,15,673.0,340.0,5.0,100.0,198.0,93.5369945842819,748.2959566742552,919.7946118682253,817.7946118682253,726.0780057280886,635.0780057280886,543.8910245269167,452.7040433257448,358.7040433257448,264.7040433257448,579.7946118682253,-75.2959566742552,10.829939581683183,75.80957707178229,7.19501415446474,50.36509908125318,66.5752772369819,False,,,False,,False,,0.0,164.7040433257448,1.7608438677954052,0.1625903685347925,MONITOR,OVERSTOCK,OVERSTOCK (MONITOR): 165 excess units (1.8 weeks of cover above safety buffer). Defer future orders or review promotional clearance.,,,,False,False,Policy_B_LT,8,ENGINEERING_RECOMMENDATION_PENDING_BUSINESS_APPROVAL,Product 005,Storage,Lamp
2025-09-16,SKU006,True,2025-09-01,15,193.0,243.0,3.0,106.0,154.0,41.14141701377706,329.13133611021647,393.4724274701058,357.4724274701058,315.48395167054525,267.48395167054525,225.1763077801644,182.86866388978353,144.86866388978353,106.86866388978353,150.4724274701058,-136.13133611021647,10.597593171231713,74.183152198622,4.691136426714956,32.83795498700469,18.226102512811792,False,,,False,,True,7.0,0.0,0.8686638897835337,0.021114097491893476,0.001992348371063151,MONITOR,MONITOR,MONITOR: Reorder Point breach projected in week 7. Review replenishment pipeline.,,,,False,False,Policy_B_LT,8,ENGINEERING_RECOMMENDATION_PENDING_BUSINESS_APPROVAL,Product 006,Furniture,Shelf
2025-09-16,SKU007,True,2025-09-01,15,367.0,183.0,14.0,97.0,340.0,145.9912135247818,1167.9297081982545,208.4732001269407,233.4732001269407,74.90387944822976,-50.09612055177024,-208.01291437501243,-365.9297081982546,-491.9297081982545,-617.9297081982545,208.4732001269407,-800.9297081982545,3.7673500118323098,26.37145008282617,2.5138499169862865,17.596949418904003,316.5267998730593,True,4.0,2025-10-14,True,3.0,True,1.0,0.0,0.0,0.0,0.0,HEALTHY,REORDER,REORDER: Projected inventory breaches Reorder Point (340 units) in week 1 (within lead time of 14 days). Place PO now.,,,,False,False,Policy_B_LT,8,ENGINEERING_RECOMMENDATION_PENDING_BUSINESS_APPROVAL,Product 007,Home Decor,Cabinet
2025-09-16,SKU008,True,2025-09-01,15,759.0,25.0,11.0,157.0,420.0,88.63205558291045,709.0564446632836,663.9922308738257,584.9922308738257,490.37615726542737,408.37615726542737,317.6598563010719,226.94355533671637,150.94355533671637,74.94355533671637,663.9922308738257,49.94355533671637,8.845558131804928,61.9189069226345,8.563493140357068,59.94445198249947,154.43634055474564,False,,,True,7.0,True,4.0,0.0,0.0,0.0,0.0,HEALTHY,MONITOR,MONITOR: Reorder Point breach projected in week 4. Review replenishment pipeline.,,,,False,False,Policy_B_LT,8,ENGINEERING_RECOMMENDATION_PENDING_BUSINESS_APPROVAL,Product 008,Kitchen,Rug
2025-09-16,SKU009,True,2025-09-01,15,129.0,97.0,3.0,38.0,68.0,66.8598608878468,534.8788871027745,155.61296470386617,90.61296470386617,20.65124900562398,-23.34875099437602,-96.11381904857524,-168.87888710277446,-238.87888710277446,-308.87888710277446,58.61296470386618,-405.87888710277446,3.3802044604774264,23.661431223341985,1.9294087407149911,13.505861185004939,30.165872269771633,True,4.0,2025-10-14,True,3.0,True,3.0,0.0,0.0,0.0,0.0,HEALTHY,MONITOR,MONITOR: Reorder Point breach projected in week 3. Review replenishment pipeline.,,,,False,False,Policy_B_LT,8,ENGINEERING_RECOMMENDATION_PENDING_BUSINESS_APPROVAL,Product 009,Lighting,Organizer
2025-09-16,SKU010,True,2025-09-01,15,37.0,46.0,9.0,19.0,48.0,100.66453156645622,805.3162525316498,-67.0622089525482,-150.0622089525482,-249.31126290762631,-368.3112629076263,-471.31375771963803,-574.3162525316498,-648.3162525316498,-722.3162525316498,-67.0622089525482,-768.3162525316498,0.8245207990185248,5.771645593129674,0.3675574646227159,2.572902252359011,140.91935180969108,True,1.0,2025-09-23,True,1.0,True,1.0,0.4407981274607107,0.0,0.0,0.0,HEALTHY,CRITICAL REORDER,CRITICAL REORDER: Stockout projected in week 1 (within lead time of 9 days). Expedite replenishment immediately.,,,,False,False,Policy_B_LT,8,ENGINEERING_RECOMMENDATION_PENDING_BUSINESS_APPROVAL,Product 010,Storage,Sofa
2025-09-16,SKU011,True,2025-09-01,15,592.0,979.0,14.0,180.0,515.0,17.475780130078483,139.80624104062787,573.9889421411349,1533.9889421411349,1513.9337263055636,1499.9337263055636,1477.563742632468,1455.1937589593722,1443.1937589593722,1431.1937589593722,573.9889421411349,452.19375895937213,89.89584375097907,629.2709062568534,33.875454806225086,237.1281836435756,37.011057858865165,False,,,False,,False,,0.0,1251.1937589593722,71.59587438422145,0.7964314188156412,CRITICAL,OVERSTOCK,OVERSTOCK (CRITICAL): 1251 excess units (71.6 weeks of cover above safety buffer). Defer future orders or review promotional clearance.,,,,False,False,Policy_B_LT,8,ENGINEERING_RECOMMENDATION_PENDING_BUSINESS_APPROVAL,Product 011,Furniture,Chair
2025-09-16,SKU012,True,2025-09-01,15,43.0,17.0,12.0,21.0,57.0,159.8716211324164,1278.9729690593313,-123.65949249683123,-275.65949249683126,-446.03937530933126,-586.0393753093313,-755.5061721843313,-924.9729690593313,-1071.9729690593313,-1218.9729690593313,-123.65949249683123,-1235.9729690593313,0.37530112958762063,2.6271079071133445,0.2689658095377948,1.8827606667645638,287.3737782111169,True,1.0,2025-09-23,True,1.0,True,1.0,0.796655412784697,0.0,0.0,0.0,HEALTHY,CRITICAL REORDER,CRITICAL REORDER: Stockout projected in week 1 (within lead time of 12 days). Expedite replenishment immediately.,,,,False,False,Policy_B_LT,8,ENGINEERING_RECOMMENDATION_PENDING_BUSINESS_APPROVAL,Product 012,Home Decor,Table
2025-09-16,SKU013,True,2025-09-01,15,202.0,226.0,7.0,69.0,133.0,85.46323582846372,683.7058866277098,335.56240866037615,238.56240866037615,148.91511556955584,80.91511556955584,-9.395385529076975,-99.70588662770979,-177.7058866277098,-255.7058866277098,109.56240866037615,-481.7058866277098,5.008001345269139,35.056009416883974,2.363589419963472,16.545125939744306,92.43759133962385,True,5.0,2025-10-21,True,5.0,True,4.0,0.0,0.0,0.0,0.0,HEALTHY,MONITOR,MONITOR: Reorder Point breach projected in week 4. Review replenishment pipeline.,,,,False,False,Policy_B_LT,8,ENGINEERING_RECOMMENDATION_PENDING_BUSINESS_APPROVAL,Product 013,Kitchen,Cushion
2025-09-16,SKU014,True,2025-09-01,15,346.0,269.0,7.0,117.0,230.0,132.05741330376168,1056.4593064300934,469.76000814510184,327.76000814510184,186.5636122710784,76.56361227107845,-61.44784707950748,-199.45930643009342,-320.4593064300934,-441.4593064300934,200.76000814510184,-710.4593064300934,4.657065321924502,32.59945725347151,2.6200725225786634,18.340507658050644,145.23999185489816,True,5.0,2025-10-21,True,4.0,True,3.0,0.0,0.0,0.0,0.0,HEALTHY,MONITOR,MONITOR: Reorder Point breach projected in week 3. Review replenishment pipeline.,,,,False,False,Policy_B_LT,8,ENGINEERING_RECOMMENDATION_PENDING_BUSINESS_APPROVAL,Product 014,Lighting,Cookware
2025-09-16,SKU015,True,2025-09-01,15,268.0,69.0,6.0,76.0,182.0,26.333284142430024,210.6662731394402,312.1772079244026,286.1772079244026,261.97060582784496,227.97060582784496,202.15216634420239,176.3337268605598,151.3337268605598,126.3337268605598,243.17720792440258,57.33372686055981,12.797492260260926,89.58244582182648,10.177234201038361,71.24063940726853,21.276678921940654,False,,,False,,True,6.0,0.0,50.33372686055981,1.9114109196679572,0.14935823994231398,MONITOR,MONITOR,MONITOR: Reorder Point breach projected in week 6. Review replenishment pipeline.,,,,False,False,Policy_B_LT,8,ENGINEERING_RECOMMENDATION_PENDING_BUSINESS_APPROVAL,Product 015,Storage,Lamp
2025-09-16,SKU016,True,2025-09-01,15,312.0,96.0,9.0,51.0,131.0,82.546853217781,660.374825742248,228.38240692376758,239.38240692376758,159.2213046288457,80.2213046288457,-6.076760556701174,-92.37482574224805,-172.37482574224805,-252.37482574224805,228.38240692376758,-348.37482574224805,4.942647527987351,34.59853269591146,3.779671639049151,26.457701473344056,107.9033073619467,True,5.0,2025-10-21,True,5.0,True,4.0,0.0,0.0,0.0,0.0,HEALTHY,MONITOR,MONITOR: Reorder Point breach projected in week 4. Review replenishment pipeline.,,,,False,False,Policy_B_LT,8,ENGINEERING_RECOMMENDATION_PENDING_BUSINESS_APPROVAL,Product 016,Furniture,Shelf
2025-09-16,SKU017,True,2025-09-01,15,239.0,206.0,6.0,71.0,134.0,80.40357597180956,643.2286077744765,364.036521314879,267.036521314879,188.30084168841415,128.30084168841415,40.03611695696884,-48.22860777447647,-123.22860777447647,-198.22860777447647,158.036521314879,-404.2286077744765,5.53457970769885,38.742057953891944,2.972504607056236,20.807532249393653,69.39726744438944,True,6.0,2025-10-28,True,5.0,True,4.0,0.0,0.0,0.0,0.0,HEALTHY,MONITOR,MONITOR: Reorder Point breach projected in week 4. Review replenishment pipeline.,,,,False,False,Policy_B_LT,8,ENGINEERING_RECOMMENDATION_PENDING_BUSINESS_APPROVAL,Product 017,Home Decor,Cabinet
2025-09-16,SKU018,True,2025-09-01,15,277.0,317.0,11.0,125.0,305.0,152.81764618934062,1222.541169514725,119.34927237980614,267.34927237980617,110.78546012394679,-27.21453987605321,-179.87785469538915,-332.5411695147251,-480.54116951472497,-628.541169514725,119.34927237980614,-945.541169514725,3.8869856643651985,27.20889965055639,1.8126178939884847,12.688325257919393,254.22215619162245,True,4.0,2025-10-14,True,1.0,True,1.0,0.0,0.0,0.0,0.0,HEALTHY,REORDER,REORDER: Projected inventory breaches Reorder Point (305 units) in week 1 (within lead time of 11 days). Place PO now.,,,,False,False,Policy_B_LT,8,ENGINEERING_RECOMMENDATION_PENDING_BUSINESS_APPROVAL,Product 018,Kitchen,Rug
2025-09-16,SKU019,True,2025-09-01,15,78.0,192.0,11.0,44.0,118.0,89.16116995308809,713.2893596247047,-12.052848394235951,86.94715160576405,-0.44216113837660487,-88.4421611383766,-180.86576038154067,-273.28935962470473,-358.28935962470473,-443.28935962470473,-12.052848394235951,-635.2893596247047,3.028224059218377,21.19756841452864,0.8748202837741977,6.123741986419384,143.1957055370931,True,1.0,2025-09-23,True,1.0,True,1.0,0.0,0.0,0.0,0.0,HEALTHY,CRITICAL REORDER,CRITICAL REORDER: Stockout projected in week 1 (within lead time of 11 days). Expedite replenishment immediately.,,,,False,False,Policy_B_LT,8,ENGINEERING_RECOMMENDATION_PENDING_BUSINESS_APPROVAL,Product 019,Lighting,Organizer
2025-09-16,SKU020,True,2025-09-01,15,851.0,406.0,5.0,246.0,413.0,85.4714619372048,683.7716954976383,1170.6532922953304,1087.6532922953304,1002.4398676127132,925.4398676127132,840.3340860575374,755.2283045023617,664.2283045023617,573.2283045023617,764.6532922953304,167.22830450236165,14.706663154112281,102.94664207878597,9.956539653261377,69.69577757282964,61.676219789049746,False,,,False,,False,,0.0,327.22830450236165,3.8285095058134573,0.2603248245842177,HIGH,OVERSTOCK,OVERSTOCK (HIGH): 327 excess units (3.8 weeks of cover above safety buffer). Defer future orders or review promotional clearance.,,,,False,False,Policy_B_LT,8,ENGINEERING_RECOMMENDATION_PENDING_BUSINESS_APPROVAL,Product 020,Storage,Sofa
2025-09-16,SKU021,True,2025-09-01,15,89.0,123.0,9.0,21.0,74.0,49.99057301203224,399.92458409625795,33.30848627727719,94.30848627727718,40.63563471477718,-8.364365285222817,-62.14447469074037,-115.92458409625795,-151.92458409625795,-187.92458409625795,33.30848627727719,-310.92458409625795,4.240799559328389,29.685596915298724,1.7803356640576729,12.462349648403709,73.40579943700853,True,4.0,2025-10-14,True,4.0,True,1.0,0.0,0.0,0.0,0.0,HEALTHY,REORDER,REORDER: Projected inventory breaches Reorder Point (74 units) in week 1 (within lead time of 9 days). Place PO now.,,,,False,False,Policy_B_LT,8,ENGINEERING_RECOMMENDATION_PENDING_BUSINESS_APPROVAL,Product 021,Furniture,Chair
2025-09-16,SKU022,True,2025-09-01,15,332.0,76.0,8.0,43.0,133.0,60.42218903998165,483.3775123198532,272.71914829416045,283.71914829416045,219.97389759225615,164.97389759225615,102.79819263620146,40.622487680146776,-17.377512319853224,-75.37751231985322,272.71914829416045,-151.37751231985322,6.752486238623768,47.26740367036638,5.4946701745664,38.462691221964796,68.56656599155383,True,7.0,2025-11-04,True,6.0,True,5.0,0.0,0.0,0.0,0.0,HEALTHY,MONITOR,MONITOR: Reorder Point breach projected in week 5. Review replenishment pipeline.,,,,False,False,Policy_B_LT,8,ENGINEERING_RECOMMENDATION_PENDING_BUSINESS_APPROVAL,Product 022,Home Decor,Table
2025-09-16,SKU023,True,2025-09-01,15,276.0,63.0,5.0,67.0,112.0,82.49643924402044,659.9715139521635,252.23742464646932,167.23742464646932,78.42495516404745,4.4249551640474465,-89.27327939405802,-182.9715139521635,-251.9715139521635,-320.9715139521635,189.23742464646932,-383.9715139521635,4.109268267897655,28.764877875283588,3.345598943775082,23.419192606425575,61.97326810966476,True,5.0,2025-10-21,True,4.0,True,3.0,0.0,0.0,0.0,0.0,HEALTHY,MONITOR,MONITOR: Reorder Point breach projected in week 3. Review replenishment pipeline.,,,,False,False,Policy_B_LT,8,ENGINEERING_RECOMMENDATION_PENDING_BUSINESS_APPROVAL,Product 023,Kitchen,Cushion
2025-09-16,SKU024,True,2025-09-01,15,75.0,99.0,3.0,46.0,87.0,78.09547615333534,624.7638092266827,90.54519651062195,11.545196510621963,-71.6531830059796,-149.6531830059796,-235.20849611633116,-320.7638092266827,-385.7638092266827,-450.7638092266827,-8.454803489378051,-549.7638092266827,2.228041988736485,15.596293921155393,0.9603629261795193,6.722540483256635,35.76634435259059,True,3.0,2025-10-07,True,2.0,True,2.0,0.0,0.0,0.0,0.0,HEALTHY,MONITOR,MONITOR: Reorder Point breach projected in week 2. Review replenishment pipeline.,,,,False,False,Policy_B_LT,8,ENGINEERING_RECOMMENDATION_PENDING_BUSINESS_APPROVAL,Product 024,Lighting,Cookware
2025-09-16,SKU025,True,2025-09-01,15,322.0,488.0,4.0,160.0,296.0,19.093930384981068,152.75144307984854,792.4761455737159,779.4761455737159,761.1970585070655,744.1970585070655,721.7228077136085,699.2485569201515,678.2485569201515,657.2485569201515,304.47614557371594,169.24855692015146,42.42185781912827,296.9530047338979,16.863997799702844,118.0479845979199,10.013631100733765,False,,,False,,False,,0.0,497.2485569201515,26.042231583251084,0.613887107308829,CRITICAL,OVERSTOCK,OVERSTOCK (CRITICAL): 497 excess units (26.0 weeks of cover above safety buffer). Defer future orders or review promotional clearance.,,,,False,False,Policy_B_LT,8,ENGINEERING_RECOMMENDATION_PENDING_BUSINESS_APPROVAL,Product 025,Storage,Lamp
2025-09-16,SKU026,True,2025-09-01,15,110.0,18.0,3.0,25.0,41.0,135.08423924295658,1080.6739139436527,-9.268533694629127,-142.26853369462913,-280.94588659990256,-412.94588659990256,-539.8099002717776,-666.6739139436526,-809.6739139436526,-952.6739139436527,-27.268533694629127,-970.6739139436527,0.947556877969937,6.632898145789559,0.8143066920054147,5.700146844037903,58.82937158341248,True,1.0,2025-09-23,True,1.0,True,1.0,0.0,0.0,0.0,0.0,HEALTHY,CRITICAL REORDER,CRITICAL REORDER: Stockout projected in week 1 (within lead time of 3 days). Expedite replenishment immediately.,,,,False,False,Policy_B_LT,8,ENGINEERING_RECOMMENDATION_PENDING_BUSINESS_APPROVAL,Product 026,Furniture,Shelf
2025-09-16,SKU027,True,2025-09-01,15,368.0,36.0,6.0,102.0,206.0,144.01232623634408,1152.0986098907526,250.61762240905205,94.61762240905205,-60.190620388799516,-181.19062038879952,-329.6446151397761,-478.09860989075264,-613.0986098907526,-748.0986098907526,214.61762240905205,-784.0986098907526,2.8053154237435227,19.63720796620466,2.555336821627763,17.887357751394344,131.47060936366967,True,3.0,2025-10-07,True,2.0,True,2.0,0.0,0.0,0.0,0.0,HEALTHY,MONITOR,MONITOR: Reorder Point breach projected in week 2. Review replenishment pipeline.,,,,False,False,Policy_B_LT,8,ENGINEERING_RECOMMENDATION_PENDING_BUSINESS_APPROVAL,Product 027,Home Decor,Cabinet
2025-09-16,SKU028,True,2025-09-01,15,149.0,313.0,3.0,103.0,159.0,33.6153251351371,268.9226010810968,426.2083689201239,398.2083689201239,360.71259178999696,326.71259178999696,288.8949953544501,251.07739891890319,222.07739891890319,193.0773989189032,113.20836892012389,-119.92260108109679,13.743731412464761,96.20611988725332,4.432502122201838,31.027514855412868,15.339270462804047,False,,,False,,False,,0.0,90.07739891890321,2.679652764231276,0.19497272493269094,HIGH,OVERSTOCK,OVERSTOCK (HIGH): 90 excess units (2.7 weeks of cover above safety buffer). Defer future orders or review promotional clearance.,,,,False,False,Policy_B_LT,8,ENGINEERING_RECOMMENDATION_PENDING_BUSINESS_APPROVAL,Product 028,Kitchen,Rug
2025-09-16,SKU029,True,2025-09-01,15,664.0,989.0,14.0,102.0,501.0,92.17611682493335,737.4089345994668,573.8688669142051,1473.8688669142052,1386.5181283888146,1280.5181283888146,1191.054596894674,1101.5910654005334,1008.5910654005332,915.5910654005332,573.8688669142051,-73.40893459946676,17.933061805364193,125.53143263754936,7.2036013543628705,50.42520948054009,179.1311330857949,False,,,False,,False,,0.0,813.5910654005332,8.826484488880741,0.492190602178181,CRITICAL,OVERSTOCK,OVERSTOCK (CRITICAL): 814 excess units (8.8 weeks of cover above safety buffer). Defer future orders or review promotional clearance.,,,,False,False,Policy_B_LT,8,ENGINEERING_RECOMMENDATION_PENDING_BUSINESS_APPROVAL,Product 029,Lighting,Organizer
2025-09-16,SKU030,True,2025-09-01,15,86.0,137.0,10.0,19.0,82.0,27.673994005539377,221.39195204431502,54.45333146398576,159.45333146398576,127.73547791784318,104.73547791784318,73.17176293676408,41.60804795568498,21.60804795568498,1.608047955684981,54.45333146398576,-135.39195204431502,8.058106826046256,56.40674778232379,3.1076107042151477,21.753274929506034,45.26095425029996,False,,,True,8.0,True,1.0,0.0,0.0,0.0,0.0,HEALTHY,REORDER,REORDER: Projected inventory breaches Reorder Point (82 units) in week 1 (within lead time of 10 days). Place PO now.,,,,False,False,Policy_B_LT,8,ENGINEERING_RECOMMENDATION_PENDING_BUSINESS_APPROVAL,Product 030,Storage,Sofa
2025-09-16,SKU031,True,2025-09-01,15,202.0,1.0,8.0,23.0,72.0,112.63904229092218,901.1123383273774,86.8644225368804,-31.135577463119603,-149.90350654026804,-254.90350654026804,-364.5079224338227,-474.1123383273774,-586.1123383273774,-698.1123383273774,86.8644225368804,-699.1123383273774,1.8022170276953802,12.61551919386766,1.793339111302792,12.553373779119545,132.1355774631196,True,2.0,2025-09-30,True,2.0,True,2.0,0.0,0.0,0.0,0.0,HEALTHY,CRITICAL REORDER,CRITICAL REORDER: Stockout projected in week 2 (within lead time of 8 days). Expedite replenishment immediately.,,,,False,False,Policy_B_LT,8,ENGINEERING_RECOMMENDATION_PENDING_BUSINESS_APPROVAL,Product 031,Furniture,Chair
2025-09-16,SKU032,True,2025-09-01,15,126.0,113.0,3.0,42.0,75.0,55.4855147615971,443.8841180927768,182.4963598124966,134.4963598124966,78.73519037890284,25.735190378902843,-37.57446385693697,-100.88411809277682,-152.88411809277682,-204.88411809277682,69.49635981249659,-317.8841180927768,4.3074305253705205,30.152013677593644,2.270862954797848,15.896040683584935,24.21584579464432,True,5.0,2025-10-21,True,4.0,True,4.0,0.0,0.0,0.0,0.0,HEALTHY,MONITOR,MONITOR: Reorder Point breach projected in week 4. Review replenishment pipeline.,,,,False,False,Policy_B_LT,8,ENGINEERING_RECOMMENDATION_PENDING_BUSINESS_APPROVAL,Product 032,Home Decor,Table
2025-09-16,SKU033,True,2025-09-01,15,371.0,95.0,8.0,40.0,131.0,104.84548171321069,838.7638537056855,261.04940923376756,244.04940923376756,126.22157415075975,34.22157415075975,-73.27113977746285,-180.7638537056855,-276.7638537056855,-372.7638537056855,261.04940923376756,-467.7638537056855,4.4446359765380645,31.11245183576645,3.538540659432665,24.769784616028655,125.95059076623244,True,5.0,2025-10-21,True,4.0,True,3.0,0.0,0.0,0.0,0.0,HEALTHY,MONITOR,MONITOR: Reorder Point breach projected in week 3. Review replenishment pipeline.,,,,False,False,Policy_B_LT,8,ENGINEERING_RECOMMENDATION_PENDING_BUSINESS_APPROVAL,Product 033,Kitchen,Cushion
2025-09-16,SKU034,True,2025-09-01,15,94.0,61.0,13.0,29.0,96.0,111.26266476525296,890.1013181220237,-25.678329230422165,-71.67832923042215,-193.45254492866434,-308.45254492866434,-424.776931525344,-541.1013181220237,-638.1013181220237,-735.1013181220237,-25.678329230422165,-796.1013181220237,1.3930998356638864,9.751698849647205,0.8448476422735828,5.91393349591508,211.39261494470787,True,1.0,2025-09-23,True,1.0,True,1.0,0.34219087644426505,0.0,0.0,0.0,HEALTHY,CRITICAL REORDER,CRITICAL REORDER: Stockout projected in week 1 (within lead time of 13 days). Expedite replenishment immediately.,,,,False,False,Policy_B_LT,8,ENGINEERING_RECOMMENDATION_PENDING_BUSINESS_APPROVAL,Product 034,Lighting,Cookware
2025-09-16,SKU035,True,2025-09-01,15,491.0,201.0,8.0,140.0,292.0,121.76608305324335,974.1286644259468,355.6621833523735,423.6621833523735,286.5135017117485,178.51350171174852,54.19241864290086,-70.1286644259468,-176.1286644259468,-282.1286644259468,355.6621833523735,-483.1286644259468,5.683027511835267,39.78119258284687,4.03232154380219,28.226250806615333,154.33781664762645,True,6.0,2025-10-28,True,5.0,True,3.0,0.0,0.0,0.0,0.0,HEALTHY,MONITOR,MONITOR: Reorder Point breach projected in week 3. Review replenishment pipeline.,,,,False,False,Policy_B_LT,8,ENGINEERING_RECOMMENDATION_PENDING_BUSINESS_APPROVAL,Product 035,Storage,Lamp
2025-09-16,SKU036,True,2025-09-01,15,300.0,447.0,8.0,119.0,261.0,33.54873085804268,268.38984686434145,266.5998496383441,680.599849638344,647.8853759139788,618.8853759139788,584.7477645248186,550.6101531356585,514.6101531356585,478.61015313565855,266.5998496383441,31.61015313565855,22.266117998944235,155.86282599260966,8.942216063833026,62.59551244683118,38.11443607594161,False,,,False,,False,,0.0,359.61015313565855,10.719038960290467,0.48140582749084143,CRITICAL,OVERSTOCK,OVERSTOCK (CRITICAL): 360 excess units (10.7 weeks of cover above safety buffer). Defer future orders or review promotional clearance.,,,,False,False,Policy_B_LT,8,ENGINEERING_RECOMMENDATION_PENDING_BUSINESS_APPROVAL,Product 036,Furniture,Shelf
2025-09-16,SKU037,True,2025-09-01,15,1077.0,263.0,14.0,239.0,816.0,144.05767138719784,1152.4613710975827,924.8910764121828,1042.8910764121829,892.3836301231203,757.3836301231203,604.4611295127687,451.53862890241714,319.53862890241714,187.53862890241726,924.8910764121828,-75.46137109758274,9.301830212140189,65.11281148498132,7.4761724913992404,52.333207439794684,297.10892358781723,False,,,True,8.0,True,4.0,0.0,0.0,0.0,0.0,HEALTHY,MONITOR,MONITOR: Reorder Point breach projected in week 4. Review replenishment pipeline.,,,,False,False,Policy_B_LT,8,ENGINEERING_RECOMMENDATION_PENDING_BUSINESS_APPROVAL,Product 037,Home Decor,Cabinet
2025-09-16,SKU038,True,2025-09-01,15,132.0,118.0,7.0,73.0,144.0,43.42182853418319,347.37462827346553,207.0510042033411,168.0510042033411,122.06128481247197,77.06128481247197,30.843328269503218,-15.374628273465532,-56.37462827346553,-97.37462827346553,89.05100420334111,-215.37462827346553,5.757472875726346,40.30231013008442,3.0399456783835106,21.279619748684574,42.9489957966589,True,6.0,2025-10-28,True,5.0,True,3.0,0.0,0.0,0.0,0.0,HEALTHY,MONITOR,MONITOR: Reorder Point breach projected in week 3. Review replenishment pipeline.,,,,False,False,Policy_B_LT,8,ENGINEERING_RECOMMENDATION_PENDING_BUSINESS_APPROVAL,Product 038,Kitchen,Rug
2025-09-16,SKU039,True,2025-09-01,15,67.0,150.0,14.0,32.0,107.0,18.169933038925688,145.3594643114055,48.639143324092544,173.63914332409254,151.3897803785359,136.3897803785359,113.0151580335652,89.6405356885945,80.6405356885945,71.6405356885945,48.639143324092544,-78.3594643114055,11.942806808099844,83.5996476566989,3.6874103969709195,25.811872778796438,43.360856675907456,False,,,False,,True,1.0,0.0,39.6405356885945,2.1816555737256738,0.18267527967094238,HIGH,REORDER,REORDER: Projected inventory breaches Reorder Point (107 units) in week 1 (within lead time of 14 days). Place PO now.,,,,False,False,Policy_B_LT,8,ENGINEERING_RECOMMENDATION_PENDING_BUSINESS_APPROVAL,Product 039,Lighting,Organizer
2025-09-16,SKU040,True,2025-09-01,15,32.0,122.0,11.0,29.0,84.0,96.42745906314042,771.4196725051233,-71.64139033959606,-37.64139033959606,-143.6518960158656,-237.6518960158656,-339.5357842604945,-441.41967250512334,-529.4196725051233,-617.4196725051233,-71.64139033959606,-739.4196725051233,1.5970554600962912,11.179388220674038,0.33185568002000854,2.32298976014006,153.92710462531033,True,1.0,2025-09-23,True,1.0,True,1.0,0.14695081782880026,0.0,0.0,0.0,HEALTHY,CRITICAL REORDER,CRITICAL REORDER: Stockout projected in week 1 (within lead time of 11 days). Expedite replenishment immediately.,,,,False,False,Policy_B_LT,8,ENGINEERING_RECOMMENDATION_PENDING_BUSINESS_APPROVAL,Product 040,Storage,Sofa
2025-09-16,SKU041,True,2025-09-01,15,324.0,195.0,3.0,96.0,143.0,70.3431383343625,562.7451066749,451.61228468252193,393.61228468252193,326.66172315908443,254.66172315908443,183.45830824209224,112.25489332510006,34.254893325100056,-43.745106674899944,256.61228468252193,-238.74510667489994,7.378118353676999,51.646828475739,4.6059929606769705,32.24195072473879,28.8804494217763,True,8.0,2025-11-11,True,7.0,True,6.0,0.0,0.0,0.0,0.0,HEALTHY,MONITOR,MONITOR: Reorder Point breach projected in week 6. Review replenishment pipeline.,,,,False,False,Policy_B_LT,8,ENGINEERING_RECOMMENDATION_PENDING_BUSINESS_APPROVAL,Product 041,Furniture,Chair
2025-09-16,SKU042,True,2025-09-01,15,206.0,190.0,13.0,41.0,123.0,138.67389829254637,1109.391186340371,54.250781433066436,110.25078143306644,-40.288158996621064,-165.28815899662106,-304.33967266849606,-443.39118634037106,-578.3911863403711,-713.391186340371,54.250781433066436,-903.391186340371,2.855620306891486,19.989342148240404,1.485499452574864,10.398496168024048,266.60636142407645,True,3.0,2025-10-07,True,3.0,True,1.0,0.0,0.0,0.0,0.0,HEALTHY,REORDER,REORDER: Projected inventory breaches Reorder Point (123 units) in week 1 (within lead time of 13 days). Place PO now.,,,,False,False,Policy_B_LT,8,ENGINEERING_RECOMMENDATION_PENDING_BUSINESS_APPROVAL,Product 042,Home Decor,Table
2025-09-16,SKU043,True,2025-09-01,15,617.0,326.0,12.0,66.0,320.0,131.10650027679392,1048.8520022143514,478.25001804932043,663.2500180493205,525.893450666508,396.893450666508,257.5207242260783,118.14799778564861,6.147997785648613,-105.85200221435139,478.25001804932043,-431.8520022143514,7.192625827164365,50.34838079015056,4.706097704517936,32.94268393162555,239.46426766496526,True,8.0,2025-11-11,True,7.0,True,5.0,0.0,0.0,0.0,0.0,HEALTHY,MONITOR,MONITOR: Reorder Point breach projected in week 5. Review replenishment pipeline.,,,,False,False,Policy_B_LT,8,ENGINEERING_RECOMMENDATION_PENDING_BUSINESS_APPROVAL,Product 043,Kitchen,Cushion
2025-09-16,SKU044,True,2025-09-01,15,87.0,101.0,6.0,35.0,78.0,60.88105227296779,487.04841818374234,128.31869302231232,60.31869302231232,-0.0519582228048705,-46.05195822280487,-108.55018820327359,-171.04841818374234,-235.04841818374234,-299.04841818374234,27.31869302231231,-400.04841818374234,3.0879886759689787,21.61592073178285,1.429016036219687,10.00311225353781,51.15540598087516,True,3.0,2025-10-07,True,3.0,True,2.0,0.0,0.0,0.0,0.0,HEALTHY,MONITOR,MONITOR: Reorder Point breach projected in week 2. Review replenishment pipeline.,,,,False,False,Policy_B_LT,8,ENGINEERING_RECOMMENDATION_PENDING_BUSINESS_APPROVAL,Product 044,Lighting,Cookware
2025-09-16,SKU045,True,2025-09-01,15,104.0,279.0,9.0,82.0,217.0,150.67154230830772,1205.3723384664618,-58.181801967438474,45.818198032561554,-116.05388753872751,-248.0538875387275,-401.2131130025947,-554.3723384664619,-688.3723384664618,-822.3723384664618,-58.181801967438474,-1101.3723384664618,2.5419531394740504,17.793671976318354,0.6902431501443896,4.831702051010727,212.1818019674385,True,1.0,2025-09-23,True,1.0,True,1.0,0.0,0.0,0.0,0.0,HEALTHY,CRITICAL REORDER,CRITICAL REORDER: Stockout projected in week 1 (within lead time of 9 days). Expedite replenishment immediately.,,,,False,False,Policy_B_LT,8,ENGINEERING_RECOMMENDATION_PENDING_BUSINESS_APPROVAL,Product 045,Storage,Lamp
2025-09-16,SKU046,True,2025-09-01,15,323.0,23.0,5.0,62.0,122.0,58.1730551139943,465.3844409119544,287.7977986205163,233.7977986205163,175.07369660025262,120.07369660025262,59.3446278441491,-1.3844409119544139,-60.384440911954414,-119.38444091195441,264.7977986205163,-142.3844409119544,5.947770824860204,41.63439577402143,5.552398775808803,38.86679143066162,41.57300098534551,True,6.0,2025-10-28,True,5.0,True,4.0,0.0,0.0,0.0,0.0,HEALTHY,MONITOR,MONITOR: Reorder Point breach projected in week 4. Review replenishment pipeline.,,,,False,False,Policy_B_LT,8,ENGINEERING_RECOMMENDATION_PENDING_BUSINESS_APPROVAL,Product 046,Furniture,Shelf
2025-09-16,SKU047,True,2025-09-01,15,176.0,21.0,5.0,20.0,49.0,91.88894413618921,735.1115530895137,104.05516443978318,-2.944835560216802,-90.55326451529493,-173.55326451529493,-265.8324088024043,-358.1115530895137,-448.1115530895137,-538.1115530895137,83.05516443978318,-559.1115530895137,2.1438923022994474,15.007246116096132,1.915355559414735,13.407488915903144,66.38916825729773,True,2.0,2025-09-30,True,2.0,True,2.0,0.0,0.0,0.0,0.0,HEALTHY,MONITOR,MONITOR: Reorder Point breach projected in week 2. Review replenishment pipeline.,,,,False,False,Policy_B_LT,8,ENGINEERING_RECOMMENDATION_PENDING_BUSINESS_APPROVAL,Product 047,Home Decor,Cabinet
2025-09-16,SKU048,True,2025-09-01,15,99.0,22.0,5.0,15.0,30.0,53.89215215171555,431.1372172137244,65.6053479413049,18.6053479413049,-40.34962718686893,-88.34962718686893,-145.24342220029666,-202.1372172137244,-256.1372172137244,-310.1372172137244,43.605347941304906,-332.1372172137244,2.245224864269003,15.71657404988302,1.8370021616746388,12.859015131722472,39.56760861335364,True,3.0,2025-10-07,True,3.0,True,2.0,0.0,0.0,0.0,0.0,HEALTHY,MONITOR,MONITOR: Reorder Point breach projected in week 2. Review replenishment pipeline.,,,,False,False,Policy_B_LT,8,ENGINEERING_RECOMMENDATION_PENDING_BUSINESS_APPROVAL,Product 048,Kitchen,Rug
2025-09-16,SKU049,True,2025-09-01,15,349.0,247.0,10.0,136.0,408.0,156.36283964041914,1250.902717123353,186.95987748113907,266.9598774811391,105.32814835516251,-43.67185164483749,-199.2872843840953,-354.9027171233531,-504.9027171233531,-654.9027171233531,186.95987748113907,-901.9027171233531,3.8116473285506673,26.681531299854672,2.231988116886213,15.62391681820349,233.6115510902895,True,4.0,2025-10-14,True,3.0,True,1.0,0.0,0.0,0.0,0.0,HEALTHY,REORDER,REORDER: Projected inventory breaches Reorder Point (408 units) in week 1 (within lead time of 10 days). Place PO now.,,,,False,False,Policy_B_LT,8,ENGINEERING_RECOMMENDATION_PENDING_BUSINESS_APPROVAL,Product 049,Lighting,Organizer
2025-09-16,SKU050,True,2025-09-01,15,405.0,45.0,14.0,113.0,355.0,32.75158173033003,262.01265384264025,373.02831982068983,398.02831982068983,363.2713885157582,325.2713885157582,291.62936733655897,257.98734615735975,222.98734615735972,187.98734615735975,373.02831982068983,142.98734615735975,13.739794422913981,96.17856096039787,12.365814980622583,86.56070486435807,51.9716801793102,False,,,False,,True,4.0,0.0,74.98734615735975,2.2895793789378036,0.166638547016355,HIGH,MONITOR,MONITOR: Reorder Point breach projected in week 4. Review replenishment pipeline.,,,,False,False,Policy_B_LT,8,ENGINEERING_RECOMMENDATION_PENDING_BUSINESS_APPROVAL,Product 050,Storage,Sofa
